node idx,drug id,pubchem_cid,smiles
0,DB00001,,
1,DB00002,,
2,DB00004,,
3,DB00005,,
4,DB00006,101041682.0,CCC(C)C(C(=O)N1CCCC1C(=NC(CCC(=O)O)C(=NC(CCC(=O)O)C(=NC(CC2=CC=C(C=C2)O)C(=NC(CC(C)C)C(=O)O)O)O)O)O)N=C(C(CCC(=O)O)N=C(C(CCC(=O)O)N=C(C(CC3=CC=CC=C3)N=C(C(CC(=O)O)N=C(CN=C(C(CC(=N)O)N=C(CN=C(CN=C(CN=C(CN=C(C4CCCN4C(=O)C(CCCNC(=N)N)N=C(C5CCCN5C(=O)C(CC6=CC=CC=C6)N)O)O)O)O)O)O)O)O)O)O)O)O
5,DB00007,,
6,DB00008,,
7,DB00009,,
8,DB00011,,
9,DB00012,,
10,DB00013,,
11,DB00014,5311128.0,CC(C)CC(C(=O)NC(CCCN=C(N)N)C(=O)N1CCCC1C(=O)NNC(=O)N)NC(=O)C(COC(C)(C)C)NC(=O)C(CC2=CC=C(C=C2)O)NC(=O)C(CO)NC(=O)C(CC3=CNC4=CC=CC=C43)NC(=O)C(CC5=CN=CN5)NC(=O)C6CCC(=O)N6
12,DB00015,,
13,DB00016,,
14,DB00017,,
15,DB00018,,
16,DB00019,,
17,DB00020,,
18,DB00022,,
19,DB00023,,
20,DB00024,,
21,DB00025,,
22,DB00026,,
23,DB00027,45267103.0,CC(C)CC(C(=O)NC(C)C(=O)NC(C(C)C)C(=O)NC(C(C)C)C(=O)NC(C(C)C)C(=O)NC(CC1=CNC2=CC=CC=C21)C(=O)NC(CC(C)C)C(=O)NC(CC3=CNC4=CC=CC=C43)C(=O)NC(CC(C)C)C(=O)NC(CC5=CNC6=CC=CC=C65)C(=O)NC(CC(C)C)C(=O)NC(CC7=CNC8=CC=CC=C87)C(=O)NCCO)NC(=O)CNC(=O)C(C(C)C)NC=O
24,DB00028,,
25,DB00029,,
26,DB00030,,
27,DB00031,,
28,DB00033,,
29,DB00034,,
30,DB00035,5311065.0,C1CC(N(C1)C(=O)C2CSSCCC(=O)NC(C(=O)NC(C(=O)NC(C(=O)NC(C(=O)N2)CC(=O)N)CCC(=O)N)CC3=CC=CC=C3)CC4=CC=C(C=C4)O)C(=O)NC(CCCN=C(N)N)C(=O)NCC(=O)N
31,DB00036,,
32,DB00039,,
33,DB00040,,
34,DB00041,,
35,DB00042,,
36,DB00043,,
37,DB00046,,
38,DB00047,,
39,DB00048,,
40,DB00049,,
41,DB00051,,
42,DB00052,,
43,DB00054,,
44,DB00055,,
45,DB00056,,
46,DB00057,,
47,DB00058,,
48,DB00059,,
49,DB00060,,
50,DB00061,,
51,DB00063,,
52,DB00065,,
53,DB00066,,
54,DB00067,,
55,DB00068,,
56,DB00069,,
57,DB00070,,
58,DB00071,,
59,DB00072,,
60,DB00073,,
61,DB00074,,
62,DB00075,,
63,DB00076,,
64,DB00078,,
65,DB00080,21585658.0,CCCCCCCCCC(=O)NC(CC1=CNC2=CC=CC=C21)C(=O)NC(CC(=O)N)C(=O)NC(CC(=O)O)C(=O)NC3C(OC(=O)C(NC(=O)C(NC(=O)C(NC(=O)CNC(=O)C(NC(=O)C(NC(=O)C(NC(=O)C(NC(=O)CNC3=O)CCCN)CC(=O)O)C)CC(=O)O)CO)C(C)CC(=O)O)CC(=O)C4=CC=CC=C4N)C
66,DB00081,,
67,DB00082,,
68,DB00083,,
69,DB00085,,
70,DB00086,,
71,DB00087,,
72,DB00089,,
73,DB00091,5284373.0,CCC1C(=O)N(CC(=O)N(C(C(=O)NC(C(=O)N(C(C(=O)NC(C(=O)NC(C(=O)N(C(C(=O)N(C(C(=O)N(C(C(=O)N(C(C(=O)N1)C(C(C)CC=CC)O)C)C(C)C)C)CC(C)C)C)CC(C)C)C)C)C)CC(C)C)C)C(C)C)CC(C)C)C)C
74,DB00092,,
75,DB00093,,
76,DB00095,,
77,DB00098,,
78,DB00099,,
79,DB00100,,
80,DB00103,,
81,DB00104,,
82,DB00105,,
83,DB00107,,
84,DB00108,,
85,DB00109,,
86,DB00110,,
87,DB00111,,
88,DB00112,,
89,DB00113,,
90,DB00115,166596686.0,CC1=CC2=C(C=C1C)[N+](=CN2)C3C(C(C(O3)CO)OP(=O)(O)OC(C)CNC(=O)CCC4(C(C5C6(C(C(C(=N6)C(=C7C(C(C(=CC8=NC(=C(C4=N5)C)C(C8(C)C)CCC(=N)[O-])N7)CCC(=N)[O-])(C)CC(=O)N)C)CCC(=N)[O-])(C)CC(=O)N)C)CC(=O)N)C)O.[C]#N.[Co+2]
91,DB00116,135444742.0,C1C(NC2=C(N1)N=C(NC2=O)N)CNC3=CC=C(C=C3)C(=O)NC(CCC(=O)O)C(=O)O
92,DB00118,34755.0,C[S+](CCC(C(=O)[O-])N)CC1C(C(C(O1)N2C=NC3=C(N=CN=C32)N)O)O
93,DB00120,6140.0,C1=CC=C(C=C1)CC(C(=O)O)N
94,DB00122,305.0,C[N+](C)(C)CCO
95,DB00126,54670067.0,C(C(C1C(=C(C(=O)O1)O)O)O)O
96,DB00127,1103.0,C(CCNCCCN)CNCCCN
97,DB00130,5961.0,C(CC(=O)N)C(C(=O)O)N
98,DB00132,5280934.0,CCC=CCC=CCC=CCCCCCCCC(=O)O
99,DB00134,6137.0,CSCCC(C(=O)O)N
100,DB00136,5280453.0,CC(CCCC(C)(C)O)C1CCC2C1(CCCC2=CC=C3CC(CC(C3=C)O)O)C
101,DB00139,1110.0,C(CC(=O)O)C(=O)O
102,DB00140,493570.0,CC1=CC2=C(C=C1C)N(C3=NC(=O)NC(=O)C3=N2)CC(C(C(CO)O)O)O
103,DB00142,44272391.0,C(CC(=O)O)C(C(=O)[O-])[NH3+]
104,DB00145,750.0,C(C(=O)O)N
105,DB00146,5283731.0,CC(CCCC(C)(C)O)C1CCC2C1(CCCC2=CC=C3CC(CCC3=C)O)C
106,DB00150,6305.0,C1=CC=C2C(=C1)C(=CN2)CC(C(=O)O)N
107,DB00152,1130.0,CC1=C(SC=[N+]1CC2=CN=C(N=C2N)C)CCO
108,DB00153,5280793.0,CC(C)C(C)C=CC(C)C1CCC2C1(CCCC2=CC=C3CC(CCC3=C)O)C
109,DB00155,6992098.0,C(CC(C(=O)[O-])[NH3+])CNC(=O)N
110,DB00158,6037.0,C1=CC(=CC=C1C(=O)NC(CCC(=O)O)C(=O)O)NCC2=CN=C3C(=N2)C(=O)N=C(N3)N
111,DB00159,446284.0,CCC=CCC=CCC=CCC=CCC=CCCCC(=O)O
112,DB00162,445354.0,CC1=C(C(CCC1)(C)C)C=CC(=CC=CC(=CCO)C)C
113,DB00163,14985.0,CC1=C(C2=C(CCC(O2)(C)CCCC(C)CCCC(C)CCCC(C)C)C(=C1O)C)C
114,DB00165,1054.0,CC1=NC=C(C(=C1O)CO)CO
115,DB00166,6112.0,C1CSSC1CCCCC(=O)O
116,DB00168,134601.0,COC(=O)C(CC1=CC=CC=C1)NC(=O)C(CC(=O)O)N
117,DB00169,5280795.0,CC(C)CCCC(C)C1CCC2C1(CCCC2=CC=C3CC(CCC3=C)O)C
118,DB00170,4055.0,CC1=CC(=O)C2=CC=CC=C2C1=O
119,DB00173,190.0,C1=NC2=NC=NC(=C2N1)N
120,DB00175,54687.0,CCC(C)C(=O)OC1CC(C=C2C1C(C(C=C2)C)CCC(CC(CC(=O)O)O)O)O
121,DB00176,5324346.0,COCCCCC(=NOCCN)C1=CC=C(C=C1)C(F)(F)F
122,DB00177,60846.0,CCCCC(=O)N(CC1=CC=C(C=C1)C2=CC=CC=C2C3=NNN=N3)C(C(C)C)C(=O)O
123,DB00178,6992028.0,CCOC(=O)C(CCC1=CC=CC=C1)[NH2+]C(C)C(=O)N2C3CCCC3CC2C(=O)[O-]
124,DB00179,71398.0,CC(CC1=CC(=C(C=C1)O)O)C(C)CC2=CC(=C(C=C2)O)O
125,DB00180,82153.0,CC1(OC2CC3C4CC(C5=CC(=O)C=CC5(C4C(CC3(C2(O1)C(=O)CO)C)O)C)F)C
126,DB00181,78422631.0,C1=CC(=CC=C1C(CC(=O)[O-])C[NH3+])Cl
127,DB00182,3007.0,CC(CC1=CC=CC=C1)N
128,DB00184,89594.0,CN1CCCC1C2=CN=CC=C2
129,DB00185,25137844.0,CC1OC2(CN3CCC2CC3)CS1
130,DB00186,3958.0,C1=CC=C(C(=C1)C2=NC(C(=O)NC3=C2C=C(C=C3)Cl)O)Cl
131,DB00187,59768.0,CC(C)NCC(COC1=CC=C(C=C1)CCC(=O)OC)O
132,DB00188,387447.0,B(C(CC(C)C)NC(=O)C(CC1=CC=CC=C1)NC(=O)C2=NC=CN=C2)(O)O
133,DB00189,5281077.0,CCC(C=CCl)(C#C)O
134,DB00190,28082766.0,CC(CC1=CC(=C(C=C1)O)O)(C(=O)[O-])N[NH3+]
135,DB00191,4771.0,CC(C)(CC1=CC=CC=C1)N
136,DB00193,5523.0,CN(C)CC1CCCCC1(C2=CC(=CC=C2)OC)O
137,DB00194,21704.0,C1=NC(=C2C(=N1)N(C=N2)C3C(C(C(O3)CO)O)O)N
138,DB00195,2369.0,CC(C)NCC(COC1=CC=C(C=C1)CCOCC2CC2)O
139,DB00196,3365.0,C1=CC(=C(C=C1F)F)C(CN2C=NC=N2)(CN3C=NC=N3)O
140,DB00197,5591.0,CC1=C(C2=C(CCC(O2)(C)COC3=CC=C(C=C3)CC4C(=O)NC(=O)S4)C(=C1O)C)C
141,DB00198,65028.0,CCC(CC)OC1C=C(CC(C1NC(=O)C)N)C(=O)OCC
142,DB00199,12560.0,CCC1C(C(C(C(=O)C(CC(C(C(C(C(C(=O)O1)C)OC2CC(C(C(O2)C)O)(C)OC)C)OC3C(C(CC(O3)C)N(C)C)O)(C)O)C)C)O)(C)O
143,DB00200,44475014.0,CC1=CC2=C(C=C1C)N(C=N2)C3C(C(C(O3)CO)OP(=O)([O-])OC(C)CNC(=O)CCC4(C(C5C6(C(C(C(=N6)C(=C7C(C(C(=N7)C=C8C(C(C(=N8)C(=C4[N-]5)C)CCC(=O)N)(C)C)CCC(=O)N)(C)CC(=O)N)C)CCC(=O)N)(C)CC(=O)N)C)CC(=O)N)C)O.[OH-].[Co+3]
144,DB00201,2519.0,CN1C=NC2=C1C(=O)N(C(=O)N2C)C
145,DB00202,5314.0,C[N+](C)(C)CCOC(=O)CCC(=O)OCC[N+](C)(C)C
146,DB00203,135398744.0,CCCC1=NN(C2=C1N=C(NC2=O)C3=C(C=CC(=C3)S(=O)(=O)N4CCN(CC4)C)OCC)C
147,DB00204,71329.0,CN(CCC1=CC=C(C=C1)NS(=O)(=O)C)CCOC2=CC=C(C=C2)NS(=O)(=O)C
148,DB00205,4993.0,CCC1=C(C(=NC(=N1)N)N)C2=CC=C(C=C2)Cl
149,DB00206,5770.0,COC1C(CC2CN3CCC4=C(C3CC2C1C(=O)OC)NC5=C4C=CC(=C5)OC)OC(=O)C6=CC(=C(C(=C6)OC)OC)OC
150,DB00207,447043.0,CCC1C(C(C(N(CC(CC(C(C(C(C(C(=O)O1)C)OC2CC(C(C(O2)C)O)(C)OC)C)OC3C(C(CC(O3)C)N(C)C)O)(C)O)C)C)C)O)(C)O
151,DB00208,5472.0,C1CN(CC2=C1SC=C2)CC3=CC=CC=C3Cl
152,DB00209,,
153,DB00210,60164.0,COC1=C(C=C(C=C1)C2=CC3=C(C=C2)C=C(C=C3)C(=O)O)C45CC6CC(C4)CC(C6)C5
154,DB00211,4195.0,COC1=CC(=C(C=C1)OC)C(CNC(=O)CN)O
155,DB00212,6324659.0,CC(C)(C)S(=O)(=O)CC(CC1=CC=CC=C1)C(=O)NC(CC2=CN=CN2)C(=O)NC(CC3CCCCC3)C(C(C4CC4)O)O
156,DB00213,4679.0,COC1=C(C(=NC=C1)CS(=O)C2=NC3=C(N2)C=C(C=C3)OC(F)F)OC
157,DB00214,41781.0,CC1=CC(=CC=C1)NC2=C(C=NC=C2)S(=O)(=O)NC(=O)NC(C)C
158,DB00215,2771.0,CN(C)CCCC1(C2=C(CO1)C=C(C=C2)C#N)C3=CC=C(C=C3)F
159,DB00216,77993.0,CN1CCCC1CC2=CNC3=C2C=C(C=C3)CCS(=O)(=O)C4=CC=CC=C4
160,DB00217,2368.0,CNC(=NC)NCC1=CC=CC=C1
161,DB00218,40467042.0,COC1=C2C(=CC(=C1N3CC4CCC[NH2+]C4C3)F)C(=O)C(=CN2C5CC5)C(=O)[O-]
162,DB00219,5749.0,CC[N+](C)(CC)CCOC(=O)C(C1CCCCC1)(C2=CC=CC=C2)O
163,DB00220,64143.0,CC1=C(C=CC=C1O)C(=O)NC(CSC2=CC=CC=C2)C(CN3CC4CCCCC4CC3C(=O)NC(C)(C)C)O
164,DB00221,3762.0,CCC(C(C1=CC(=C(C=C1)O)O)O)NC(C)C
165,DB00222,,
166,DB00223,71415.0,CC1CC2C3CC(C4=CC(=O)C=CC4(C3(C(CC2(C1(C(=O)CO)O)C)O)F)C)F
167,DB00224,5362440.0,CC(C)(C)NC(=O)C1CN(CCN1CC(CC(CC2=CC=CC=C2)C(=O)NC3C(CC4=CC=CC=C34)O)O)CC5=CN=CC=C5
168,DB00225,153921.0,CNC(=O)CN(CCN(CCN(CC(=O)NC)CC(=O)[O-])CC(=O)[O-])CC(=O)[O-].[Gd+3]
169,DB00226,38521.0,C1CCC2(CC1)OCC(O2)CN=C(N)N
170,DB00227,53232.0,CCC(C)C(=O)OC1CC(C=C2C1C(C(C=C2)C)CCC3CC(CC(=O)O3)O)C
171,DB00228,3226.0,C(C(OC(F)F)(F)F)(F)Cl
172,DB00229,43708.0,CN(C)CCN1C(=NN=N1)SCC2=C(N3C(C(C3=O)NC(=O)CC4=CSC(=N4)N)SC2)C(=O)O
173,DB00230,5486971.0,CC(C)CC(CC(=O)O)CN
174,DB00231,5391.0,CN1C2=C(C=C(C=C2)Cl)C(=NC(C1=O)O)C3=CC=CC=C3
175,DB00232,4121.0,CN1C(NC2=CC(=C(C=C2S1(=O)=O)S(=O)(=O)N)Cl)CCl
176,DB00233,4649.0,C1=CC(=C(C=C1N)O)C(=O)O
177,DB00234,127151.0,CCOC1=CC=CC=C1OC(C2CNCCO2)C3=CC=CC=C3
178,DB00235,4197.0,CC1=C(C=C(C(=O)N1)C#N)C2=CC=NC=C2
179,DB00236,4842.0,C1CN(CCN1C(=O)CCBr)C(=O)CCBr
180,DB00237,2479.0,CCC(C)C1(C(=O)NC(=O)NC1=O)CC
181,DB00238,4463.0,CC1=C2C(=NC=C1)N(C3=C(C=CC=N3)C(=O)N2)C4CC4
182,DB00239,5353853.0,C1=CC(=C(C=C1Cl)Cl)CON=C(CN2C=CN=C2)C3=C(C=C(C=C3)Cl)Cl
183,DB00240,5311000.0,CC1CC2C3C(CC4=CC(=O)C=CC4(C3C(CC2(C1(C(=O)CO)O)C)O)C)Cl
184,DB00241,2481.0,CC(C)CC1(C(=O)NC(=O)NC1=O)CC=C
185,DB00242,20279.0,C1C(C(OC1N2C=NC3=C(N=C(N=C32)Cl)N)CO)O
186,DB00243,56959.0,CC1=C(C(=CC=C1)C)NC(=O)CN2CCN(CC2)CC(COC3=CC=CC=C3OC)O
187,DB00244,4075.0,C1=CC(=C(C=C1N)C(=O)O)O
188,DB00245,,
189,DB00246,60854.0,C1CN(CCN1CCC2=C(C=C3C(=C2)CC(=O)N3)Cl)C4=NSC5=CC=CC=C54
190,DB00247,6540428.0,CCC(CO)NC(=O)C1CN(C2CC3=CN(C4=CC=CC(=C34)C2=C1)C)C
191,DB00248,54746.0,CCNC(=O)N(CCCN(C)C)C(=O)C1CC2C(CC3=CNC4=CC=CC2=C34)N(C1)CC=C
192,DB00250,2955.0,C1=CC(=CC=C1N)S(=O)(=O)C2=CC=C(C=C2)N
193,DB00252,1775.0,C1=CC=C(C=C1)C2(C(=O)NC(=O)N2)C3=CC=CC=C3
194,DB00253,247839.0,CC1CC2C3CCC(C3(CC(C2C4(C1=CC(=O)CC4)C)O)C)C(=O)C
195,DB00254,,
196,DB00255,448537.0,CCC(=C(CC)C1=CC=C(C=C1)O)C2=CC=C(C=C2)O
197,DB00256,,
198,DB00257,2812.0,C1=CC=C(C=C1)C(C2=CC=CC=C2)(C3=CC=CC=C3Cl)N4C=CN=C4
199,DB00258,517040.0,CC(=O)[O-].CC(=O)[O-].[Ca+2]
200,DB00259,129828936.0,C1=CC(=CC=C1N)S(=N)(=O)O
201,DB00260,51670069.0,C1C(C(=NO1)[O-])[NH3+]
202,DB00261,135409400.0,C1C2=C(C=CC(=C2Cl)Cl)N=C3N1CC(=O)N3
203,DB00262,2578.0,C(CCl)NC(=O)N(CCCl)N=O
204,DB00263,5344.0,CC1=C(ON=C1C)NS(=O)(=O)C2=CC=C(C=C2)N
205,DB00264,4171.0,CC(C)NCC(COC1=CC=C(C=C1)CCOC)O
206,DB00266,54676038.0,C1=CC=C2C(=C1)C(=C(C(=O)O2)CC3=C(C4=CC=CC=C4OC3=O)O)O
207,DB00267,9570757.0,CN1C(=NN=N1)SCC2=C(N3C(C(C3=O)NC(=O)C(=NOC)C4=CSC(=N4)N)SC2)C(=O)O
208,DB00268,5095.0,CCCN(CCC)CCC1=C2CC(=O)NC2=CC=C1
209,DB00269,11289.0,COC1=CC=C(C=C1)C(=C(C2=CC=C(C=C2)OC)Cl)C3=CC=C(C=C3)OC
210,DB00270,3784.0,CC1=C(C(C(=C(N1)C)C(=O)OC(C)C)C2=CC=CC3=NON=C32)C(=O)OC
211,DB00271,2140.0,CC(=O)NC1=C(C(=C(C(=C1I)C(=O)O)I)NC(=O)C)I
212,DB00273,5284627.0,CC1(OC2COC3(C(C2O1)OC(O3)(C)C)COS(=O)(=O)N)C
213,DB00274,42008.0,CN1C(=NN=N1)SCC2=C(N3C(C(C3=O)(NC(=O)CSCC#N)OC)SC2)C(=O)O
214,DB00275,158781.0,CCCC1=NC(=C(N1CC2=CC=C(C=C2)C3=CC=CC=C3C4=NNN=N4)C(=O)O)C(C)(C)O
215,DB00276,2179.0,COC1=C(C=CC(=C1)NS(=O)(=O)C)NC2=C3C=CC=CC3=NC4=CC=CC=C42
216,DB00277,2153.0,CN1C2=C(C(=O)N(C1=O)C)NC=N2
217,DB00278,92722.0,CC1CCN(C(C1)C(=O)O)C(=O)C(CCCN=C(N)N)NS(=O)(=O)C2=CC=CC3=C2NCC(C3)C
218,DB00279,5920.0,C1=CC(=C(C=C1OC2=C(C=C(C=C2I)CC(C(=O)O)N)I)I)O
219,DB00280,3114.0,CC(C)N(CCC(C1=CC=CC=C1)(C2=CC=CC=N2)C(=O)N)C(C)C
220,DB00281,3676.0,CCN(CC)CC(=O)NC1=C(C=CC=C1C)C
221,DB00282,4674.0,C(CN)C(O)(P(=O)(O)O)P(=O)(O)O
222,DB00283,26987.0,CC(C1=CC=CC=C1)(C2=CC=C(C=C2)Cl)OCCC3CCCN3C
223,DB00284,9811704.0,CC1C(C(C(C(O1)OC2C(OC(C(C2O)O)OC(C(CO)O)C(C(C=O)O)O)CO)O)O)NC3C=C(C(C(C3O)O)O)CO
224,DB00285,5656.0,CN(C)CC(C1=CC=C(C=C1)OC)C2(CCCCC2)O
225,DB00286,,
226,DB00287,5282226.0,CC(C)OC(=O)CCCC=CCC1C(CC(C1C=CC(COC2=CC=CC(=C2)C(F)(F)F)O)O)O
227,DB00288,443958.0,CC(=O)OCC(=O)C12C(CC3C1(CC(C4(C3CCC5=CC(=O)C=CC54C)F)O)C)OC6(O2)CCCC6
228,DB00289,54841.0,CC1=CC=CC=C1OC(CCNC)C2=CC=CC=C2
229,DB00290,5360373.0,CC1=C(N=C(N=C1N)C(CC(=O)N)NCC(C(=O)N)N)C(=O)NC(C(C2=CN=CN2)OC3C(C(C(C(O3)CO)O)O)OC4C(C(C(C(O4)CO)O)OC(=O)N)O)C(=O)NC(C)C(C(C)C(=O)NC(C(C)O)C(=O)NCCC5=NC(=CS5)C6=NC(=CS6)C(=O)NCCC[S+](C)C)O
230,DB00291,2708.0,C1=CC(=CC=C1CCCC(=O)O)N(CCCl)CCCl
231,DB00292,667484.0,CCOC(=O)C1=CN=CN1C(C)C2=CC=CC=C2
232,DB00293,135400182.0,CC1=NC2=C(C=C(C=C2)CN(C)C3=CC=C(S3)C(=O)NC(CCC(=O)O)C(=O)O)C(=O)N1
233,DB00294,6917715.0,CCC12CC(=C)C3C(C1CCC2(C#C)O)CCC4=CC(=O)CCC34
234,DB00295,5288826.0,CN1CCC23C4C1CC5=C2C(=C(C=C5)O)OC3C(C=C4)O
235,DB00296,175805.0,CCCN1CCCCC1C(=O)NC2=C(C=CC=C2C)C
236,DB00297,2474.0,CCCCN1CCCCC1C(=O)NC2=C(C=CC=C2C)C
237,DB00298,3033538.0,CC1=CC=CC=C1N2CCN(CC2)CCC3=NN=C4N3CCCC4
238,DB00299,135398748.0,C1=NC2=C(N1CCC(CO)CO)N=C(NC2=O)N
239,DB00300,5481350.0,CC(C)OC(=O)OCOP(=O)(COC(C)CN1C=NC2=C(N=CN=C21)N)OCOC(=O)OC(C)C
240,DB00301,21319.0,CC1=C(C(=NO1)C2=C(C=CC=C2Cl)F)C(=O)NC3C4N(C3=O)C(C(S4)(C)C)C(=O)O
241,DB00302,,
242,DB00303,150610.0,CC1C2C(C(=O)N2C(=C1SC3CC(NC3)C(=O)NC4=CC=CC(=C4)C(=O)O)C(=O)O)C(C)O
243,DB00304,40973.0,CCC12CC(=C)C3C(C1CCC2(C#C)O)CCC4=CCCCC34
244,DB00305,5746.0,CC1=C(C(=O)C2=C(C1=O)N3CC4C(C3(C2COC(=O)N)OC)N4)N
245,DB00306,8275.0,CCC(C)C1(C(=O)NC(=O)NC1=O)CC=C
246,DB00307,82146.0,CC1=CC2=C(C=C1C(=C)C3=CC=C(C=C3)C(=O)O)C(CCC2(C)C)(C)C
247,DB00308,60753.0,CCCCCCCN(CC)CCCC(C1=CC=C(C=C1)NS(=O)(=O)C)O
248,DB00309,11643449.0,CCC1(CC2CC(C3=C(CCN(C2)C1)C4=CC=CC=C4N3)(C5=C(C=C6C(=C5)C78CCN9C7C(C=CC9)(C(C(C8N6C)(C(=O)N)O)O)CC)OC)C(=O)OC)O
249,DB00310,2732.0,C1=CC=C2C(=C1)C(=O)NC2(C3=CC(=C(C=C3)Cl)S(=O)(=O)N)O
250,DB00311,3295.0,CCOC1=CC2=C(C=C1)N=C(S2)S(=O)(=O)N
251,DB00312,4737.0,CCCC(C)C1(C(=O)NC(=O)NC1=O)CC
252,DB00313,3121.0,CCCC(CCC)C(=O)O
253,DB00314,3000502.0,CC1C(=O)NC(C(=O)NC(=CNC(=O)N)C(=O)NC(C(=O)NCC(C(=O)N1)N)C2CCN=C(N2)N)CNC(=O)CC(CCCN)N.C1CN=C(NC1C2C(=O)NCC(C(=O)NC(C(=O)NC(C(=O)NC(=CNC(=O)N)C(=O)N2)CNC(=O)CC(CCCN)N)CO)N)N
254,DB00315,60857.0,CN(C)CCC1=CNC2=C1C=C(C=C2)CC3COC(=O)N3
255,DB00316,1983.0,CC(=O)NC1=CC=C(C=C1)O
256,DB00317,123631.0,COC1=C(C=C2C(=C1)N=CN=C2NC3=CC(=C(C=C3)F)Cl)OCCCN4CCOCC4
257,DB00318,5284371.0,CN1CCC23C4C1CC5=C2C(=C(C=C5)OC)OC3C(C=C4)O
258,DB00319,43672.0,CCN1CCN(C(=O)C1=O)C(=O)NC(C2=CC=CC=C2)C(=O)NC3C4N(C3=O)C(C(S4)(C)C)C(=O)O
259,DB00320,10531.0,CC1(C(=O)N2C(C(=O)N3CCCC3C2(O1)O)CC4=CC=CC=C4)NC(=O)C5CC6C(CC7=CNC8=CC=CC6=C78)N(C5)C
260,DB00321,2160.0,CN(C)CCC=C1C2=CC=CC=C2CCC3=CC=CC=C31
261,DB00322,5790.0,C1C(C(OC1N2C=C(C(=O)NC2=O)F)CO)O
262,DB00323,4659569.0,CC1=CC=C(C=C1)C(=O)C2=CC(=C(C(=C2)O)O)[N+](=O)[O-]
263,DB00324,9878.0,CC1CC2C3CCC(C3(CC(C2(C4(C1=CC(=O)C=C4)C)F)O)C)(C(=O)C)O
264,DB00325,,
265,DB00326,129628006.0,C(C(C(C(C(C(C(=O)[O-])O)O)O)O)O)O.C(C(C(C(C(C(C(=O)[O-])O)O)O)O)O)O.[Ca+2]
266,DB00327,5284570.0,CN1CCC23C4C1CC5=C2C(=C(C=C5)O)OC3C(=O)CC4
267,DB00328,3715.0,CC1=C(C2=C(N1C(=O)C3=CC=C(C=C3)Cl)C=CC(=C2)OC)CC(=O)O
268,DB00330,14052.0,CCC(CO)NCCNC(CC)CO
269,DB00331,155906370.0,CN(C)C(=NC(=N)N)N
270,DB00332,,
271,DB00333,4095.0,CCC(=O)C(CC(C)N(C)C)(C1=CC=CC=C1)C2=CC=CC=C2
272,DB00334,135398745.0,CC1=CC2=C(S1)NC3=CC=CC=C3N=C2N4CCN(CC4)C
273,DB00335,2249.0,CC(C)NCC(COC1=CC=C(C=C1)CC(=O)N)O
274,DB00337,6509979.0,CCC1C=C(CC(CC(C2C(CC(C(O2)(C(=O)C(=O)N3CCCCC3C(=O)OC(C(C(CC1=O)O)C)C(=CC4CCC(C(C4)OC)Cl)C)O)C)OC)OC)C)C
275,DB00338,4594.0,CC1=CN=C(C(=C1OC)C)CS(=O)C2=NC3=C(N2)C=C(C=C3)OC
276,DB00339,1046.0,C1=CN=C(C=N1)C(=O)N
277,DB00340,4167.0,CN1CCCC(C1)CC2C3=CC=CC=C3SC4=CC=CC=C24
278,DB00341,2678.0,C1CN(CCN1CCOCC(=O)O)C(C2=CC=CC=C2)C3=CC=C(C=C3)Cl
279,DB00342,5405.0,CC(C)(C)C1=CC=C(C=C1)C(CCCN2CCC(CC2)C(C3=CC=CC=C3)(C4=CC=CC=C4)O)O
280,DB00343,39186.0,CC(=O)OC1C(SC2=CC=CC=C2N(C1=O)CCN(C)C)C3=CC=C(C=C3)OC
281,DB00344,4976.0,CNCCCC1C2=CC=CC=C2C=CC3=CC=CC=C13
282,DB00345,2148.0,C1=CC(=CC=C1C(=O)NCC(=O)O)N
283,DB00346,2092.0,CN(CCCNC(=O)C1CCCO1)C2=NC3=CC(=C(C=C3C(=N2)N)OC)OC
284,DB00347,5576.0,CC1(C(=O)N(C(=O)O1)C)C
285,DB00349,2789.0,CN1C(=O)CC(=O)N(C2=C1C=CC(=C2)Cl)C3=CC=CC=C3
286,DB00350,,
287,DB00351,11683.0,CC1=CC2C(CCC3(C2CCC3(C(=O)C)OC(=O)C)C)C4(C1=CC(=O)CC4)C
288,DB00352,2723601.0,C1=NC2=C(N1)C(=S)N=C(N2)N
289,DB00353,8226.0,CCC(CO)NC(=O)C1CN(C2CC3=CNC4=CC=CC(=C34)C2=C1)C
290,DB00354,6729.0,CC(C)(C)C1=CC=C(C=C1)CN2CCN(CC2)C(C3=CC=CC=C3)C4=CC=C(C=C4)Cl
291,DB00355,5742832.0,CC1C(C(=O)N1S(=O)(=O)O)NC(=O)C(=NOC(C)(C)C(=O)O)C2=CSC(=N2)N
292,DB00356,2733.0,C1=CC2=C(C=C1Cl)NC(=O)O2
293,DB00357,2145.0,CCC1(CCC(=O)NC1=O)C2=CC=C(C=C2)N
294,DB00358,4046.0,C1CCNC(C1)C(C2=CC(=NC3=C2C=CC=C3C(F)(F)F)C(F)(F)F)O
295,DB00359,5215.0,C1=CN=C(N=C1)NS(=O)(=O)C2=CC=C(C=C2)N
296,DB00360,135398654.0,CC(C(C1CNC2=C(N1)C(=O)NC(=N2)N)O)O
297,DB00361,5311497.0,CCC1=CC2CC(C3=C(CN(C2)C1)C4=CC=CC=C4N3)(C5=C(C=C6C(=C5)C78CCN9C7C(C=CC9)(C(C(C8N6C)(C(=O)OC)O)OC(=O)C)CC)OC)C(=O)OC
298,DB00362,,
299,DB00363,135398737.0,CN1CCN(CC1)C2=NC3=C(C=CC(=C3)Cl)NC4=CC=CC=C42
300,DB00364,,
301,DB00365,72474.0,CC1CN(CCN1)C2=C(C(=C3C(=C2)N(C=C(C3=O)C(=O)O)C4CC4)C)F
302,DB00366,3162.0,CC(C1=CC=CC=C1)(C2=CC=CC=N2)OCCN(C)C
303,DB00367,13109.0,CCC12CCC3C(C1CCC2(C#C)O)CCC4=CC(=O)CCC34
304,DB00368,439260.0,C1=CC(=C(C=C1C(CN)O)O)O
305,DB00369,60613.0,C1=CN(C(=O)N=C1N)CC(CO)OCP(=O)(O)O
306,DB00370,4205.0,CN1CCN2C(C1)C3=CC=CC=C3CC4=C2N=CC=C4
307,DB00371,4064.0,CCCC(C)(COC(=O)N)COC(=O)N
308,DB00372,5440.0,CCSC1=CC2=C(C=C1)SC3=CC=CC=C3N2CCCN4CCN(CC4)C
309,DB00373,33624.0,CC(C)(C)NCC(COC1=NSN=C1N2CCOCC2)O
310,DB00374,6918140.0,CCCCCC(CCC1C(CC2C1CC3=C(C2)C(=CC=C3)OCC(=O)O)O)O
311,DB00375,,
312,DB00376,5572.0,C1CCC(CC1)C(CCN2CCCCC2)(C3=CC=CC=C3)O
313,DB00377,6337614.0,C1CC2CN(C(=O)C3=CC=CC(=C23)C1)C4CN5CCC4CC5
314,DB00378,9051.0,CC(=O)C1CCC2C1(CCC3C2C=CC4=CC(=O)CCC34C)C
315,DB00379,4178.0,CC1=C(C(=CC=C1)C)OCC(C)N
316,DB00380,71384.0,CC(CN1CC(=O)NC(=O)C1)N2CC(=O)NC(=O)C2
317,DB00381,2162.0,CCOC(=O)C1=C(NC(=C(C1C2=CC=CC=C2Cl)C(=O)OC)C)COCCN
318,DB00382,1935.0,C1CCC2=NC3=CC=CC=C3C(=C2C1)N
319,DB00383,4642.0,CN1CCCN=C1COC(=O)C(C2CCCCC2)(C3=CC=CC=C3)O
320,DB00384,5546.0,C1=CC=C(C=C1)C2=NC3=C(N=C(N=C3N=C2N)N)N
321,DB00385,454216.0,CCCCC(=O)OCC(=O)C1(CC(C2=C(C1)C(=C3C(=C2O)C(=O)C4=C(C3=O)C=CC=C4OC)O)OC5CC(C(C(O5)C)O)NC(=O)C(F)(F)F)O
322,DB00387,4919.0,C1CCC(CC1)C(CCN2CCCC2)(C3=CC=CC=C3)O
323,DB00388,6041.0,CNCC(C1=CC(=CC=C1)O)O
324,DB00389,31072.0,CCOC(=O)N1C=CN(C1=S)C
325,DB00390,2724385.0,CC1C(C(CC(O1)OC2C(OC(CC2O)OC3C(OC(CC3O)OC4CCC5(C(C4)CCC6C5CC(C7(C6(CCC7C8=CC(=O)OC8)O)C)O)C)C)C)O)O
326,DB00391,5355.0,CCN1CCCC1CNC(=O)C2=C(C=CC(=C2)S(=O)(=O)N)OC
327,DB00392,3290.0,CCN(CC)C(C)CN1C2=CC=CC=C2SC3=CC=CC=C31
328,DB00393,4497.0,CC1=C(C(C(=C(N1)C)C(=O)OC(C)C)C2=CC(=CC=C2)[N+](=O)[O-])C(=O)OCCOC
329,DB00394,21700.0,CCC(=O)OCC(=O)C1(C(CC2C1(CC(C3(C2CCC4=CC(=O)C=CC43C)Cl)O)C)C)OC(=O)CC
330,DB00395,2576.0,CCCC(C)(COC(=O)N)COC(=O)NC(C)C
331,DB00396,5994.0,CC(=O)C1CCC2C1(CCC3C2CCC4=CC(=O)CCC34C)C
332,DB00397,4786.0,CC(C(C1=CC=CC=C1)O)N
333,DB00398,216239.0,CNC(=O)C1=NC=CC(=C1)OC2=CC=C(C=C2)NC(=O)NC3=CC(=C(C=C3)Cl)C(F)(F)F
334,DB00399,68740.0,C1=CN(C=N1)CC(O)(P(=O)(O)O)P(=O)(O)O
335,DB00400,441140.0,CC1CC(=O)C=C(C12C(=O)C3=C(O2)C(=C(C=C3OC)OC)Cl)OC
336,DB00401,4499.0,CC1=C(C(C(=C(N1)C)C(=O)OCC(C)C)C2=CC=CC=C2[N+](=O)[O-])C(=O)OC
337,DB00402,969472.0,CN1CCN(CC1)C(=O)OC2C3=NC=CN=C3C(=O)N2C4=NC=C(C=C4)Cl
338,DB00404,2118.0,CC1=NN=C2N1C3=C(C=C(C=C3)Cl)C(=NC2)C4=CC=CC=C4
339,DB00405,16960.0,CN(C)CCC(C1=CC=C(C=C1)Br)C2=CC=CC=N2
340,DB00407,,
341,DB00408,3964.0,CN1CCN(CC1)C2=NC3=CC=CC=C3OC4=C2C=C(C=C4)Cl
342,DB00409,54477.0,CCN1CCCC1CNC(=O)C2=C(C=CC(=C2OC)Br)OC
343,DB00410,446596.0,CC(C1C(O1)CC2COC(C(C2O)O)CC(=CC(=O)OCCCCCCCCC(=O)O)C)C(C)O
344,DB00411,2551.0,C[N+](C)(C)CCOC(=O)N
345,DB00412,77999.0,CN(CCOC1=CC=C(C=C1)CC2C(=O)NC(=O)S2)C3=CC=CC=N3
346,DB00413,119570.0,CCCNC1CCC2=C(C1)SC(=N2)N
347,DB00414,1989.0,CC(=O)C1=CC=C(C=C1)S(=O)(=O)NC(=O)NC2CCCCC2
348,DB00415,6249.0,CC1(C(N2C(S1)C(C2=O)NC(=O)C(C3=CC=CC=C3)N)C(=O)O)C
349,DB00416,24244.0,C[N+]1(CCC2=CC(=C3C=C2C1CC4=CC=C(C=C4)OC5=C6C(CC7=CC(=C(C=C7)OC)O3)[N+](CCC6=CC(=C5OC)OC)(C)C)OC)C.[I-].[I-]
350,DB00417,6869.0,CC1(C(N2C(S1)C(C2=O)NC(=O)COC3=CC=CC=C3)C(=O)O)C
351,DB00418,5193.0,CCCC(C)C1(C(=O)NC(=O)NC1=O)CC=C
352,DB00420,4926.0,CN(C)CCCN1C2=CC=CC=C2SC3=CC=CC=C31
353,DB00421,5833.0,CC(=O)SC1CC2=CC(=O)CCC2(C3C1C4CCC5(C4(CC3)C)CCC(=O)O5)C
354,DB00422,4158.0,COC(=O)C(C1CCCCN1)C2=CC=CC=C2
355,DB00423,4107.0,COC1=CC=CC=C1OCC(COC(=O)N)O
356,DB00424,,
357,DB00425,5732.0,CC1=CC=C(C=C1)C2=C(N3C=C(C=CC3=N2)C)CC(=O)N(C)C
358,DB00426,3324.0,CC(=O)OCC(CCN1C=NC2=CN=C(N=C21)N)COC(=O)C
359,DB00427,5282443.0,CC1=CC=C(C=C1)C(=CCN2CCCC2)C3=CC=CC=N3
360,DB00428,23615975.0,CN(C(=O)NC(C=O)C(C(C(CO)O)O)O)N=O
361,DB00429,154701741.0,CCCCCC(C)(C=CC1C(CC(C1CC=CCCCC(=O)[O-])O)O)O.C(C(CO)(CO)[NH3+])O
362,DB00430,636405.0,CC1=CC(=O)C(=CN1)C(=O)NC(C2=CC=C(C=C2)O)C(=O)NC3C4N(C3=O)C(=C(CS4)CSC5=NN=NN5C)C(=O)O
363,DB00431,,
364,DB00432,6256.0,C1C(C(OC1N2C=C(C(=O)NC2=O)C(F)(F)F)CO)O
365,DB00433,4917.0,CN1CCN(CC1)CCCN2C3=CC=CC=C3SC4=C2C=C(C=C4)Cl
366,DB00434,2913.0,CN1CCC(=C2C3=CC=CC=C3C=CC4=CC=CC=C42)CC1
367,DB00435,145068.0,[N]=O
368,DB00436,2315.0,C1=CC=C(C=C1)CC2NC3=C(C=C(C(=C3)C(F)(F)F)S(=O)(=O)N)S(=O)(=O)N2
369,DB00437,135401907.0,C1=NNC2=C1C(=O)NC=N2
370,DB00438,57514439.0,CC(C)(C(=O)[O-])ON=C(C1=CSC(=N1)N)C(=O)NC2C3N(C2=O)C(=C(CS3)C[N+]4=CC=CC=C4)C(=O)O
371,DB00439,446156.0,CC(C)C1=C(C(=C(C(=N1)C(C)C)COC)C2=CC=C(C=C2)F)C=CC(CC(CC(=O)O)O)O
372,DB00440,5578.0,COC1=CC(=CC(=C1OC)OC)CC2=CN=C(N=C2N)N
373,DB00441,60750.0,C1=CN(C(=O)N=C1N)C2C(C(C(O2)CO)O)(F)F
374,DB00442,135398508.0,C=C1C(CC(C1CO)O)N2C=NC3=C2N=C(NC3=O)N
375,DB00443,9782.0,CC1CC2C3CCC4=CC(=O)C=CC4(C3(C(CC2(C1(C(=O)CO)O)C)O)F)C
376,DB00444,452548.0,COC1=CC(=CC(=C1O)OC)C2C3C(COC3=O)C(C4=CC5=C(C=C24)OCO5)OC6C(C(C7C(O6)COC(O7)C8=CC=CS8)O)O
377,DB00445,41867.0,CC1C(C(CC(O1)OC2CC(CC3=C2C(=C4C(=C3O)C(=O)C5=C(C4=O)C(=CC=C5)OC)O)(C(=O)CO)O)N)O
378,DB00446,5959.0,C1=CC(=CC=C1C(C(CO)NC(=O)C(Cl)Cl)O)[N+](=O)[O-]
379,DB00447,44311686.0,C1CC(=C(N2C1C(C2=O)NC(=O)C(C3=CC=CC=C3)[NH3+])C(=O)[O-])Cl
380,DB00448,3883.0,CC1=C(C=CN=C1CS(=O)C2=NC3=CC=CC=C3N2)OCC(F)(F)F
381,DB00449,3105.0,CC(C)(C)C(=O)OC1=C(C=C(C=C1)C(CNC)O)OC(=O)C(C)(C)C
382,DB00450,3168.0,C1CN(CC=C1N2C3=CC=CC=C3NC2=O)CCCC(=O)C4=CC=C(C=C4)F
383,DB00451,5819.0,C1=C(C=C(C(=C1I)OC2=CC(=C(C(=C2)I)O)I)I)CC(C(=O)O)N
384,DB00452,8378.0,C1C(C(C(C(C1N)OC2C(C(C(C(O2)CN)O)O)N)OC3C(C(C(O3)CO)OC4C(C(C(C(O4)CN)O)O)N)O)O)N
385,DB00453,,
386,DB00454,4058.0,CCOC(=O)C1(CCN(CC1)C)C2=CC=CC=C2
387,DB00455,3957.0,CCOC(=O)N1CCC(=C2C3=C(CCC4=C2N=CC=C4)C=C(C=C3)Cl)CC1
388,DB00456,6024.0,CC(=O)OCC1=C(N2C(C(C2=O)NC(=O)CC3=CC=CS3)SC1)C(=O)O
389,DB00457,4893.0,COC1=C(C=C2C(=C1)C(=NC(=N2)N3CCN(CC3)C(=O)C4=CC=CO4)N)OC
390,DB00458,3696.0,CN(C)CCCN1C2=CC=CC=C2CCC3=CC=CC=C31
391,DB00459,5284513.0,CC1=CC(=C(C(=C1C=CC(=CC=CC(=CC(=O)O)C)C)C)C)OC
392,DB00460,,
393,DB00461,4409.0,CC(=O)CCC1=CC2=C(C=C1)C=C(C=C2)OC
394,DB00462,,
395,DB00463,4099.0,CCC1(C(=O)NC(=O)N(C1=O)C)CC
396,DB00465,3826.0,C1CN2C(=CC=C2C(=O)C3=CC=CC=C3)C1C(=O)O
397,DB00467,3229.0,CCN1C=C(C(=O)C2=CC(=C(N=C21)N3CCNCC3)F)C(=O)O
398,DB00468,3034034.0,COC1=CC2=C(C=CN=C2C=C1)C(C3CC4CCN3CC4C=C)O
399,DB00469,54677971.0,CN1C(=C(C2=C(S1(=O)=O)C=CS2)O)C(=O)NC3=CC=CC=N3
400,DB00470,16078.0,CCCCCC1=CC(=C2C3C=C(CCC3C(OC2=C1)(C)C)C)O
401,DB00471,5281040.0,CC(C)(C1=CC=CC=C1CCC(C2=CC=CC(=C2)C=CC3=NC4=C(C=CC(=C4)Cl)C=C3)SCC5(CC5)CC(=O)O)O
402,DB00472,3386.0,CNCCC(C1=CC=CC=C1)OC2=CC=C(C=C2)C(F)(F)F
403,DB00474,9034.0,CCC#CC(C)C1(C(=O)NC(=O)N(C1=O)C)CC=C
404,DB00475,,
405,DB00476,60835.0,CNCCC(C1=CC=CS1)OC2=CC=CC3=CC=CC=C32
406,DB00477,2726.0,CN(C)CCCN1C2=CC=CC=C2SC3=C1C=C(C=C3)Cl
407,DB00478,5071.0,CC(C12CC3CC(C1)CC(C3)C2)N
408,DB00479,37768.0,C1C(C(C(C(C1NC(=O)C(CCN)O)OC2C(C(C(C(O2)CO)O)N)O)O)OC3C(C(C(C(O3)CN)O)O)O)N
409,DB00480,216326.0,C1CC(=O)NC(=O)C1N2CC3=C(C2=O)C=CC=C3N
410,DB00481,5035.0,C1CCN(CC1)CCOC2=CC=C(C=C2)C(=O)C3=C(SC4=C3C=CC(=C4)O)C5=CC=C(C=C5)O
411,DB00482,2662.0,CC1=CC=C(C=C1)C2=CC(=NN2C3=CC=C(C=C3)S(=O)(=O)N)C(F)(F)F
412,DB00483,6172.0,CC[N+](CC)(CC)CCOC1=C(C(=CC=C1)OCC[N+](CC)(CC)CC)OCC[N+](CC)(CC)CC.[I-].[I-].[I-]
413,DB00484,2435.0,C1CN=C(N1)NC2=C(C3=NC=CN=C3C=C2)Br
414,DB00485,18381.0,CC1=C(C(=NO1)C2=C(C=CC=C2Cl)Cl)C(=O)NC3C4N(C3=O)C(C(S4)(C)C)C(=O)O
415,DB00486,5284592.0,CCCCCCC(C)(C)C1=CC(=C2C3CC(=O)CCC3C(OC2=C1)(C)C)O
416,DB00487,6919009.0,CCN1C=C(C(=O)C2=CC(=C(C=C21)N3CC[NH+](CC3)C)F)C(=O)[O-]
417,DB00488,2123.0,CN(C)C1=NC(=NC(=N1)N(C)C)N(C)C
418,DB00489,5253.0,CC(C)NCC(C1=CC=C(C=C1)NS(=O)(=O)C)O
419,DB00490,2477.0,C1CCC2(C1)CC(=O)N(C(=O)C2)CCCCN3CCN(CC3)C4=NC=CC=N4
420,DB00491,441314.0,C1C(C(C(C(N1CCO)CO)O)O)O
421,DB00492,45357796.0,CCC(=O)OC(C(C)C)OP(=O)(CCCCC1=CC=CC=C1)CC(=O)N2CC(CC2C(=O)O)C3CCCCC3
422,DB00493,5742673.0,CC(=O)OCC1=C(N2C(C(C2=O)NC(=O)C(=NOC)C3=CSC(=N3)N)SC1)C(=O)O
423,DB00494,5281081.0,CCN(CC)C(=O)C(=CC1=CC(=C(C(=C1)O)O)[N+](=O)[O-])C#N
424,DB00495,35370.0,CC1=CN(C(=O)NC1=O)C2CC(C(O2)CO)N=[N+]=[N-]
425,DB00496,444031.0,C1CN(CC1C(C2=CC=CC=C2)(C3=CC=CC=C3)C(=O)N)CCC4=CC5=C(C=C4)OCC5
426,DB00497,5284603.0,CN1CCC23C4C(=O)CCC2(C1CC5=C3C(=C(C=C5)OC)O4)O
427,DB00498,4760.0,C1=CC=C(C=C1)C2C(=O)C3=CC=CC=C3C2=O
428,DB00499,3397.0,CC(C)C(=O)NC1=CC(=C(C=C1)[N+](=O)[O-])C(F)(F)F
429,DB00500,5509.0,CC1=CC=C(C=C1)C(=O)C2=CC=C(N2C)CC(=O)O
430,DB00501,2756.0,CC1=C(N=CN1)CSCCNC(=NC)NC#N
431,DB00502,3559.0,C1CN(CCC1(C2=CC=C(C=C2)Cl)O)CCCC(=O)C3=CC=C(C=C3)F
432,DB00503,392622.0,CC(C)C1=NC(=CS1)CN(C)C(=O)NC(C(C)C)C(=O)NC(CC2=CC=CC=C2)CC(C(CC3=CC=CC=C3)NC(=O)OCC4=CN=CS4)O
433,DB00504,5359371.0,C=CCN1CCC23CCCCC2C1CC4=C3C=C(C=C4)O
434,DB00505,20299.0,CC[N+](CC)(CC)CCC(C1CCCCC1)(C2=CC=CC=C2)O
435,DB00508,5568.0,CN(C)CCCN1C2=CC=CC=C2SC3=C1C=C(C=C3)C(F)(F)F
436,DB00511,5284512.0,CC1C(C(CC(O1)OC2C(OC(CC2O)OC3C(OC(CC3O)OC4CCC5(C(C4)CCC6C5CCC7(C6(CCC7C8=CC(=O)OC8)O)C)C)C)C)OC(=O)C)O
437,DB00512,14969.0,CC1C(C(CC(O1)OC2C(C(C(OC2OC3=C4C=C5C=C3OC6=C(C=C(C=C6)C(C(C(=O)NC(C(=O)NC5C(=O)NC7C8=CC(=C(C=C8)O)C9=C(C=C(C=C9O)O)C(NC(=O)C(C(C1=CC(=C(O4)C=C1)Cl)O)NC7=O)C(=O)O)CC(=O)N)NC(=O)C(CC(C)C)NC)O)Cl)CO)O)O)(C)N)O
438,DB00513,564.0,C(CCC(=O)O)CCN
439,DB00514,5360696.0,CN1CCC23CCCCC2C1CC4=C3C=C(C=C4)OC
440,DB00515,5702198.0,N.N.Cl[Pt]Cl
441,DB00516,,
442,DB00517,21867154.0,CCCC(CCC)C(=O)OC1CC2CCC(C1)[N+]2(C)C.[Br-]
443,DB00518,2082.0,CCCSC1=CC2=C(C=C1)N=C(N2)NC(=O)OC
444,DB00519,37888437.0,CCOC(=O)C(CCC1=CC=CC=C1)[NH2+]C(C)C(=O)N2C3CCCCC3CC2C(=O)[O-]
445,DB00520,16119814.0,CCC(C)CC(C)CCCCCCCCC(=O)NC1CC(C(NC(=O)C2C(CCN2C(=O)C(NC(=O)C(NC(=O)C3CC(CN3C(=O)C(NC1=O)C(C)O)O)C(C(C4=CC=C(C=C4)O)O)O)C(CCN)O)O)NCCN)O
446,DB00521,2583.0,CC(C)(C)NCC(COC1=CC=CC2=C1CCC(=O)N2)O
447,DB00523,449171.0,CC1=C(C(CCC1)(C)C)C=CC(=CC=CC(=CC(=O)O)C)C
448,DB00524,4170.0,CC1NC2=CC(=C(C=C2C(=O)N1C3=CC=CC=C3C)S(=O)(=O)N)Cl
449,DB00526,9887054.0,C1CCC(C(C1)N)N.C(=O)(C(=O)[O-])[O-].[Pt+2]
450,DB00527,3025.0,CCCCOC1=NC2=CC=CC=C2C(=C1)C(=O)NCCN(CC)CC
451,DB00528,65866.0,CC1=C(C(C(=C(N1)C)C(=O)OC(C)(C)CN(C)CCC(C2=CC=CC=C2)C3=CC=CC=C3)C4=CC(=CC=C4)[N+](=O)[O-])C(=O)OC
452,DB00529,3415.0,C(=O)(O)P(=O)(O)O
453,DB00530,176870.0,COCCOC1=C(C=C2C(=C1)C(=NC=N2)NC3=CC=CC(=C3)C#C)OCCOC
454,DB00531,2907.0,C1CNP(=O)(OC1)N(CCCl)CCCl
455,DB00532,4060.0,CCC1(C(=O)N(C(=O)N1)C)C2=CC=CC=C2
456,DB00533,5090.0,CS(=O)(=O)C1=CC=C(C=C1)C2=C(C(=O)OC2)C3=CC=CC=C3
457,DB00535,6915944.0,C=CC1=C(N2C(C(C2=O)NC(=O)C(=NO)C3=CSC(=N3)N)SC1)C(=O)O
458,DB00536,3520.0,C(=N)(N)N
459,DB00537,4011971.0,C1CC1N2C=C(C(=O)C3=CC(=C(C=C32)N4CC[NH2+]CC4)F)C(=O)[O-]
460,DB00539,3005573.0,CN(C)CCOC1=CC=C(C=C1)C(=C(CCCl)C2=CC=CC=C2)C3=CC=CC=C3
461,DB00540,4543.0,CNCCC=C1C2=CC=CC=C2CCC3=CC=CC=C31
462,DB00541,5388993.0,CCC1(CC2CC(C3=C(CCN(C2)C1)C4=CC=CC=C4N3)(C5=C(C=C6C(=C5)C78CCN9C7C(C=CC9)(C(C(C8N6C=O)(C(=O)OC)O)OC(=O)C)CC)OC)C(=O)OC)O
463,DB00542,5362124.0,CCOC(=O)C(CCC1=CC=CC=C1)NC2CCC3=CC=CC=C3N(C2=O)CC(=O)O
464,DB00543,2170.0,C1CN(CCN1)C2=NC3=CC=CC=C3OC4=C2C=C(C=C4)Cl
465,DB00544,3385.0,C1=C(C(=O)NC(=O)N1)F
466,DB00545,4991.0,C[N+]1=CC=CC(=C1)OC(=O)N(C)C
467,DB00546,37632.0,CN(C)CC1=NN=C2N1C3=C(C=C(C=C3)Cl)C(=NC2)C4=CC=CC=C4
468,DB00547,5311067.0,CC1CC2C3CCC4=CC(=O)C=CC4(C3(C(CC2(C1C(=O)CO)C)O)F)C
469,DB00548,2266.0,C(CCCC(=O)O)CCCC(=O)O
470,DB00549,5717.0,CC1=CC=CC=C1S(=O)(=O)NC(=O)C2=CC(=C(C=C2)CC3=CN(C4=C3C=C(C=C4)NC(=O)OC5CCCC5)C)OC
471,DB00550,657298.0,CCCC1=CC(=O)NC(=S)N1
472,DB00551,1990.0,CC(=O)NO
473,DB00552,439693.0,C1C(C(OC1N2C=NC3=C2NC=NCC3O)CO)O
474,DB00553,4114.0,COC1=C2C(=CC3=C1OC=C3)C=CC(=O)O2
475,DB00554,54676228.0,CN1C(=C(C2=CC=CC=C2S1(=O)=O)O)C(=O)NC3=CC=CC=N3
476,DB00555,3878.0,C1=CC(=C(C(=C1)Cl)Cl)C2=C(N=C(N=N2)N)N
477,DB00556,6432.0,C(C(F)(F)F)(C(F)(F)F)(F)F
478,DB00557,3658.0,C1CN(CCN1CCOCCO)C(C2=CC=CC=C2)C3=CC=C(C=C3)Cl
479,DB00558,60855.0,CC(=O)NC1C(C=C(OC1C(C(CO)O)O)C(=O)O)N=C(N)N
480,DB00559,104865.0,CC(C)(C)C1=CC=C(C=C1)S(=O)(=O)NC2=C(C(=NC(=N2)C3=NC=CC=N3)OCCO)OC4=CC=CC=C4OC
481,DB00560,,
482,DB00561,3156.0,CCN1CC(C(C1=O)(C2=CC=CC=C2)C3=CC=CC=C3)CCN4CCOCC4
483,DB00562,2343.0,C1=CC=C(C=C1)CSCC2=NS(=O)(=O)C3=CC(=C(C=C3N2)Cl)S(=O)(=O)N
484,DB00563,126941.0,CN(CC1=CN=C2C(=N1)C(=NC(=N2)N)N)C3=CC=C(C=C3)C(=O)NC(CCC(=O)O)C(=O)O
485,DB00564,2554.0,C1=CC=C2C(=C1)C=CC3=CC=CC=C3N2C(=O)N
486,DB00565,62887.0,C[N+]1(CCC2=CC(=C(C=C2C1CC3=CC(=C(C=C3)OC)OC)OC)OC)CCC(=O)OCCCCCOC(=O)CC[N+]4(CCC5=CC(=C(C=C5C4CC6=CC(=C(C=C6)OC)OC)OC)OC)C
487,DB00566,2724354.0,C(C(C(=O)O)S)(C(=O)O)S
488,DB00567,27447.0,CC1=C(N2C(C(C2=O)NC(=O)C(C3=CC=CC=C3)N)SC1)C(=O)O
489,DB00568,1547484.0,C1CN(CCN1CC=CC2=CC=CC=C2)C(C3=CC=CC=C3)C4=CC=CC=C4
490,DB00569,5282448.0,COC1C(C(C(C(O1)COS(=O)(=O)O)OC2C(C(C(C(O2)C(=O)O)OC3C(C(C(C(O3)COS(=O)(=O)O)OC4C(C(C(C(O4)C(=O)O)OC5C(C(C(C(O5)COS(=O)(=O)O)O)O)NS(=O)(=O)O)O)O)OS(=O)(=O)O)NS(=O)(=O)O)O)OS(=O)(=O)O)O)NS(=O)(=O)O
491,DB00570,13342.0,CCC1(CC2CC(C3=C(CCN(C2)C1)C4=CC=CC=C4N3)(C5=C(C=C6C(=C5)C78CCN9C7C(C=CC9)(C(C(C8N6C)(C(=O)OC)O)OC(=O)C)CC)OC)C(=O)OC)O
492,DB00571,4946.0,CC(C)NCC(COC1=CC=CC2=CC=CC=C21)O
493,DB00572,,
494,DB00573,3342.0,CC(C1=CC(=CC=C1)OC2=CC=CC=C2)C(=O)O
495,DB00574,3337.0,CCNC(C)CC1=CC(=CC=C1)C(F)(F)F
496,DB00575,2803.0,C1CN=C(N1)NC2=C(C=CC=C2Cl)Cl
497,DB00576,5328.0,CC1=NN=C(S1)NS(=O)(=O)C2=CC=C(C=C2)N
498,DB00577,135398742.0,CC(C)C(C(=O)OCCOCN1C=NC2=C1N=C(NC2=O)N)N
499,DB00578,20824.0,CC1(C(N2C(S1)C(C2=O)NC(=O)C(C3=CC=CC=C3)C(=O)O)C(=O)O)C
500,DB00579,4020.0,C1CN2C(=N1)C3=CC=CC=C3C2(C4=CC=C(C=C4)Cl)O
501,DB00580,119607.0,CC1=C(C(=NO1)C2=CC=CC=C2)C3=CC=C(C=C3)S(=O)(=O)N
502,DB00581,11333.0,C(C1C(C(C(C(O1)OC2C(OC(C2O)(CO)O)CO)O)O)O)O
503,DB00582,71616.0,CC(C1=NC=NC=C1F)C(CN2C=NC=N2)(C3=C(C=C(C=C3)F)F)O
504,DB00583,10917.0,C[N+](C)(C)CC(CC(=O)[O-])O
505,DB00584,40466924.0,CCOC(=O)C(CCC1=CC=CC=C1)[NH2+]C(C)C(=O)N2CCCC2C(=O)[O-]
506,DB00585,4513.0,CNC(=C[N+](=O)[O-])NCCSCC1=CSC(=N1)CN(C)C
507,DB00586,3033.0,C1=CC=C(C(=C1)CC(=O)O)NC2=C(C=CC=C2Cl)Cl
508,DB00588,444036.0,CCC(=O)OC1(C(CC2C1(CC(C3(C2CC(C4=CC(=O)C=CC43C)F)F)O)C)C)C(=O)SCF
509,DB00589,28864.0,CCN(CC)C(=O)NC1CN(C2CC3=CNC4=CC=CC(=C34)C2=C1)C
510,DB00590,3157.0,COC1=C(C=C2C(=C1)C(=NC(=N2)N3CCN(CC3)C(=O)C4COC5=CC=CC=C5O4)N)OC
511,DB00591,6215.0,CC1(OC2CC3C4CC(C5=CC(=O)C=CC5(C4(C(CC3(C2(O1)C(=O)CO)C)O)F)C)F)C
512,DB00592,4837.0,C1CNCCN1
513,DB00593,3291.0,CCC1(CC(=O)NC1=O)C
514,DB00594,16231.0,C1(=C(N=C(C(=N1)Cl)N)N)C(=O)N=C(N)N
515,DB00595,,
516,DB00596,5311167.0,CC1CC2C3CC(C4=CC(=O)C=CC4(C3(C(CC2(C1(C(=O)CCl)O)C)O)F)C)F
517,DB00597,24838311.0,CC(CN1CCN(CCN(CCN(CC1)CC(=O)[O-])CC(=O)[O-])CC(=O)[O-])O.[Gd+3]
518,DB00598,3869.0,CC(CCC1=CC=CC=C1)NCC(C2=CC(=C(C=C2)O)C(=O)N)O
519,DB00599,3000715.0,CCCC(C)C1(C(=O)NC(=S)NC1=O)CC
520,DB00601,441401.0,CC(=O)NCC1CN(C(=O)O1)C2=CC(=C(C=C2)N3CCOCC3)F
521,DB00602,9812710.0,CCC(C)C1C(CCC2(O1)CC3CC(O2)CC=C(C(C(C=CC=C4COC5C4(C(C=C(C5O)C)C(=O)O3)O)C)OC6CC(C(C(O6)C)OC7CC(C(C(O7)C)O)OC)OC)C)C.CC1CCC2(CC3CC(O2)CC=C(C(C(C=CC=C4COC5C4(C(C=C(C5O)C)C(=O)O3)O)C)OC6CC(C(C(O6)C)OC7CC(C(C(O7)C)O)OC)OC)C)OC1C(C)C
522,DB00603,6279.0,CC1CC2C(CCC3(C2CCC3(C(=O)C)OC(=O)C)C)C4(C1=CC(=O)CC4)C
523,DB00604,6917698.0,COC1CN(CCC1NC(=O)C2=CC(=C(C=C2OC)N)Cl)CCCOC3=CC=C(C=C3)F
524,DB00605,1548887.0,CC1=C(C2=C(C1=CC3=CC=C(C=C3)S(=O)C)C=CC(=C2)F)CC(=O)O
525,DB00606,2910.0,C1C2CC(C1C=C2)C3NC4=CC(=C(C=C4S(=O)(=O)N3)S(=O)(=O)N)Cl
526,DB00607,8982.0,CCOC1=C(C2=CC=CC=C2C=C1)C(=O)NC3C4N(C3=O)C(C(S4)(C)C)C(=O)O
527,DB00608,2719.0,CCN(CC)CCCC(C)NC1=C2C=CC(=CC2=NC=C1)Cl
528,DB00609,2761171.0,CCC1=NC=CC(=C1)C(=S)N
529,DB00610,5906.0,CC(C(C1=CC(=CC=C1)O)O)N
530,DB00611,6916249.0,C1CCC2(C3CC4=C(C2(C1)CCN3CC5CCC5)C=C(C=C4)O)O
531,DB00612,2405.0,CC(C)NCC(COC1=CC=C(C=C1)COCCOC(C)C)O
532,DB00613,3647519.0,CC[NH+](CC)CC1=C(C=CC(=C1)NC2=C3C=CC(=CC3=NC=C2)Cl)[O-]
533,DB00614,5323714.0,C1COC(=O)N1N=CC2=CC=C(O2)[N+](=O)[O-]
534,DB00615,,
535,DB00616,,
536,DB00617,8280.0,CCC1(C(=O)N(C(=O)O1)C)C
537,DB00618,,
538,DB00619,5291.0,CC1=C(C=C(C=C1)NC(=O)C2=CC=C(C=C2)CN3CCN(CC3)C)NC4=NC=CC(=N4)C5=CN=CC=C5
539,DB00620,31307.0,CC12CC(C3(C(C1CC(C2(C(=O)CO)O)O)CCC4=CC(=O)C=CC43C)F)O
540,DB00621,5878.0,CC12CCC3C(C1CCC2(C)O)CCC4C3(COC(=O)C4)C
541,DB00622,4474.0,CC1=C(C(C(=C(N1)C)C(=O)OCCN(C)CC2=CC=CC=C2)C3=CC(=CC=C3)[N+](=O)[O-])C(=O)OC
542,DB00623,3372.0,C1CN(CCN1CCCN2C3=CC=CC=C3SC4=C2C=C(C=C4)C(F)(F)F)CCO
543,DB00624,6013.0,CC12CCC3C(C1CCC2O)CCC4=CC(=O)CCC34C
544,DB00625,64139.0,C1CC1C#CC2(C3=C(C=CC(=C3)Cl)NC(=O)O2)C(F)(F)F
545,DB00626,10909430.0,CCC(C)C1C(=O)NC(C(=O)NC(C(=O)NC(C(=O)NC(C(=O)NCCCCC(C(=O)NC(C(=O)N1)CCCN)NC(=O)C(C(C)CC)NC(=O)C(CCC(=O)O)NC(=O)C(CC(C)C)NC(=O)C2CSC(=N2)C(C(C)CC)N)CC(=O)N)CC(=O)O)CC3=CN=CN3)CC4=CC=CC=C4
546,DB00627,938.0,C1=CC(=CN=C1)C(=O)O
547,DB00628,2809.0,C1=CC=C(C=C1)C2=NC(C(=O)NC3=C2C=C(C=C3)Cl)C(=O)O
548,DB00629,5702063.0,C1=CC(=C(C(=C1)Cl)C=NN=C(N)N)Cl
549,DB00630,2088.0,C(CC(O)(P(=O)(O)O)P(=O)(O)O)CN
550,DB00631,119182.0,C1=NC2=C(N=C(N=C2N1C3C(C(C(O3)CO)O)F)Cl)N
551,DB00633,5311068.0,CC1=C(C(=CC=C1)C(C)C2=CN=CN2)C
552,DB00634,5320.0,CC(=O)NS(=O)(=O)C1=CC=C(C=C1)N
553,DB00635,5865.0,CC12CC(=O)C3C(C1CCC2(C(=O)CO)O)CCC4=CC(=O)C=CC34C
554,DB00636,2796.0,CCOC(=O)C(C)(C)OC1=CC=C(C=C1)Cl
555,DB00637,2247.0,COC1=CC=C(C=C1)CCN2CCC(CC2)NC3=NC4=CC=CC=C4N3CC5=CC=C(C=C5)F
556,DB00640,60961.0,C1=NC(=C2C(=N1)N(C=N2)C3C(C(C(O3)CO)O)O)N
557,DB00641,54454.0,CCC(C)(C)C(=O)OC1CC(C=C2C1C(C(C=C2)C)CCC3CC(CC(=O)O3)O)C
558,DB00642,135410875.0,C1=CC(=CC=C1CCC2=CNC3=C2C(=O)NC(=N3)N)C(=O)NC(CCC(=O)O)C(=O)O
559,DB00643,4030.0,COC(=O)NC1=NC2=C(N1)C=C(C=C2)C(=O)C3=CC=CC=C3
560,DB00644,,
561,DB00645,3180.0,CCCCOC1=CC=C(C=C1)C(=O)CCN2CCCCC2
562,DB00646,91820523.0,CC1C=CC=CCCC=CC=CC=CC=CC(CC2C(C(CC(O2)(CC(C(CCC(CC(CC(CC(=O)OC(C(C1O)C)C)O)O)O)O)O)O)O)C(=O)[O-])OC3C(C(C(C(O3)C)O)[NH3+])O
563,DB00647,10100.0,CCC(=O)OC(CC1=CC=CC=C1)(C2=CC=CC=C2)C(C)CN(C)C
564,DB00648,4211.0,C1=CC=C(C(=C1)C(C2=CC=C(C=C2)Cl)C(Cl)Cl)Cl
565,DB00649,18283.0,CC1=CN(C(=O)NC1=O)C2C=CC(O2)CO
566,DB00650,135403648.0,C1C(N(C2=C(N1)N=C(NC2=O)N)C=O)CNC3=CC=C(C=C3)C(=O)NC(CCC(=O)O)C(=O)O
567,DB00651,3182.0,CN1C2=C(C(=O)N(C1=O)C)N(C=N2)CC(CO)O
568,DB00652,4736.0,CC1C2CC3=C(C1(CCN2CC=C(C)C)C)C=C(C=C3)O
569,DB00653,24083.0,[O-]S(=O)(=O)[O-].[Mg+2]
570,DB00654,5311221.0,CC(C)OC(=O)CCCC=CCC1C(CC(C1CCC(CCC2=CC=CC=C2)O)O)O
571,DB00655,5870.0,CC12CCC3C(C1CCC2=O)CCC4=C3C=CC(=C4)O
572,DB00656,5533.0,C1CN(CCN1CCCN2C(=O)N3C=CC=CC3=N2)C4=CC(=CC=C4)Cl
573,DB00657,4032.0,CC1(C2CCC(C2)C1(C)NC)C
574,DB00658,3085017.0,C=CCN.C1C(O1)CCl
575,DB00660,15459.0,CC1=CC(=CC(=C1)OCC2CNC(=O)O2)C
576,DB00661,2520.0,CC(C)C(CCCN(C)CCC1=CC(=C(C=C1)OC)OC)(C#N)C2=CC(=C(C=C2)OC)OC
577,DB00662,5577.0,CN(C)CCOC1=CC=C(C=C1)CNC(=O)C2=CC(=C(C(=C2)OC)OC)OC
578,DB00663,16490.0,CC1CC2C3CC(C4=CC(=O)C=CC4(C3(C(CC2(C1(C(=O)CO)O)C)O)F)C)F
579,DB00664,9047.0,COC1=NC=CN=C1NS(=O)(=O)C2=CC=C(C=C2)N
580,DB00665,4493.0,CC1(C(=O)N(C(=O)N1)C2=CC(=C(C=C2)[N+](=O)[O-])C(F)(F)F)C
581,DB00666,25077405.0,CC(C)CC(C(=O)NC(CCCN=C(N)N)C(=O)N1CCCC1C(=O)NCC(=O)N)NC(=O)C(CC2=CC3=CC=CC=C3C=C2)NC(=O)C(CC4=CC=C(C=C4)O)NC(=O)C(CO)NC(=O)C(CC5=CNC6=CC=CC=C65)NC(=O)C(CC7=CN=CN7)NC(=O)C8CCC(=O)N8
582,DB00668,139148732.0,C[NH2+]CC(C1=CC(=C(C=C1)[O-])O)O
583,DB00669,5358.0,CNS(=O)(=O)CC1=CC2=C(C=C1)NC=C2CCN(C)C
584,DB00670,4848.0,CN1CCN(CC1)CC(=O)N2C3=CC=CC=C3C(=O)NC4=C2N=CC=C4
585,DB00671,5362065.0,C=CC1=C(N2C(C(C2=O)NC(=O)C(=NOCC(=O)O)C3=CSC(=N3)N)SC1)C(=O)O
586,DB00672,2727.0,CCCNC(=O)NS(=O)(=O)C1=CC=C(C=C1)Cl
587,DB00673,135413536.0,CC(C1=CC(=CC(=C1)C(F)(F)F)C(F)(F)F)OC2C(N(CCO2)CC3=NNC(=O)N3)C4=CC=C(C=C4)F
588,DB00674,9651.0,CN1CCC23C=CC(CC2OC4=C(C=CC(=C34)C1)OC)O
589,DB00675,2733526.0,CCC(=C(C1=CC=CC=C1)C2=CC=C(C=C2)OCCN(C)C)C3=CC=CC=C3
590,DB00677,5936.0,CC(C)OP(=O)(OC(C)C)F
591,DB00678,3961.0,CCCCC1=NC(=C(N1CC2=CC=C(C=C2)C3=CC=CC=C3C4=NNN=N4)CO)Cl
592,DB00679,5452.0,CN1CCCCC1CCN2C3=CC=CC=C3SC4=C2C=C(C=C4)SC
593,DB00680,34633.0,CCOC(=O)NC1=CC2=C(C=C1)SC3=CC=CC=C3N2C(=O)CCN4CCOCC4
594,DB00681,91819969.0,CC1C=CC=CC=CC=CC=CC=CC=CC(CC2C(C(CC(O2)(CC(CC(C(CCC(CC(CC(=O)OC(C(C1O)C)C)O)O)O)O)O)O)O)C(=O)[O-])OC3C(C(C(C(O3)C)O)[NH3+])O
595,DB00682,54678486.0,CC(=O)CC(C1=CC=CC=C1)C2=C(C3=CC=CC=C3OC2=O)O
596,DB00683,4192.0,CC1=NC=C2N1C3=C(C=C(C=C3)Cl)C(=NC2)C4=CC=CC=C4F
597,DB00684,36294.0,C1C(C(C(C(C1N)OC2C(C(C(C(O2)CO)O)N)O)O)OC3C(CC(C(O3)CN)O)N)N
598,DB00685,,
599,DB00686,37720.0,C1C(C(C(C(O1)OC2COC(C(C2OS(=O)(=O)O)OS(=O)(=O)O)O)OS(=O)(=O)O)OS(=O)(=O)O)O
600,DB00687,31378.0,CC12CCC(=O)C=C1CCC3C2(C(CC4(C3CCC4(C(=O)CO)O)C)O)F
601,DB00688,5281078.0,CC1=C2COC(=O)C2=C(C(=C1OC)CC=C(C)CCC(=O)OCCN3CCOCC3)O
602,DB00689,19150.0,CC(=O)OCC1=C(N2C(C(C2=O)NC(=O)C(C3=CC=CC=C3)N)SC1)C(=O)O
603,DB00690,3393.0,CCN(CC)CCN1C(=O)CN=C(C2=C1C=CC(=C2)Cl)C3=CC=CC=C3F
604,DB00691,40466988.0,CCOC(=O)C(CCC1=CC=CC=C1)[NH2+]C(C)C(=O)N2CC3=CC(=C(C=C3CC2C(=O)[O-])OC)OC
605,DB00692,5775.0,CC1=CC=C(C=C1)N(CC2=NCCN2)C3=CC(=CC=C3)O
606,DB00693,16850.0,C1=CC=C2C(=C1)C(=O)OC23C4=C(C=C(C=C4)O)OC5=C3C=CC(=C5)O
607,DB00694,30323.0,CC1C(C(CC(O1)OC2CC(CC3=C2C(=C4C(=C3O)C(=O)C5=C(C4=O)C(=CC=C5)OC)O)(C(=O)C)O)N)O
608,DB00695,3440.0,C1=COC(=C1)CNC2=CC(=C(C=C2C(=O)O)S(=O)(=O)N)Cl
609,DB00696,8223.0,CC1(C(=O)N2C(C(=O)N3CCCC3C2(O1)O)CC4=CC=CC=C4)NC(=O)C5CN(C6CC7=CNC8=CC=CC(=C78)C6=C5)C
610,DB00697,5487.0,C1CN=C(N1)NC2=C(C=CC3=NSN=C32)Cl
611,DB00698,6604200.0,C1C(=O)NC(=O)N1N=CC2=CC=C(O2)[N+](=O)[O-]
612,DB00699,34040.0,CN1CC(CC2(C1CC3=CN(C4=CC=CC2=C34)C)OC)COC(=O)C5=CC(=CN=C5)Br
613,DB00700,443872.0,CC12CCC(=O)C=C1CC(C3C24C(O4)CC5(C3CCC56CCC(=O)O6)C)C(=O)OC
614,DB00701,65016.0,CC(C)CN(CC(C(CC1=CC=CC=C1)NC(=O)OC2CCOC2)O)S(=O)(=O)C3=CC=C(C=C3)N
615,DB00703,,
616,DB00704,5360515.0,C1CC1CN2CCC34C5C(=O)CCC3(C2CC6=C4C(=C(C=C6)O)O5)O
617,DB00705,5625.0,CC(C)NC1=C(N=CC=C1)N2CCN(CC2)C(=O)C3=CC4=C(N3)C=CC(=C4)NS(=O)(=O)C
618,DB00706,129211.0,CCOC1=CC=CC=C1OCCNC(C)CC2=CC(=C(C=C2)OC)S(=O)(=O)N
619,DB00707,,
620,DB00708,41693.0,CCC(=O)N(C1=CC=CC=C1)C2(CCN(CC2)CCC3=CC=CS3)COC
621,DB00709,60825.0,C1C(OC(S1)CO)N2C=CC(=NC2=O)N
622,DB00710,60852.0,CCCCCN(C)CCC(O)(P(=O)(O)O)P(=O)(O)O
623,DB00711,3052.0,CCN(CC)C(=O)N1CCN(CC1)C
624,DB00712,3394.0,CC(C1=CC(=C(C=C1)C2=CC=CC=C2)F)C(=O)O
625,DB00713,6196.0,CC1=C(C(=NO1)C2=CC=CC=C2)C(=O)NC3C4N(C3=O)C(C(S4)(C)C)C(=O)O
626,DB00714,6005.0,CN1CCC2=C3C1CC4=C(C3=CC=C2)C(=C(C=C4)O)O
627,DB00715,43815.0,C1CNCC(C1C2=CC=C(C=C2)F)COC3=CC4=C(C=C3)OCO4
628,DB00716,50294.0,CCCC1=C2C(=CC3=C1OC(=CC3=O)C(=O)O)C(=O)C=C(N2CC)C(=O)O
629,DB00717,6230.0,CC12CCC3C(C1CCC2(C#C)O)CCC4=CC(=O)CCC34
630,DB00718,60871.0,CC(C)(C)C(=O)OCOP(=O)(COCCN1C=NC2=C(N=CN=C21)N)OCOC(=O)C(C)(C)C
631,DB00719,19861.0,CN1CCC(=C2C3=CC=CC=C3CCC4=C2N=CC=C4)CC1
632,DB00720,146015374.0,C(P(=O)([OH2+])[O-])(P(=O)([OH2+])[O-])(Cl)Cl
633,DB00721,4914.0,CCN(CC)CCOC(=O)C1=CC=C(C=C1)N
634,DB00722,5362119.0,C1CC(N(C1)C(=O)C(CCCCN)NC(CCC2=CC=CC=C2)C(=O)O)C(=O)O
635,DB00723,6082.0,CC(C(C1=C(C=CC(=C1)OC)OC)O)N
636,DB00724,57469.0,CC(C)CN1C=NC2=C1C3=CC=CC=C3N=C2N
637,DB00725,6646.0,C[N+]1(C2CCC1CC(C2)OC(=O)C(C3=CC=CC=C3)O)C.[Br-]
638,DB00726,5584.0,CC(CN1C2=CC=CC=C2CCC3=CC=CC=C31)CN(C)C
639,DB00727,4510.0,C(C(CO[N+](=O)[O-])O[N+](=O)[O-])O[N+](=O)[O-]
640,DB00728,441290.0,CC(=O)OC1C(CC2C1(CCC3C2CCC4C3(CC(C(C4)O)N5CCOCC5)C)C)[N+]6(CCCC6)CC=C
641,DB00730,5430.0,C1=CC=C2C(=C1)NC(=N2)C3=CSC=N3
642,DB00731,,
643,DB00732,47320.0,C[N+]1(CCC2=CC(=C(C=C2C1CC3=CC(=C(C=C3)OC)OC)OC)OC)CCC(=O)OCCCCCOC(=O)CC[N+]4(CCC5=CC(=C(C=C5C4CC6=CC(=C(C=C6)OC)OC)OC)OC)C.C1=CC=C(C=C1)S(=O)(=O)[O-].C1=CC=C(C=C1)S(=O)(=O)[O-]
644,DB00733,135398747.0,C[N+]1=CC=CC=C1C=NO
645,DB00734,5073.0,CC1=C(C(=O)N2CCCCC2=N1)CCN3CCC(CC3)C4=NOC5=C4C=CC(=C5)F
646,DB00736,9568614.0,CC1=CN=C(C(=C1OC)C)CS(=O)C2=NC3=C(N2)C=C(C=C3)OC
647,DB00737,4034.0,CC1=CC(=CC=C1)CN2CCN(CC2)C(C3=CC=CC=C3)C4=CC=C(C=C4)Cl
648,DB00738,4735.0,C1=CC(=CC=C1C(=N)N)OCCCCCOC2=CC=C(C=C2)C(=N)N
649,DB00739,40473404.0,CC1(C(N2C(S1)C(C2=O)N3C(=O)C([NH2+]C3(C)C)C4=CC=CC=C4)C(=O)[O-])C
650,DB00740,5070.0,C1=CC2=C(C=C1OC(F)(F)F)SC(=N2)N
651,DB00741,5754.0,CC12CCC(=O)C=C1CCC3C2C(CC4(C3CCC4(C(=O)CO)O)C)O
652,DB00742,6251.0,C(C(C(C(C(CO)O)O)O)O)O
653,DB00743,9852779.0,C1=CC=C(C=C1)COCC(C(=O)[O-])N(CCN(CCN(CC(=O)[O-])CC(=O)[O-])CC(=O)O)CC(=O)O.[Gd+3]
654,DB00744,60490.0,CC(C1=CC2=CC=CC=C2S1)N(C(=O)N)O
655,DB00745,4236.0,C1=CC=C(C=C1)C(C2=CC=CC=C2)S(=O)CC(=O)N
656,DB00746,2973.0,CC(=O)N(CCCCCNC(=O)CCC(=O)N(CCCCCNC(=O)CCC(=O)N(CCCCCN)O)O)O
657,DB00747,,
658,DB00748,2564.0,CN(C)CCOC(C1=CC=C(C=C1)Cl)C2=CC=CC=N2
659,DB00749,3308.0,CCC1=C2C(=CC=C1)C3=C(N2)C(OCC3)(CC)CC(=O)O
660,DB00750,4906.0,CCCNC(C)C(=O)NC1=CC=CC=C1C
661,DB00751,3241.0,C1C2C3=CC=CC=C3CC4=CC=CC=C4N2C(=N1)N
662,DB00752,5530.0,C1C(C1N)C2=CC=CC=C2
663,DB00753,3763.0,C(C(F)(F)F)(OC(F)F)Cl
664,DB00754,3292.0,CCN1C(=O)C(NC1=O)C2=CC=CC=C2
665,DB00755,444795.0,CC1=C(C(CCC1)(C)C)C=CC(=CC=CC(=CC(=O)O)C)C
666,DB00757,,
667,DB00758,60606.0,COC(=O)C(C1=CC=CC=C1Cl)N2CCC3=C(C2)C=CS3
668,DB00759,,
669,DB00760,40466974.0,CC1C2C(C(=O)N2C(=C1SC3CC([NH2+]C3)C(=O)N(C)C)C(=O)[O-])C(C)O
670,DB00761,4873.0,[Cl-].[K+]
671,DB00762,60838.0,CCC1=C2CN3C(=CC4=C(C3=O)COC(=O)C4(CC)O)C2=NC5=C1C=C(C=C5)OC(=O)N6CCC(CC6)N7CCCCC7
672,DB00763,1349907.0,CN1C=CNC1=S
673,DB00764,441335.0,CC1CC2C3CCC4=CC(=O)C=CC4(C3(C(CC2(C1(C(=O)CCl)O)C)O)Cl)C
674,DB00765,6918925.0,CC(CC1=CC=C(C=C1)O)(C(=O)[O-])[NH3+]
675,DB00766,5280980.0,C1C2N(C1=O)C(C(=CCO)O2)C(=O)O
676,DB00767,2342.0,CCN(CC)C(=O)C1CN2CCC3=CC(=C(C=C3C2CC1OC(=O)C)OC)OC
677,DB00769,84088.0,CCN(CC)CC(=O)OCC(=O)C1(CCC2C1(CC(C3C2CCC4=CC(=O)CCC34C)O)C)O
678,DB00770,5280723.0,CCCCCC(C=CC1C(CC(=O)C1CCCCCCC(=O)O)O)O
679,DB00771,,
680,DB00772,4004.0,CCOC(=O)CC(C(=O)OCC)SP(=S)(OC)OC
681,DB00773,36462.0,CC1OCC2C(O1)C(C(C(O2)OC3C4COC(=O)C4C(C5=CC6=C(C=C35)OCO6)C7=CC(=C(C(=C7)OC)O)OC)O)O
682,DB00774,3647.0,C1NC2=C(C=C(C(=C2)C(F)(F)F)S(=O)(=O)N)S(=O)(=O)N1
683,DB00775,60947.0,CCCCS(=O)(=O)NC(CC1=CC=C(C=C1)OCCCCC2CCNCC2)C(=O)O
684,DB00776,34312.0,C1C2=CC=CC=C2N(C3=CC=CC=C3C1=O)C(=O)N
685,DB00777,4940.0,CCC(=O)C1=CC2=C(C=C1)SC3=CC=CC=C3N2CC(C)N(C)C
686,DB00778,444037.0,CCC1C(C(C(C(=NOCOCCOC)C(CC(C(C(C(C(C(=O)O1)C)OC2CC(C(C(O2)C)O)(C)OC)C)OC3C(C(CC(O3)C)N(C)C)O)(C)O)C)C)O)(C)O
687,DB00779,4421.0,CCN1C=C(C(=O)C2=C1N=C(C=C2)C)C(=O)O
688,DB00780,3675.0,C1=CC=C(C=C1)CCNN
689,DB00781,,
690,DB00782,4934.0,CC(C)[N+](C)(CCOC(=O)C1C2=CC=CC=C2OC3=CC=CC=C13)C(C)C
691,DB00783,5757.0,CC12CCC3C(C1CCC2O)CCC4=C3C=CC(=C4)O
692,DB00784,4044.0,CC1=C(C(=CC=C1)NC2=CC=CC=C2C(=O)O)C
693,DB00785,,
694,DB00787,135398513.0,C1=NC2=C(N1COCCO)N=C(NC2=O)N
695,DB00788,156391.0,CC(C1=CC2=C(C=C1)C=C(C=C2)OC)C(=O)O
696,DB00789,56841013.0,[H+].[H+].C(CN(CC(=O)[O-])CC(=O)[O-])N(CCN(CC(=O)[O-])CC(=O)[O-])CC(=O)[O-].[Gd+3]
697,DB00790,40466996.0,CCCC(C(=O)OCC)[NH2+]C(C)C(=O)N1C2CCCCC2CC1C(=O)[O-]
698,DB00791,6194.0,C1=C(C(=O)NC(=O)N1)N(CCCl)CCCl
699,DB00792,5587.0,CN(C)CCN(CC1=CC=CC=C1)C2=CC=CC=N2
700,DB00793,3561.0,C1=C(C(=CC(=C1Cl)Cl)Cl)OCC#CI
701,DB00794,4909.0,CCC1(C(=O)NCNC1=O)C2=CC=CC=C2
702,DB00795,,
703,DB00796,2540.0,CCOC1=NC2=CC=CC(=C2N1CC3=CC=C(C=C3)C4=CC=CC=C4C5=NNN=N5)C(=O)OC(C)OC(=O)OC6CCCCC6
704,DB00797,5504.0,C1CN=C(N1)CC2=CC=CC=C2
705,DB00798,9898639.0,CC(C1CCC(C(O1)OC2C(CC(C(C2O)OC3C(C(C(CO3)(C)O)NC)O)N)N)N)N.CC(C1CCC(C(O1)OC2C(CC(C(C2O)OC3C(C(C(CO3)(C)O)NC)O)N)N)N)NC.CC1(COC(C(C1NC)O)OC2C(CC(C(C2O)OC3C(CCC(O3)CN)N)N)N)O
706,DB00799,5381.0,CCOC(=O)C1=CN=C(C=C1)C#CC2=CC3=C(C=C2)SCCC3(C)C
707,DB00800,3341.0,C1CNCC(C2=CC(=C(C(=C21)Cl)O)O)C3=CC=C(C=C3)O
708,DB00801,31640.0,C1C(=O)N(C2=C(C=C(C=C2)Cl)C(=N1)C3=CC=CC=C3)CC(F)(F)F
709,DB00802,51263.0,CCC(=O)N(C1=CC=CC=C1)C2(CCN(CC2)CCN3C(=O)N(N=N3)CC)COC
710,DB00803,,
711,DB00804,3042.0,CCN(CC)CCOC(=O)C1(CCCCC1)C2CCCCC2
712,DB00805,4199.0,CC1=CC(=NN=C1NCCN2CCOCC2)C3=CC=CC=C3
713,DB00806,4740.0,CC(=O)CCCCN1C(=O)C2=C(N=CN2C)N(C1=O)C
714,DB00807,4935.0,CCCOC1=C(C=C(C=C1)C(=O)OCCN(CC)CC)N
715,DB00808,3702.0,CC1CC2=CC=CC=C2N1NC(=O)C3=CC(=C(C=C3)Cl)S(=O)(=O)N
716,DB00809,5593.0,CCN(CC1=CC=NC=C1)C(=O)C(CO)C2=CC=CC=C2
717,DB00810,2381.0,C1CCN(CC1)CCC(C2CC3CC2C=C3)(C4=CC=CC=C4)O
718,DB00811,37542.0,C1=NC(=NN1C2C(C(C(O2)CO)O)O)C(=O)N
719,DB00812,4781.0,CCCCC1C(=O)N(N(C1=O)C2=CC=CC=C2)C3=CC=CC=C3
720,DB00813,3345.0,CCC(=O)N(C1CCN(CC1)CCC2=CC=CC=C2)C3=CC=CC=C3
721,DB00814,54677470.0,CC1=CN=C(S1)NC(=O)C2=C(C3=CC=CC=C3S(=O)(=O)N2C)O
722,DB00816,4086.0,CC(C)NCC(C1=CC(=CC(=C1)O)O)O
723,DB00817,287180.0,CCN1C=C(C(=O)C2=C1C=C(C=C2)C3=CC=NC=C3)C(=O)O
724,DB00818,4943.0,CC(C)C1=C(C(=CC=C1)C(C)C)O
725,DB00819,1986.0,CC(=O)NC1=NN=C(S1)S(=O)(=O)N
726,DB00820,110635.0,CN1CC(=O)N2C(C1=O)CC3=C(C2C4=CC5=C(C=C4)OCO5)NC6=CC=CC=C36
727,DB00821,2581.0,CC(C1=CC2=C(C=C1)C3=C(N2)C=CC(=C3)Cl)C(=O)O
728,DB00822,3117.0,CCN(CC)C(=S)SSC(=S)N(CC)CC
729,DB00823,9270.0,CC(=O)OC1CCC2C3CCC4(C(C3CCC2=C1)CCC4(C#C)OC(=O)C)C
730,DB00825,16666.0,CC1CCC(C(C1)O)C(C)C
731,DB00826,5284447.0,CC1CC=CC=CC=CC=CC(CC2C(C(CC(O2)(CC(CC3C(O3)C=CC(=O)O1)O)O)O)C(=O)O)OC4C(C(C(C(O4)C)O)N)O
732,DB00827,2762.0,CCN1C2=CC3=C(C=C2C(=O)C(=N1)C(=O)O)OCO3
733,DB00828,446987.0,CC1C(O1)P(=O)(O)O
734,DB00829,3016.0,CN1C(=O)CN=C(C2=C1C=CC(=C2)Cl)C3=CC=CC=C3
735,DB00830,4762.0,CC1C(OCCN1)C2=CC=CC=C2
736,DB00831,5566.0,CN1CCN(CC1)CCCN2C3=CC=CC=C3SC4=C2C=C(C=C4)C(F)(F)F
737,DB00832,6839.0,CN1C(=O)CC(C1=O)C2=CC=CC=C2
738,DB00833,51039.0,C1C(=C(N2C(S1)C(C2=O)NC(=O)C(C3=CC=CC=C3)N)C(=O)O)Cl
739,DB00834,55245.0,CC#CC1(CCC2C1(CC(C3=C4CCC(=O)C=C4CCC23)C5=CC=C(C=C5)N(C)C)C)O
740,DB00835,6834.0,CN(C)CCC(C1=CC=C(C=C1)Br)C2=CC=CC=N2
741,DB00836,3955.0,CN(C)C(=O)C(CCN1CCC(CC1)(C2=CC=C(C=C2)Cl)O)(C3=CC=CC=C3)C4=CC=CC=C4
742,DB00837,44115.0,C1=CC(=CC=C1C(=NCCCC(=O)N)C2=C(C=CC(=C2)F)O)Cl
743,DB00838,5311052.0,CC1CC2C3CC(C4=CC(=O)C=CC4(C3(C(CC2(C1C(=O)CO)C)O)Cl)C)F
744,DB00839,5503.0,CC1=CC=C(C=C1)S(=O)(=O)NC(=O)NN2CCCCCC2
745,DB00841,36811.0,CC(CCC1=CC=C(C=C1)O)NCCC2=CC(=C(C=C2)O)O
746,DB00842,4616.0,C1=CC=C(C=C1)C2=NC(C(=O)NC3=C2C=C(C=C3)Cl)O
747,DB00843,3152.0,COC1=C(C=C2C(=C1)CC(C2=O)CC3CCN(CC3)CC4=CC=CC=C4)OC
748,DB00844,5311304.0,C1CC(C1)CN2CCC34C5C(CCC3(C2CC6=C4C(=C(C=C6)O)O5)O)O
749,DB00845,2794.0,CC(C)N=C1C=C2C(=NC3=CC=CC=C3N2C4=CC=C(C=C4)Cl)C=C1NC5=CC=C(C=C5)Cl
750,DB00846,15209.0,CC1(OC2CC3C4CC(C5=CC(=O)CCC5(C4C(CC3(C2(O1)C(=O)CO)C)O)C)F)C
751,DB00847,118985556.0,C(C[S-])[NH3+]
752,DB00848,26879.0,C1CSC2=NC(CN21)C3=CC=CC=C3
753,DB00849,8271.0,CCC1(C(=O)NC(=O)N(C1=O)C)C2=CC=CC=C2
754,DB00850,4748.0,C1CN(CCN1CCCN2C3=CC=CC=C3SC4=C2C=C(C=C4)Cl)CCO
755,DB00851,135398738.0,CN(C)N=NC1=C(NC=N1)C(=O)N
756,DB00852,7028.0,CC(C(C1=CC=CC=C1)O)NC
757,DB00853,5394.0,CN1C(=O)N2C=NC(=C2N=N1)C(=O)N
758,DB00854,5359272.0,CN1CCC23CCCCC2C1CC4=C3C=C(C=C4)O
759,DB00855,137.0,C(CC(=O)O)C(=O)CN
760,DB00856,7697.0,C1=CC(=CC=C1OCC(CO)O)Cl
761,DB00857,1549008.0,CC(C)(C)C#CC=CCN(C)CC1=CC=CC2=CC=CC=C21
762,DB00859,6926437.0,CC(C)(C(C(=O)[O-])[NH3+])S
763,DB00860,5755.0,CC12CC(C3C(C1CCC2(C(=O)CO)O)CCC4=CC(=O)C=CC34C)O
764,DB00861,3059.0,C1=CC(=C(C=C1C2=C(C=C(C=C2)F)F)C(=O)O)O
765,DB00862,135400189.0,CCCC1=NC(=C2N1N=C(NC2=O)C3=C(C=CC(=C3)S(=O)(=O)N4CCN(CC4)CC)OCC)C
766,DB00863,5039.0,CNC(=C[N+](=O)[O-])NCCSCC1=CC=C(O1)CN(C)C
767,DB00864,445643.0,CC1CC(C2C(CC(C(O2)(C(=O)C(=O)N3CCCCC3C(=O)OC(C(C(CC(=O)C(C=C(C1)C)CC=C)O)C)C(=CC4CCC(C(C4)OC)O)C)O)C)OC)OC
768,DB00865,5311017.0,CC(CC1=CC=CC=C1)N(C)CC2=CC=CC=C2
769,DB00866,2119.0,CC(C)NCC(COC1=CC=CC=C1CC=C)O
770,DB00867,688570.0,CC(C(C1=CC=C(C=C1)O)O)NCCC2=CC=C(C=C2)O
771,DB00869,5284549.0,CCNC1CC(S(=O)(=O)C2=C1C=C(S2)S(=O)(=O)N)C
772,DB00870,5359.0,CC(C1=CC=C(C=C1)C(=O)C2=CC=CS2)C(=O)O
773,DB00871,5403.0,CC(C)(C)NCC(C1=CC(=CC(=C1)O)O)O
774,DB00872,151171.0,CC1=NC2=C(N1)CCN(C3=CC=CC=C32)C(=O)C4=CC=C(C=C4)NC(=O)C5=CC=CC=C5C6=CC=CC=C6
775,DB00873,9865442.0,CC12CC(C3C(C1CCC2(C(=O)OCCl)O)CCC4=CC(=O)C=CC34C)O
776,DB00875,5281881.0,C1CN(CCN1CCC=C2C3=CC=CC=C3SC4=C2C=C(C=C4)C(F)(F)F)CCO
777,DB00876,5281037.0,CCCCC1=NC=C(N1CC2=CC=C(C=C2)C(=O)O)C=C(CC3=CC=CS3)C(=O)O
778,DB00877,5284616.0,CC1CCC2CC(C(=CC=CC=CC(CC(C(=O)C(C(C(=CC(C(=O)CC(OC(=O)C3CCCCN3C(=O)C(=O)C1(O2)O)C(C)CC4CCC(C(C4)OC)O)C)C)O)OC)C)C)C)OC
779,DB00879,60877.0,C1C(OC(S1)CO)N2C=C(C(=NC2=O)N)F
780,DB00880,2720.0,C1=C2C(=CC(=C1Cl)S(=O)(=O)N)S(=O)(=O)N=CN2
781,DB00881,40466957.0,CCOC(=O)C(CCC1=CC=CC=C1)[NH2+]C(C)C(=O)N2CC3=CC=CC=C3CC2C(=O)[O-]
782,DB00882,2800.0,CCN(CC)CCOC1=CC=C(C=C1)C(=C(C2=CC=CC=C2)Cl)C3=CC=CC=C3
783,DB00883,6883.0,C1C(C2C(O1)C(CO2)O[N+](=O)[O-])O[N+](=O)[O-]
784,DB00884,44400168.0,C1=CC(=C[NH+]=C1)CC(O)(P(=O)(O)O)P(=O)(O)[O-]
785,DB00886,656629.0,C1CC(N2C(C1)SCCC(C2=O)NC(=O)C(CC3=CC=CC=C3)S)C(=O)O
786,DB00887,2471.0,CCCCNC1=C(C(=CC(=C1)C(=O)O)S(=O)(=O)N)OC2=CC=CC=C2
787,DB00888,4033.0,CN(CCCl)CCCl
788,DB00889,,
789,DB00890,667476.0,CC=C(C1=CC=C(C=C1)O)C(=CC)C2=CC=C(C=C2)O
790,DB00891,5336.0,C1=CC=NC(=C1)NS(=O)(=O)C2=CC=C(C=C2)N
791,DB00892,4633.0,CCCCOC1=C(C=CC(=C1)C(=O)OCCN(CC)CC)N
792,DB00893,,
793,DB00894,13769.0,CC12CCC3C(C1CCC(=O)O2)CCC4=CC(=O)C=CC34C
794,DB00895,45266800.0,CC1(C(NC(S1)C(C(=O)NCCCCC(C(=O)O)N)NC(=O)CC2=CC=CC=C2)C(=O)O)C.C(CCN)CC(C(=O)O)N
795,DB00896,5311412.0,CCC(=O)C1(C(CC2C1(CC(C3C2CCC4=CC(=O)C=CC34C)O)C)C)C
796,DB00897,5556.0,CC1=NN=C2N1C3=C(C=C(C=C3)Cl)C(=NC2)C4=CC=CC=C4Cl
797,DB00898,702.0,CCO
798,DB00899,60815.0,CCC(=O)N(C1=CC=CC=C1)C2(CCN(CC2)CCC(=O)OC)C(=O)OC
799,DB00900,135398739.0,C1CC(OC1CO)N2C=NC3=C2N=CNC3=O
800,DB00901,35330.0,CC1=CC=C(C=C1)C(=O)OC2=C(C=C(C=C2)C(CNC(C)(C)C)O)OC(=O)C3=CC=C(C=C3)C
801,DB00902,14677.0,CN1CCC(C1)CN2C3=CC=CC=C3SC4=CC=CC=C42
802,DB00903,3278.0,CCC(=C)C(=O)C1=C(C(=C(C=C1)OCC(=O)O)Cl)Cl
803,DB00904,4595.0,CC1=NC=CN1CC2CCC3=C(C2=O)C4=CC=CC=C4N3C
804,DB00905,5311027.0,CCNC(=O)CCCC=CCC1C(CC(C1C=CC(CCC2=CC=CC=C2)O)O)O
805,DB00906,40467242.0,CC1=C(SC=C1)C(=CCC[NH+]2CCCC(C2)C(=O)[O-])C3=C(C=CS3)C
806,DB00907,446220.0,CN1C2CCC1C(C(C2)OC(=O)C3=CC=CC=C3)C(=O)OC
807,DB00908,441074.0,COC1=CC2=C(C=CN=C2C=C1)C(C3CC4CCN3CC4C=C)O
808,DB00909,11967800.0,C1=CC=C2C(=C1)C(=NO2)CS(=N)(=O)O
809,DB00910,5281104.0,CC(C=CC(C)C(C)(C)O)C1CCC2C1(CCCC2=CC=C3CC(CC(C3)O)O)C
810,DB00911,5479.0,CCS(=O)(=O)CCN1C(=NC=C1[N+](=O)[O-])C
811,DB00912,65981.0,CCOC1=C(C=CC(=C1)CC(=O)NC(CC(C)C)C2=CC=CC=C2N3CCCCC3)C(=O)O
812,DB00913,8944.0,CCOC(=O)C1(CCN(CC1)CCC2=CC=C(C=C2)N)C3=CC=CC=C3
813,DB00914,8249.0,C1=CC=C(C=C1)CCN=C(N)N=C(N)N
814,DB00915,2130.0,C1C2CC3CC1CC(C2)(C3)N
815,DB00916,4173.0,CC1=NC=C(N1CCO)[N+](=O)[O-]
816,DB00917,5280360.0,CCCCCC(C=CC1C(CC(=O)C1CC=CCCCC(=O)O)O)O
817,DB00918,123606.0,CN(C)CCC1=CNC2=C1C=C(C=C2)CS(=O)(=O)N3CCCC3
818,DB00919,15541.0,CC1CC(=O)C2(C(O1)OC3C(C(C(C(C3O2)NC)O)NC)O)O
819,DB00920,3827.0,CN1CCC(=C2C3=C(C(=O)CC4=CC=CC=C42)SC=C3)CC1
820,DB00921,644073.0,CC(C)(C)C(C)(C1CC23CCC1(C4C25CCN(C3CC6=C5C(=C(C=C6)O)O4)CC7CC7)OC)O
821,DB00922,3033825.0,CC1CC(=O)NN=C1C2=CC=C(C=C2)NN=C(C#N)C#N
822,DB00923,43507.0,C1C(=C(N2C(S1)C(C2=O)NC(=O)CC3=CC=CC=C3CN)C(=O)O)CSC4=NN=NN4CC(=O)O
823,DB00924,2895.0,CN(C)CCC=C1C2=CC=CC=C2C=CC3=CC=CC=C31
824,DB00925,4768.0,CC(COC1=CC=CC=C1)N(CCCl)CC2=CC=CC=C2
825,DB00926,3312.0,CCOC(=O)C=C(C)C=CC=C(C)C=CC1=C(C(=C(C=C1C)OC)C)C
826,DB00927,5353622.0,C1=C(N=C(S1)N=C(N)N)CSCCC(=NS(=O)(=O)N)N
827,DB00928,9444.0,C1=NC(=NC(=O)N1C2C(C(C(O2)CO)O)O)N
828,DB00929,5282381.0,CCCCC(C)(CC=CC1C(CC(=O)C1CCCCCCC(=O)OC)O)O
829,DB00930,,
830,DB00931,,
831,DB00932,54682461.0,CCCC1(CC(=C(C(=O)O1)C(CC)C2=CC(=CC=C2)NS(=O)(=O)C3=NC=C(C=C3)C(F)(F)F)O)CCC4=CC=CC=C4
832,DB00933,4078.0,CN1CCCCC1CCN2C3=CC=CC=C3SC4=C2C=C(C=C4)S(=O)C
833,DB00934,4011.0,CNCCCC12CCC(C3=CC=CC=C31)C4=CC=CC=C24
834,DB00935,4636.0,CC1=CC(=C(C(=C1CC2=NCCN2)C)O)C(C)(C)C
835,DB00936,118212070.0,[H+].C1=CC=C(C(=C1)C(=O)O)[O-]
836,DB00937,7029.0,CCN(CC)C(C)C(=O)C1=CC=CC=C1
837,DB00938,5152.0,C1=CC=C(C=C1)CCCCOCCCCCCNCC(C2=CC(=C(C=C2)O)CO)O
838,DB00939,4037.0,CC1=C(C(=C(C=C1)Cl)NC2=CC=CC=C2C(=O)O)Cl
839,DB00940,4097.0,CC[N+](C)(CC)CCOC(=O)C1C2=CC=CC=C2OC3=CC=CC=C13
840,DB00941,3601.0,C[N+](C)(CCCCCC[N+](C)(C)C1C2=CC=CC=C2C3=CC=CC=C13)C4C5=CC=CC=C5C6=CC=CC=C46
841,DB00942,2911.0,C1CCN(CC1)CCC(C2CCCC2)(C3=CC=CC=C3)O
842,DB00943,24066.0,C1CC(OC1CO)N2C=CC(=NC2=O)N
843,DB00944,5966.0,CN(CCCCCCCCCCN(C)C(=O)OC1=CC=CC(=C1)[N+](C)(C)C)C(=O)OC2=CC=CC(=C2)[N+](C)(C)C
844,DB00945,2244.0,CC(=O)OC1=CC=CC=C1C(=O)O
845,DB00946,54680692.0,CCC(C1=CC=CC=C1)C2=C(C3=CC=CC=C3OC2=O)O
846,DB00947,104741.0,CC12CCC3C(C1CCC2O)C(CC4=C3C=CC(=C4)O)CCCCCCCCCS(=O)CCCC(C(F)(F)F)(F)F
847,DB00948,656511.0,CC1(C(N2C(S1)C(C2=O)NC(=O)C(C3=CC=CC=C3)NC(=O)N4CCN(C4=O)S(=O)(=O)C)C(=O)O)C
848,DB00949,3331.0,C1=CC=C(C=C1)C(COC(=O)N)COC(=O)N
849,DB00950,74685737.0,CC(C)(C1=CC=C(C=C1)C(CCC[NH+]2CCC(CC2)C(C3=CC=CC=C3)(C4=CC=CC=C4)O)O)C(=O)[O-]
850,DB00951,3767.0,C1=CN=CC=C1C(=O)NN
851,DB00952,4440.0,CNS(=O)(=O)CCC1=CC2=C(C=C1)NC=C2C3CCN(CC3)C
852,DB00953,5078.0,CN(C)CCC1=CNC2=C1C=C(C=C2)CN3C=NC=N3
853,DB00954,6473883.0,CCC1C(C2C(C(C(CC(C(C(C(C(C(=O)O1)C)OC3CC(C(C(O3)C)O)(C)OC)C)OC4C(C(CC(O4)C)N(C)C)O)(C)O)C)NC(O2)COCCOC)C)(C)O
854,DB00955,441306.0,CCNC1CC(C(C(C1OC2C(C(C(CO2)(C)O)NC)O)O)OC3C(CC=C(O3)CN)N)N
855,DB00956,5284569.0,CN1CCC23C4C1CC5=C2C(=C(C=C5)OC)OC3C(=O)CC4
856,DB00957,6540478.0,CCC12CCC3C(C1CCC2(C#C)OC(=O)C)CCC4=CC(=NO)CCC34
857,DB00958,10339178.0,C1CC(C1)(C(=O)[O-])C(=O)[O-].N.N.[Pt+2]
858,DB00959,6741.0,CC1CC2C3CCC(C3(CC(C2C4(C1=CC(=O)C=C4)C)O)C)(C(=O)CO)O
859,DB00960,4828.0,CC(C)NCC(COC1=CC=CC2=C1C=CN2)O
860,DB00961,4062.0,CC1=C(C(=CC=C1)C)NC(=O)C2CCCCN2C
861,DB00962,5719.0,CCN(C1=CC=CC(=C1)C2=CC=NC3=C(C=NN23)C#N)C(=O)C
862,DB00963,60726.0,C1=CC(=C(C(=C1)C(=O)C2=CC=C(C=C2)Br)N)CC(=O)O
863,DB00964,2216.0,C1CN=C(N1)NC2=C(C=C(C=C2Cl)N)Cl
864,DB00965,,
865,DB00966,65999.0,CCCC1=NC2=C(N1CC3=CC=C(C=C3)C4=CC=CC=C4C(=O)O)C=C(C=C2C)C5=NC6=CC=CC=C6N5C
866,DB00967,124087.0,C1CC2=C(C=CC(=C2)Cl)C(=C3CCNCC3)C4=C1C=CC=N4
867,DB00968,6919173.0,CC(CC1=CC(=C(C=C1)O)O)(C(=O)[O-])[NH3+]
868,DB00969,2099.0,CC1=C(N=CN1)CN2CCC3=C(C2=O)C4=CC=CC=C4N3C
869,DB00970,457193.0,CC1C(C(=O)NC(C(=O)N2CCCC2C(=O)N(CC(=O)N(C(C(=O)O1)C(C)C)C)C)C(C)C)NC(=O)C3=C4C(=C(C=C3)C)OC5=C(C(=O)C(=C(C5=N4)C(=O)NC6C(OC(=O)C(N(C(=O)CN(C(=O)C7CCCN7C(=O)C(NC6=O)C(C)C)C)C)C(C)C)C)N)C
870,DB00972,2267.0,CN1CCCC(CC1)N2C(=O)C3=CC=CC=C3C(=N2)CC4=CC=C(C=C4)Cl
871,DB00973,150311.0,C1=CC(=CC=C1C2C(C(=O)N2C3=CC=C(C=C3)F)CCC(C4=CC=C(C=C4)F)O)O
872,DB00974,5232305.0,C(C[NH+](CC(=O)O)CC(=O)[O-])[NH+](CC(=O)O)CC(=O)[O-]
873,DB00975,3108.0,C1CCN(CC1)C2=NC(=NC3=C2N=C(N=C3N4CCCCC4)N(CCO)CCO)N(CCO)CCO
874,DB00976,3002190.0,CCC1C2(C(C(C(=O)C(CC(C(C(C(=O)C(C(=O)O1)C)C)OC3C(C(CC(O3)C)N(C)C)O)(C)OC)C)C)N(C(=O)O2)CCCCN4C=C(N=C4)C5=CN=CC=C5)C
875,DB00977,5991.0,CC12CCC3C(C1CCC2(C#C)O)CCC4=C3C=CC(=C4)O
876,DB00978,3948.0,CCN1C=C(C(=O)C2=CC(=C(C(=C21)F)N3CCNC(C3)C)F)C(=O)O
877,DB00979,2905.0,CN(C)CCOC(=O)C(C1=CC=CC=C1)C2(CCCC2)O
878,DB00980,208902.0,CCC(=O)NCCC1CCC2=C1C3=C(C=C2)OCC3
879,DB00981,5983.0,CC12CCN(C1N(C3=C2C=C(C=C3)OC(=O)NC)C)C
880,DB00982,5282379.0,CC1=C(C(CCC1)(C)C)C=CC(=CC=CC(=CC(=O)O)C)C
881,DB00983,3410.0,CC(CC1=CC=C(C=C1)OC)NCC(C2=CC(=C(C=C2)O)NC=O)O
882,DB00984,229455.0,CC12CCC3C(C1CCC2OC(=O)CCC4=CC=CC=C4)CCC5=CC(=O)CCC35
883,DB00985,10660.0,CN1C2=C(C(=O)N(C1=O)C)NC(=N2)Cl.CN(C)CCOC(C1=CC=CC=C1)C2=CC=CC=C2
884,DB00986,3494.0,C[N+]1(CCC(C1)OC(=O)C(C2CCCC2)(C3=CC=CC=C3)O)C
885,DB00987,6253.0,C1=CN(C(=O)N=C1N)C2C(C(C(O2)CO)O)O
886,DB00988,681.0,C1=CC(=C(C=C1CCN)O)O
887,DB00989,77991.0,CCN(C)C(=O)OC1=CC=CC(=C1)C(C)N(C)C
888,DB00990,60198.0,CC12CCC3C(C1CCC2=O)CC(=C)C4=CC(=O)C=CC34C
889,DB00991,4614.0,C1=CC=C(C=C1)C2=C(OC(=N2)CCC(=O)O)C3=CC=CC=C3
890,DB00993,2265.0,CN1C=NC(=C1SC2=NC=NC3=C2NC=N3)[N+](=O)[O-]
891,DB00994,,
892,DB00995,16667669.0,CCP(CC)CC.CC(=O)OCC1C(C(C(C(O1)[S-])OC(=O)C)OC(=O)C)OC(=O)C.[Au+]
893,DB00996,3446.0,C1CCC(CC1)(CC(=O)O)CN
894,DB00997,31703.0,CC1C(C(CC(O1)OC2CC(CC3=C2C(=C4C(=C3O)C(=O)C5=C(C4=O)C(=CC=C5)OC)O)(C(=O)CO)O)N)O
895,DB00998,77992.0,CNC1CCC2=C(C1)C3=C(N2)C=CC(=C3)C(=O)N
896,DB00999,3639.0,C1NC2=CC(=C(C=C2S(=O)(=O)N1)S(=O)(=O)N)Cl
897,DB01000,19003.0,CC1(C(N2C(S1)C(C2=O)NC(=O)C3(CCCCC3)N)C(=O)O)C
898,DB01001,2083.0,CC(C)(C)NCC(C1=CC(=C(C=C1)O)CO)O
899,DB01002,92253.0,CCCCN1CCCCC1C(=O)NC2=C(C=CC=C2C)C
900,DB01004,135398740.0,C1=NC2=C(N1COC(CO)CO)N=C(NC2=O)N
901,DB01005,3657.0,C(=O)(N)NO
902,DB01006,3902.0,C1=CC(=CC=C1C#N)C(C2=CC=C(C=C2)C#N)N3C=NC=N3
903,DB01007,5482.0,C1=CC(=C(C=C1Cl)Cl)C(CN2C=CN=C2)OCC3=C(SC=C3)Cl
904,DB01008,2478.0,CS(=O)(=O)OCCCCOS(=O)(=O)C
905,DB01009,3825.0,CC(C1=CC(=CC=C1)C(=O)C2=CC=CC=C2)C(=O)O
906,DB01010,3202.0,CC[N+](C)(C)C1=CC(=CC=C1)O
907,DB01011,4174.0,CC(C)(C1=CN=CC=C1)C(=O)C2=CN=CC=C2
908,DB01012,156419.0,CC(C1=CC=CC2=CC=CC=C21)NCCCC3=CC(=CC=C3)C(F)(F)F
909,DB01013,32798.0,CCC(=O)OC1(C(CC2C1(CC(C3(C2CCC4=CC(=O)C=CC43C)F)O)C)C)C(=O)CCl
910,DB01014,,
911,DB01015,5329.0,CC1=CC(=NO1)NS(=O)(=O)C2=CC=C(C=C2)N
912,DB01016,3488.0,COC1=C(C=C(C=C1)Cl)C(=O)NCCC2=CC=C(C=C2)S(=O)(=O)NC(=O)NC3CCCCC3
913,DB01017,,
914,DB01018,3519.0,C1=CC(=C(C(=C1)Cl)CC(=O)N=C(N)N)Cl
915,DB01019,2370.0,CC(C[N+](C)(C)C)OC(=O)N
916,DB01020,27661.0,C1C(C2C(O1)C(CO2)O[N+](=O)[O-])O
917,DB01021,5560.0,C1=C2C(=CC(=C1Cl)S(=O)(=O)N)S(=O)(=O)NC(N2)C(Cl)Cl
918,DB01022,5284607.0,CC1=C(C(=O)C2=CC=CC=C2C1=O)CC=C(C)CCCC(C)CCCC(C)CCCC(C)C
919,DB01023,3333.0,CCOC(=O)C1=C(NC(=C(C1C2=C(C(=CC=C2)Cl)Cl)C(=O)OC)C)C
920,DB01024,446541.0,CC1=C2COC(=O)C2=C(C(=C1OC)CC=C(C)CCC(=O)O)O
921,DB01026,3823.0,CC(=O)N1CCN(CC1)C2=CC=C(C=C2)OCC3COC(O3)(CN4C=CN=C4)C5=C(C=C(C=C5)Cl)Cl
922,DB01028,4116.0,COC(C(Cl)Cl)(F)F
923,DB01029,3749.0,CCCCC1=NC2(CCCC2)C(=O)N1CC3=CC=C(C=C3)C4=CC=CC=C4C5=NNN=N5
924,DB01030,60700.0,CCC1(C2=C(COC1=O)C(=O)N3CC4=CC5=C(C=CC(=C5CN(C)C)O)N=C4C3=C2)O
925,DB01032,4911.0,CCCN(CCC)S(=O)(=O)C1=CC=C(C=C1)C(=O)O
926,DB01033,667490.0,C1=NC2=C(N1)C(=S)N=CN2
927,DB01034,5282054.0,CC=CCC=CCCC(=O)C1C(O1)C(=O)N
928,DB01035,4913.0,CCN(CC)CCNC(=O)C1=CC=C(C=C1)N
929,DB01036,443879.0,CC1=CC(=C(C=C1)O)C(CCN(C(C)C)C(C)C)C2=CC=CC=C2
930,DB01037,26757.0,CC(CC1=CC=CC=C1)N(C)CC#C
931,DB01038,18104.0,CCC(=O)C1=CC2=C(C=C1)SC3=CC=CC=C3N2CCCN4CCN(CC4)CCO
932,DB01039,3339.0,CC(C)OC(=O)C(C)(C)OC1=CC=C(C=C1)C(=O)C2=CC=C(C=C2)Cl
933,DB01041,5426.0,C1CC(=O)NC(=O)C1N2C(=O)C3=CC=CC=C3C2=O
934,DB01042,460612.0,C1=CC(=CC=C1CC(C(=O)O)N)N(CCCl)CCCl
935,DB01043,4054.0,CC12CC3CC(C1)(CC(C3)(C2)N)C
936,DB01044,5379.0,CC1CN(CCN1)C2=C(C=C3C(=C2OC)N(C=C(C3=O)C(=O)O)C4CC4)F
937,DB01045,135398735.0,CC1C=CC=C(C(=O)NC2=C(C(=C3C(=C2O)C(=C(C4=C3C(=O)C(O4)(OC=CC(C(C(C(C(C(C1O)C)O)C)OC(=O)C)C)OC)C)C)O)O)C=NN5CCN(CC5)C)C
938,DB01046,157920.0,CCCCC(C1(CCC2C(O1)CC(=O)C2CCCCCCC(=O)O)O)(F)F
939,DB01047,9642.0,CC(=O)OCC(=O)C12C(CC3C1(CC(C4(C3CC(C5=CC(=O)C=CC54C)F)F)O)C)OC(O2)(C)C
940,DB01048,441300.0,C1CC1NC2=C3C(=NC(=N2)N)N(C=N3)C4CC(C=C4)CO
941,DB01049,,
942,DB01050,3672.0,CC(C)CC1=CC=C(C=C1)C(C)C(=O)O
943,DB01051,54675769.0,CC1=C(C=CC2=C1OC(=O)C(=C2O)NC(=O)C3=CC(=C(C=C3)O)CC=C(C)C)OC4C(C(C(C(O4)(C)C)OC)OC(=O)N)O
944,DB01053,5904.0,CC1(C(N2C(S1)C(C2=O)NC(=O)CC3=CC=CC=C3)C(=O)O)C
945,DB01054,4507.0,CCOC(=O)C1=C(NC(=C(C1C2=CC(=CC=C2)[N+](=O)[O-])C(=O)OC)C)C
946,DB01056,38945.0,CC1=C(C(=CC=C1)C)NC(=O)C(C)N
947,DB01057,10548.0,CCOP(=O)(OCC)SCC[N+](C)(C)C
948,DB01058,4891.0,C1CCC(CC1)C(=O)N2CC3C4=CC=CC=C4CCN3C(=O)C2
949,DB01059,4539.0,CCN1C=C(C(=O)C2=CC(=C(C=C21)N3CCNCC3)F)C(=O)O
950,DB01060,33613.0,CC1(C(N2C(S1)C(C2=O)NC(=O)C(C3=CC=C(C=C3)O)N)C(=O)O)C
951,DB01061,6479523.0,CC1(C(N2C(S1)C(C2=O)NC(=O)C(C3=CC=CC=C3)NC(=O)N4CCNC4=O)C(=O)O)C
952,DB01062,4634.0,CCN(CC)CC#CCOC(=O)C(C1CCCCC1)(C2=CC=CC=C2)O
953,DB01063,17676.0,CC(=O)C1=CC2=C(C=C1)SC3=CC=CC=C3N2CCCN4CCN(CC4)CCO
954,DB01064,3779.0,CC(C)NCC(C1=CC(=C(C=C1)O)O)O
955,DB01065,896.0,CC(=O)NCCC1=CNC2=C1C=C(C=C2)OC
956,DB01066,9870843.0,CC1=C(SC=N1)C=CC2=C(N3C(C(C3=O)NC(=O)C(=NOC)C4=CSC(=N4)N)SC2)C(=O)O
957,DB01067,3478.0,CC1=CN=C(C=N1)C(=O)NCCC2=CC=C(C=C2)S(=O)(=O)NC(=O)NC3CCCCC3
958,DB01068,2802.0,C1C(=O)NC2=C(C=C(C=C2)[N+](=O)[O-])C(=N1)C3=CC=CC=C3Cl
959,DB01069,4927.0,CC(CN1C2=CC=CC=C2SC3=CC=CC=C31)N(C)C
960,DB01070,5311071.0,CC1CCC(CC1=CC=C2CCCC3(C2CCC3C(C)C=CC(C)C(C)C)C)O
961,DB01071,4066.0,C1CN2CCC1C(C2)CN3C4=CC=CC=C4SC5=CC=CC=C53
962,DB01072,148192.0,CC(C)(C)C(C(=O)NC(CC1=CC=CC=C1)C(CN(CC2=CC=C(C=C2)C3=CC=CC=N3)NC(=O)C(C(C)(C)C)NC(=O)OC)O)NC(=O)OC
963,DB01073,657237.0,C1=NC2=C(N=C(N=C2N1C3C(C(C(O3)CO)O)O)F)N
964,DB01074,4746.0,C1CCC(CC1)C(CC2CCCCN2)C3CCCCC3
965,DB01075,3100.0,CN(C)CCOC(C1=CC=CC=C1)C2=CC=CC=C2
966,DB01076,60823.0,CC(C)C1=C(C(=C(N1CCC(CC(CC(=O)O)O)O)C2=CC=C(C=C2)F)C3=CC=CC=C3)C(=O)NC4=CC=CC=C4
967,DB01077,3305.0,CC(O)(P(=O)(O)O)P(=O)(O)O
968,DB01078,28620.0,CC1C(C(CC(O1)OC2CCC3(C(C2)CCC4C3CC(C5(C4(CCC5C6=CC(=O)OC6)O)C)O)C)O)OC7CC(C(C(O7)C)OC8CC(C(C(O8)C)OC9C(C(C(C(O9)CO)O)O)O)O)O
969,DB01079,135409453.0,CCCCCN=C(N)NN=CC1=CNC2=C1C=C(C=C2)OC
970,DB01080,25202592.0,C=CC(CCC(=O)[O-])[NH3+]
971,DB01081,13505.0,CCOC(=O)C1(CCN(CC1)CCC(C#N)(C2=CC=CC=C2)C3=CC=CC=C3)C4=CC=CC=C4
972,DB01082,19649.0,CC1C(C(C(O1)OC2C(C(C(C(C2O)O)N=C(N)N)O)N=C(N)N)OC3C(C(C(C(O3)CO)O)O)NC)(C=O)O
973,DB01083,3034010.0,CCCCCCCCCCCC(CC1C(C(=O)O1)CCCCCC)OC(=O)C(CC(C)C)NC=O
974,DB01084,3219.0,CCOCCN1C2=CC=CC=C2N=C1N3CCCN(CC3)C
975,DB01085,5910.0,CCC1C(COC1=O)CC2=CN=CN2C
976,DB01086,2337.0,CCOC(=O)C1=CC=C(C=C1)N
977,DB01087,4908.0,CC(CCCN)NC1=C2C(=CC(=C1)OC)C=CC=N2
978,DB01088,5311181.0,CC#CCC(C)C(C=CC1C(CC2C1CC(=CCCCC(=O)O)C2)O)O
979,DB01089,8550.0,COC1C(CC2CN3CCC4=C(C3CC2C1C(=O)OC)NC5=CC=CC=C45)OC(=O)C6=CC(=C(C(=C6)OC)OC)OC
980,DB01090,5850.0,C[N+]1(CCCC1)CCCCC[N+]2(CCCC2)C
981,DB01092,439501.0,CC1C(C(C(C(O1)OC2CC(C3(C4C(CCC3(C2)O)C5(CCC(C5(CC4O)C)C6=CC(=O)OC6)O)CO)O)O)O)O
982,DB01093,679.0,CS(=O)C
983,DB01094,72281.0,COC1=C(C=C(C=C1)C2CC(=O)C3=C(C=C(C=C3O2)O)O)O
984,DB01095,5353627.0,CC(C)N1C2=CC=CC=C2C(=C1C=CC(CC(CC(=O)O)O)O)C3=CC=C(C=C3)F
985,DB01096,4612.0,CC(C)NCC1CCC2=CC(=C(C=C2N1)[N+](=O)[O-])CO
986,DB01097,3899.0,CC1=C(C=NO1)C(=O)NC2=CC=C(C=C2)C(F)(F)F
987,DB01098,446157.0,CC(C)C1=NC(=NC(=C1C=CC(CC(CC(=O)O)O)O)C2=CC=C(C=C2)F)N(C)S(=O)(=O)C
988,DB01099,3366.0,C1=NC(=O)NC(=C1F)N
989,DB01100,16362.0,C1CN(CCC1N2C3=CC=CC=C3NC2=O)CCCC(C4=CC=C(C=C4)F)C5=CC=C(C=C5)F
990,DB01101,60953.0,CCCCCOC(=O)NC1=NC(=O)N(C=C1F)C2C(C(C(O2)C)O)O
991,DB01102,60789.0,C1=CC(=CC=C1CCCCNCC(C2=CC(=C(C=C2)O)O)O)O
992,DB01103,237.0,CCN(CC)CCCC(C)NC1=C2C=C(C=CC2=NC3=C1C=CC(=C3)Cl)OC
993,DB01104,68617.0,CNC1CCC(C2=CC=CC=C12)C3=CC(=C(C=C3)Cl)Cl
994,DB01105,5210.0,CC(C)CC(C1(CCC1)C2=CC=C(C=C2)Cl)N(C)C
995,DB01106,,
996,DB01107,4162.0,CCC1(C(=O)C(CNC1=O)C)CC
997,DB01108,656583.0,CC12CCC3C(C1CCC2O)CCC45C3(CC(=C(C4O5)O)C#N)C
998,DB01109,,
999,DB01110,4189.0,C1=CC(=C(C=C1Cl)Cl)COC(CN2C=CN=C2)C3=C(C=C(C=C3)Cl)Cl
1000,DB01111,70789202.0,CCC(C)CCCCC(=O)NC(CCNCS(=O)(=O)[O-])C(=O)NC(C(C)O)C(=O)NC(CCNCS(=O)(=O)[O-])C(=O)NC1CCNC(=O)C(NC(=O)C(NC(=O)C(NC(=O)C(NC(=O)C(NC(=O)C(NC1=O)CCNCS(=O)(=O)[O-])CC(C)C)CC(C)C)CCNCS(=O)(=O)[O-])CCNCS(=O)(=O)[O-])C(C)O
1001,DB01112,5479529.0,CON=C(C1=CC=CO1)C(=O)NC2C3N(C2=O)C(=C(CS3)COC(=O)N)C(=O)O
1002,DB01113,4680.0,COC1=C(C=C(C=C1)CC2=NC=CC3=CC(=C(C=C32)OC)OC)OC
1003,DB01114,2725.0,CN(C)CCC(C1=CC=C(C=C1)Cl)C2=CC=CC=N2
1004,DB01115,4485.0,CC1=C(C(C(=C(N1)C)C(=O)OC)C2=CC=CC=C2[N+](=O)[O-])C(=O)OC
1005,DB01116,23576.0,C1CC2C3C(C[S+]2C1)N(C(=O)N3CC4=CC=CC=C4)CC5=CC=CC=C5
1006,DB01117,,
1007,DB01118,2157.0,CCCCC1=C(C2=CC=CC=C2O1)C(=O)C3=CC(=C(C(=C3)I)OCCN(CC)CC)I
1008,DB01119,3019.0,CC1=NS(=O)(=O)C2=C(N1)C=CC(=C2)Cl
1009,DB01120,667431.0,CC1=CC=C(C=C1)S(=O)(=O)NC(=O)NN2CC3CCCC3C2
1010,DB01121,4753.0,C1=CC=C(C=C1)CC(=O)NC(=O)N
1011,DB01122,2131.0,CC[N+](CC)(CCNC(=O)C(=O)NCC[N+](CC)(CC)CC1=CC=CC=C1Cl)CC2=CC=CC=C2Cl
1012,DB01124,5505.0,CCCCNC(=O)NS(=O)(=O)C1=CC=C(C=C1)C
1013,DB01126,6918296.0,CC12CCC3C(C1CCC2C(=O)NC4=C(C=CC(=C4)C(F)(F)F)C(F)(F)F)CCC5C3(C=CC(=O)N5)C
1014,DB01127,3198.0,C1=CC(=CC=C1COC(CN2C=CN=C2)C3=C(C=C(C=C3)Cl)Cl)Cl
1015,DB01128,2375.0,CC(CS(=O)(=O)C1=CC=C(C=C1)F)(C(=O)NC2=CC(=C(C=C2)C#N)C(F)(F)F)O
1016,DB01129,5029.0,CC1=C(C=CN=C1CS(=O)C2=NC3=CC=CC=C3N2)OCCCOC
1017,DB01130,6714002.0,CCC(=O)OCC(=O)C1(CCC2C1(CC(C3C2CCC4=CC(=O)C=CC34C)O)C)OC(=O)OCC
1018,DB01131,5353897.0,CC(C)N=C(N)N=C(N)NC1=CC=C(C=C1)Cl
1019,DB01132,4829.0,CCC1=CN=C(C=C1)CCOC2=CC=C(C=C2)CC3C(=O)NC(=O)S3
1020,DB01133,60937.0,C1=CC(=CC=C1SC(P(=O)(O)O)P(=O)(O)O)Cl
1021,DB01134,11876263.0,CC12CCC3C(C1CCC2C(=O)COC(=O)C(C)(C)C)CCC4=CC(=O)CCC34C
1022,DB01135,60169.0,C[N+]1(CCC2=CC(=C(C(=C2C1CC3=CC(=C(C(=C3)OC)OC)OC)OC)OC)OC)CCCOC(=O)CCC(=O)OCCC[N+]4(CCC5=CC(=C(C(=C5C4CC6=CC(=C(C(=C6)OC)OC)OC)OC)OC)OC)C
1023,DB01136,2585.0,COC1=CC=CC=C1OCCNCC(COC2=CC=CC3=C2C4=CC=CC=C4N3)O
1024,DB01137,149096.0,CC1COC2=C3N1C=C(C(=O)C3=CC(=C2N4CCN(CC4)C)F)C(=O)O
1025,DB01138,5342.0,C1=CC=C(C=C1)N2C(=O)C(C(=O)N2C3=CC=CC=C3)CCS(=O)C4=CC=CC=C4
1026,DB01139,30699.0,CC(=O)OCC1=C(N2C(C(C2=O)NC(=O)CSC3=CC=NC=C3)SC1)C(=O)O
1027,DB01140,47965.0,CC1=C(N2C(C(C2=O)NC(=O)C(C3=CC=C(C=C3)O)N)SC1)C(=O)O
1028,DB01141,477468.0,CCCCCOC1=CC=C(C=C1)C2=CC(=NO2)C3=CC=C(C=C3)C(=O)NC4CC(C(NC(=O)C5C(C(CN5C(=O)C(NC(=O)C(NC(=O)C6CC(CN6C(=O)C(NC4=O)C(C)O)O)C(C(C7=CC(=C(C=C7)O)OS(=O)(=O)O)O)O)C(CC(=O)N)O)C)O)O)O
1029,DB01142,3158.0,CN(C)CCC=C1C2=CC=CC=C2COC3=CC=CC=C31
1030,DB01143,2141.0,C(CN)CNCCSP(=O)(O)O
1031,DB01144,3038.0,C1=C(C=C(C(=C1S(=O)(=O)N)Cl)Cl)S(=O)(=O)N
1032,DB01146,3103.0,CN1CCC(CC1)OC(C2=CC=CC=C2)C3=CC=CC=C3
1033,DB01147,6098.0,CC1=C(C(=NO1)C2=CC=CC=C2Cl)C(=O)NC3C4N(C3=O)C(C(S4)(C)C)C(=O)O
1034,DB01148,3354.0,CC1=C(OC2=C(C1=O)C=CC=C2C(=O)OCCN3CCCCC3)C4=CC=CC=C4
1035,DB01149,4449.0,CCC1=NN(C(=O)N1CCOC2=CC=CC=C2)CCCN3CCN(CC3)C4=CC(=CC=C4)Cl
1036,DB01150,62977.0,CC=CC1=C(N2C(C(C2=O)NC(=O)C(C3=CC=C(C=C3)O)N)SC1)C(=O)O
1037,DB01151,2995.0,CNCCCN1C2=CC=CC=C2CCC3=CC=CC=C31
1038,DB01152,10079874.0,CC1C=CC=CC=CC=CC=CC=CC=CC(CC(C(C(CC(=O)CC(CC(CC(CC(=O)CCCC(=O)CC(=O)OC1C(C)CC(C)C(CC(=O)C2=CC=C(C=C2)N)O)O)O)O)O)C(=O)O)O)OC3C(C(C(C(O3)C)O)N)O
1039,DB01154,3032285.0,CCCC(C)C1(C(=O)NC(=S)NC1=O)CC=C
1040,DB01155,9571107.0,CON=C1CN(CC1CN)C2=C(C=C3C(=O)C(=CN(C3=N2)C4CC4)C(=O)O)F
1041,DB01156,444.0,CC(C(=O)C1=CC(=CC=C1)Cl)NC(C)(C)C
1042,DB01157,5583.0,CC1=C(C=CC2=C1C(=NC(=N2)N)N)CNC3=CC(=C(C(=C3)OC)OC)OC
1043,DB01158,2431.0,CC[N+](C)(C)CC1=CC=CC=C1Br
1044,DB01159,3562.0,C(C(F)(F)F)(Cl)Br
1045,DB01160,5282415.0,CCCCCC(C=CC1C(CC(C1CC=CCCCC(=O)O)O)O)O.C(C(CO)(CO)N)O
1046,DB01161,8612.0,CCN(CC)CCOC(=O)C1=C(C=C(C=C1)N)Cl
1047,DB01162,5401.0,COC1=C(C=C2C(=C1)C(=NC(=N2)N3CCN(CC3)C(=O)C4CCCO4)N)OC
1048,DB01163,40467053.0,CC1(C(N2C(S1)C(C2=O)NC=[N+]3CCCCCC3)C(=O)[O-])C
1049,DB01164,24854.0,[Cl-].[Cl-].[Ca+2]
1050,DB01165,3288597.0,CC1COC2=C3N1C=C(C(=O)C3=CC(=C2N4CC[NH+](CC4)C)F)C(=O)[O-]
1051,DB01166,2754.0,C1CCC(CC1)N2C(=NN=N2)CCCCOC3=CC4=C(C=C3)NC(=O)CC4
1052,DB01167,55283.0,CCC(C)N1C(=O)N(C=N1)C2=CC=C(C=C2)N3CCN(CC3)C4=CC=C(C=C4)OCC5COC(O5)(CN6C=NC=N6)C7=C(C=C(C=C7)Cl)Cl
1053,DB01168,4915.0,CC(C)NC(=O)C1=CC=C(C=C1)CNNC
1054,DB01169,261004.0,O=[As]O[As]=O
1055,DB01170,3518.0,C1CCCN(CCC1)CCN=C(N)N
1056,DB01171,4235.0,C1COCCN1CCNC(=O)C2=CC=C(C=C2)Cl
1057,DB01172,6032.0,C1C(C(C(C(C1N)OC2C(C(C(C(O2)CN)O)O)O)O)OC3C(C(C(C(O3)CO)O)N)O)N
1058,DB01173,4601.0,CC1=CC=CC=C1C(C2=CC=CC=C2)OCCN(C)C
1059,DB01174,4763.0,CCC1(C(=O)NC(=O)NC1=O)C2=CC=CC=C2
1060,DB01175,146570.0,CN(C)CCCC1(C2=C(CO1)C=C(C=C2)C#N)C3=CC=C(C=C3)F
1061,DB01176,6726.0,CN1CCN(CC1)C(C2=CC=CC=C2)C3=CC=CC=C3
1062,DB01177,42890.0,CC1C(C(CC(O1)OC2CC(CC3=C2C(=C4C(=C3O)C(=O)C5=CC=CC=C5C4=O)O)(C(=O)C)O)N)O
1063,DB01178,2717.0,CN1C(S(=O)(=O)CCC1=O)C2=CC=C(C=C2)Cl
1064,DB01180,32681.0,COC1C(CC2CN3CCC4=C(C3CC2C1C(=O)OC)NC5=C4C=CC(=C5)OC)OC(=O)C=CC6=CC(=C(C(=C6)OC)OC)OC
1065,DB01181,3690.0,C1CN(P(=O)(OC1)NCCCl)CCCl
1066,DB01182,4932.0,CCCNCC(COC1=CC=CC=C1C(=O)CCC2=CC=CC=C2)O
1067,DB01183,5284596.0,C=CCN1CCC23C4C(=O)CCC2(C1CC5=C3C(=C(C=C5)O)O4)O
1068,DB01184,3151.0,C1CN(CCC1N2C3=C(C=C(C=C3)Cl)NC2=O)CCCN4C5=CC=CC=C5NC4=O
1069,DB01185,6446.0,CC12CCC(=O)C=C1CCC3C2(C(CC4(C3CCC4(C)O)C)O)F
1070,DB01186,47811.0,CCCN1CC(CC2C1CC3=CNC4=CC=CC2=C34)CSC
1071,DB01188,2749.0,CC1=CC(=O)N(C(=C1)C2CCCCC2)O
1072,DB01189,42113.0,C(C(F)(F)F)(OC(F)F)F
1073,DB01190,446598.0,CCCC1CC(N(C1)C)C(=O)NC(C2C(C(C(C(O2)SC)O)O)O)C(C)Cl
1074,DB01191,66265.0,CCNC(C)CC1=CC(=CC=C1)C(F)(F)F
1075,DB01192,5284604.0,CN1CCC23C4C(=O)CCC2(C1CC5=C3C(=C(C=C5)O)O4)O
1076,DB01193,1978.0,CCCC(=O)NC1=CC(=C(C=C1)OCC(CNC(C)C)O)C(=O)C
1077,DB01194,68844.0,CCNC1CN(S(=O)(=O)C2=C1C=C(S2)S(=O)(=O)N)CCCOC
1078,DB01195,3356.0,C1CCNC(C1)CNC(=O)C2=C(C=CC(=C2)OCC(F)(F)F)OCC(F)(F)F
1079,DB01196,259331.0,CC12CCC3C(C1CCC2O)CCC4=C3C=CC(=C4)OC(=O)N(CCCl)CCCl
1080,DB01197,44093.0,CC(CS)C(=O)N1CCCC1C(=O)O
1081,DB01198,5735.0,CN1CCN(CC1)C(=O)OC2C3=NC=CN=C3C(=O)N2C4=NC=C(C=C4)Cl
1082,DB01199,6000.0,CN1CCC2=CC(=C3C=C2C1CC4=CC=C(C=C4)OC5=C6C(CC7=CC(=C(C=C7)O)O3)[N+](CCC6=CC(=C5O)OC)(C)C)OC
1083,DB01200,31101.0,CC(C)CC1C(=O)N2CCCC2C3(N1C(=O)C(O3)(C(C)C)NC(=O)C4CN(C5CC6=C(NC7=CC=CC(=C67)C5=C4)Br)C)O
1084,DB01201,135403821.0,CC1C=CC=C(C(=O)NC2=C(C(=C3C(=C2O)C(=C(C4=C3C(=O)C(O4)(OC=CC(C(C(C(C(C(C1O)C)O)C)OC(=O)C)C)OC)C)C)O)O)C=NN5CCN(CC5)C6CCCC6)C
1085,DB01202,5284583.0,CCC(C(=O)N)N1CCCC1=O
1086,DB01203,39147.0,CC(C)(C)NCC(COC1=CC=CC2=C1CC(C(C2)O)O)O
1087,DB01204,4212.0,C1=CC(=C2C(=C1NCCNCCO)C(=O)C3=C(C=CC(=C3C2=O)O)O)NCCNCCO
1088,DB01205,3373.0,CCOC(=O)C1=C2CN(C(=O)C3=C(N2C=N1)C=CC(=C3)F)C
1089,DB01206,3950.0,C1CCC(CC1)NC(=O)N(CCCl)N=O
1090,DB01207,5362391.0,C1=CC(=CC(=C1)C(F)(F)F)C(=NOCCCCC(=O)O)C2=CN=CC=C2
1091,DB01208,6956367.0,CC1CN(CC([NH2+]1)C)C2=C(C(=C3C(=C2F)N(C=C(C3=O)C(=O)[O-])C4CC4)N)F
1092,DB01209,3033053.0,CC12CCCCCC(C1N)CC3=C2C=C(C=C3)O
1093,DB01210,39468.0,CC(C)(C)NCC(COC1=CC=CC2=C1CCCC2=O)O
1094,DB01211,84029.0,CCC1C(C(C(C(=O)C(CC(C(C(C(C(C(=O)O1)C)OC2CC(C(C(O2)C)O)(C)OC)C)OC3C(C(CC(O3)C)N(C)C)O)(C)OC)C)C)O)(C)O
1095,DB01212,5479530.0,CN1C(=NC(=O)C(=O)N1)SCC2=C(N3C(C(C3=O)NC(=O)C(=NOC)C4=CSC(=N4)N)SC2)C(=O)O
1096,DB01213,3406.0,CC1=CNN=C1
1097,DB01214,31477.0,CC1=CC(=C(C(=C1OC(=O)C)C)C)OCC(CNC(C)C)O
1098,DB01215,3261.0,C1C2=NN=CN2C3=C(C=C(C=C3)Cl)C(=N1)C4=CC=CC=C4
1099,DB01216,57363.0,CC12CCC3C(C1CCC2C(=O)NC(C)(C)C)CCC4C3(C=CC(=O)N4)C
1100,DB01217,2187.0,CC(C)(C#N)C1=CC(=CC(=C1)CN2C=NC=N2)C(C)(C)C#N
1101,DB01218,37393.0,CCCCN(CCCC)CCC(C1=C2C=CC(=CC2=C3C=C(C=C(C3=C1)Cl)Cl)C(F)(F)F)O
1102,DB01219,6914273.0,C1C(=O)NC(=O)N1N=CC2=CC=C(O2)C3=CC=C(C=C3)[N+](=O)[O-]
1103,DB01220,6436173.0,CC1C=CC=C(C(=O)NC2=C(C3=C(C4=C(C(=C3O)C)OC(C4=O)(OC=CC(C(C(C(C(C(C1O)C)O)C)OC(=O)C)C)OC)C)C5=C2N6C=CC(=CC6=N5)C)O)C
1104,DB01221,3821.0,CNC1(CCCCC1=O)C2=CC=CC=C2Cl
1105,DB01222,5281004.0,CCCC1OC2CC3C4CCC5=CC(=O)C=CC5(C4C(CC3(C2(O1)C(=O)CO)C)O)C
1106,DB01223,9433.0,CN1C2=C(C(=O)N(C1=O)C)NC=N2.CN1C2=C(C(=O)N(C1=O)C)NC=N2.C(CN)N
1107,DB01224,5002.0,C1CN(CCN1CCOCCO)C2=NC3=CC=CC=C3SC4=CC=CC=C42
1108,DB01225,,
1109,DB01226,5281042.0,C[N+]1(CCC2=CC(=C(C=C2C1CC3=CC(=C(C(=C3)OC)OC)OC)OC)OC)CCCOC(=O)CCC=CCCC(=O)OCCC[N+]4(CCC5=CC(=C(C=C5C4CC6=CC(=C(C(=C6)OC)OC)OC)OC)OC)C
1110,DB01227,15130.0,CCC(C(CC(C)N(C)C)(C1=CC=CC=C1)C2=CC=CC=C2)OC(=O)C
1111,DB01228,48041.0,CN1CCCCC1CCC2=CC=CC=C2NC(=O)C3=CC=C(C=C3)OC
1112,DB01229,36314.0,CC1=C2C(C(=O)C3(C(CC4C(C3C(C(C2(C)C)(CC1OC(=O)C(C(C5=CC=CC=C5)NC(=O)C6=CC=CC=C6)O)O)OC(=O)C7=CC=CC=C7)(CO4)OC(=O)C)O)C)OC(=O)C
1113,DB01231,3055.0,C1CCN(CC1)CCCC(C2=CC=CC=C2)(C3=CC=CC=C3)O
1114,DB01232,441243.0,CC(C)(C)NC(=O)C1CC2CCCCC2CN1CC(C(CC3=CC=CC=C3)NC(=O)C(CC(=O)N)NC(=O)C4=NC5=CC=CC=C5C=C4)O
1115,DB01233,4168.0,CCN(CC)CCNC(=O)C1=CC(=C(C=C1OC)N)Cl
1116,DB01234,5743.0,CC1CC2C3CCC4=CC(=O)C=CC4(C3(C(CC2(C1(C(=O)CO)O)C)O)F)C
1117,DB01235,6971033.0,C1=CC(=C(C=C1CC(C(=O)[O-])[NH3+])O)O
1118,DB01236,5206.0,C(OC(C(F)(F)F)C(F)(F)F)F
1119,DB01238,60795.0,C1CC(=O)NC2=C1C=CC(=C2)OCCCCN3CCN(CC3)C4=C(C(=CC=C4)Cl)Cl
1120,DB01239,667467.0,CN(C)CCC=C1C2=CC=CC=C2SC3=C1C=C(C=C3)Cl
1121,DB01240,5282411.0,CCCCCC(C=CC1C(CC2C1CC(=CCCCC(=O)O)O2)O)O
1122,DB01241,3463.0,CC1=CC(=C(C=C1)C)OCCCC(C)(C)C(=O)O
1123,DB01242,2801.0,CN(C)CCCN1C2=CC=CC=C2CCC3=C1C=C(C=C3)Cl
1124,DB01243,2722.0,C1=CC2=C(C(=C(C=C2Cl)Cl)O)N=C1
1125,DB01244,2351.0,CC(C)COCC(CN(CC1=CC=CC=C1)C2=CC=CC=C2)N3CCCC3
1126,DB01245,2968.0,C[N+](C)(C)CCCCCCCCCC[N+](C)(C)C
1127,DB01246,5574.0,CC(CN1C2=CC=CC=C2SC3=CC=CC=C31)CN(C)C
1128,DB01247,3759.0,CC1=CC(=NO1)C(=O)NNCC2=CC=CC=C2
1129,DB01248,148124.0,CC1=C2C(C(=O)C3(C(CC4C(C3C(C(C2(C)C)(CC1OC(=O)C(C(C5=CC=CC=C5)NC(=O)OC(C)(C)C)O)O)OC(=O)C6=CC=CC=C6)(CO4)OC(=O)C)O)C)O
1130,DB01249,3724.0,CC(=O)N(CC(CN(C1=C(C(=C(C(=C1I)C(=O)NCC(CO)O)I)C(=O)NCC(CO)O)I)C(=O)C)O)C2=C(C(=C(C(=C2I)C(=O)NCC(CO)O)I)C(=O)NCC(CO)O)I
1131,DB01250,,
1132,DB01251,91610.0,CC1(C2=C(C=C(C=C2)OC)C(=O)N(C1=O)CCC3=CC=C(C=C3)S(=O)(=O)NC(=O)NC4CCCCC4)C
1133,DB01252,121891.0,C1CCC2CN(CC2C1)C(=O)CC(CC3=CC=CC=C3)C(=O)O
1134,DB01253,443884.0,CC(CO)NC(=O)C1CN(C2CC3=CNC4=CC=CC(=C34)C2=C1)C
1135,DB01254,3062316.0,CC1=C(C(=CC=C1)Cl)NC(=O)C2=CN=C(S2)NC3=CC(=NC(=N3)C)N4CCN(CC4)CCO
1136,DB01255,11597698.0,CC(CC1=CC=CC=C1)NC(=O)C(CCCCN)N
1137,DB01256,,
1138,DB01257,,
1139,DB01259,208908.0,CS(=O)(=O)CCNCC1=CC=C(O1)C2=CC3=C(C=C2)N=CN=C3NC4=CC(=C(C=C4)OCC5=CC(=CC=C5)F)Cl
1140,DB01260,5311066.0,CC1(OC2CC3C4CCC5=CC(=O)C=CC5(C4C(CC3(C2(O1)C(=O)CO)C)O)C)C
1141,DB01261,4369359.0,C1CN2C(=NN=C2C(F)(F)F)CN1C(=O)CC(CC3=CC(=C(C=C3F)F)F)N
1142,DB01262,451668.0,C1C(C(OC1N2C=NC(=NC2=O)N)CO)O
1143,DB01263,468595.0,CCC(C(C)O)N1C(=O)N(C=N1)C2=CC=C(C=C2)N3CCN(CC3)C4=CC=C(C=C4)OCC5CC(OC5)(CN6C=NC=N6)C7=C(C=C(C=C7)F)F
1144,DB01264,213039.0,CC(C)CN(CC(C(CC1=CC=CC=C1)NC(=O)OC2COC3C2CCO3)O)S(=O)(=O)C4=CC=C(C=C4)N
1145,DB01265,159269.0,CC1=CN(C(=O)NC1=O)C2CC(C(O2)CO)O
1146,DB01267,115237.0,CC1=C(C(=O)N2CCCC(C2=N1)O)CCN3CCC(CC3)C4=NOC5=C4C=CC(=C5)F
1147,DB01268,5329102.0,CCN(CC)CCNC(=O)C1=C(NC(=C1C)C=C2C3=C(C=CC(=C3)F)NC2=O)C
1148,DB01269,,
1149,DB01270,,
1150,DB01273,170361.0,C1C2CNCC1C3=CC4=NC=CN=C4C=C23
1151,DB01274,3083544.0,CC(CC1=CC=C(C=C1)OC)NCC(C2=CC(=C(C=C2)O)NC=O)O
1152,DB01275,3637.0,C1=CC=C2C(=C1)C=NN=C2NN
1153,DB01276,,
1154,DB01277,,
1155,DB01278,126456229.0,CCC(C)C(C(=NC(CC(C)C)C(=O)N1CCCC1C(=O)N2CCCC2C(=NC(C(C)O)C(=NC(CC(=N)O)C(=NC(C(C)C)C(=NCC(=NC(CO)C(=NC(CC(=N)O)C(=NC(C(C)O)C(=NC(CC3=CC=C(C=C3)O)C(=N)O)O)O)O)O)O)O)O)O)O)N=C(C4CCCN4C(=O)CN=C(C(CC5=CC=CC=C5)N=C(C(CC(=N)O)N=C(C(CC(=N)O)N=C(C(CO)N=C(C(CO)N=C(C(CC6=CN=CN6)N=C(C(C(C)C)N=C(C(CC(C)C)N=C(C(CC7=CC=CC=C7)N=C(C(CC(=N)O)N=C(C(C)N=C(C(CC(C)C)N=C(C(CCCNC(=N)N)N=C(C(CCC(=N)O)N=C(C(C(C)O)N=C(C(C)N=C(C8CSSCC(C(=NC(C(=NC(C(=NC(C(=NC(C(=N8)O)C(C)O)O)C)O)C(C)O)O)CC(=N)O)O)N=C(C(CCCCN)N)O)O)O)O)O)O)O)O)O)O)O)O)O)O)O)O)O)O)O
1156,DB01280,3011155.0,COC1=NC(=NC2=C1N=CN2C3C(C(C(O3)CO)O)O)N
1157,DB01281,,
1158,DB01282,16681432.0,CCC(C)C1C(=O)NC(C(=O)NC(C(=O)NC(CSCCCC(=O)NC(C(=O)N1)CC2=CC=C(C=C2)OC)C(=O)N3CCCC3C(=O)NC(CC(C)C)C(=O)NCC(=O)N)CC(=O)N)CCC(=O)N
1159,DB01283,151166.0,CC1=CC(=C(C=C1)NC2=C(C=CC=C2Cl)F)CC(=O)O
1160,DB01284,129627786.0,CC(C)C(C(=O)NCC(=O)NC(CCCCN)C(=O)NC(CCCCN)C(=O)NC(CCCN=C(N)N)C(=O)NC(CCCN=C(N)N)C(=O)N1CCCC1C(=O)NC(C(C)C)C(=O)NC(CCCCN)C(=O)NC(C(C)C)C(=O)NC(CC2=CC=C(C=C2)O)C(=O)N3CCCC3C(=O)O)NC(=O)C4CCCN4C(=O)C(CCCCN)NC(=O)CNC(=O)C(CC5=CNC6=CC=CC=C65)NC(=O)C(CCCN=C(N)N)NC(=O)C(CC7=CC=CC=C7)NC(=O)C(CC8=CNC=N8)NC(=O)C(CCC(=O)O)NC(=O)C(CCSC)NC(=O)C(CO)NC(=O)C(CC9=CC=C(C=C9)O)NC(=O)C(CO)N
1161,DB01285,,
1162,DB01288,3343.0,CC(CC1=CC=C(C=C1)O)NCC(C2=CC(=CC(=C2)O)O)O
1163,DB01289,32778.0,CC1=CC(=NO1)C(=O)NCCC2=CC=C(C=C2)S(=O)(=O)NC(=O)NN3CCCCCC3
1164,DB01291,4845.0,CC(C)(C)NCC(C1=NC(=C(C=C1)O)CO)O
1165,DB01294,53629521.0,C1=CC=C(C(=C1)C(=O)[O-])[O-].[OH-].[Bi+3]
1166,DB01295,2372.0,CC1=CC(=CC=C1)OCC(CNCCC2=CC(=C(C=C2)OC)OC)O
1167,DB01296,439213.0,C(C1C(C(C(C(O1)O)N)O)O)O
1168,DB01297,4883.0,CC(C)NCC(COC1=CC=C(C=C1)NC(=O)C)O
1169,DB01298,5322.0,CCN1C=CC(=NC1=O)NS(=O)(=O)C2=CC=C(C=C2)N
1170,DB01299,17134.0,COC1=C(N=CN=C1OC)NS(=O)(=O)C2=CC=C(C=C2)N
1171,DB01301,,
1172,DB01303,,
1173,DB01306,,
1174,DB01307,,
1175,DB01309,,
1176,DB01319,131536.0,CC(C)CN(CC(C(CC1=CC=CC=C1)NC(=O)OC2CCOC2)OP(=O)(O)O)S(=O)(=O)C3=CC=C(C=C3)N
1177,DB01320,56339.0,C1=CC=C(C=C1)C2(C(=O)N(C(=O)N2)COP(=O)(O)O)C3=CC=CC=C3
1178,DB01321,5282165.0,CC1CC=CC=CC(C(CC(C(C(C(CC(=O)O1)OC(=O)C)OC)OC2C(C(C(C(O2)C)OC3CC(C(C(O3)C)OC(=O)CC(C)C)(C)O)N(C)C)O)CC=O)C)O
1179,DB01323,,
1180,DB01324,4870.0,CN1C(NC2=CC(=C(C=C2S1(=O)=O)S(=O)(=O)N)Cl)CSCC(F)(F)F
1181,DB01325,6307.0,CCC1NC2=CC(=C(C=C2C(=O)N1)S(=O)(=O)N)Cl
1182,DB01326,456255.0,CN1C(=NN=N1)SCC2=C(N3C(C(C3=O)NC(=O)C(C4=CC=CC=C4)O)SC2)C(=O)O
1183,DB01327,33255.0,CC1=NN=C(S1)SCC2=C(N3C(C(C3=O)NC(=O)CN4C=NN=N4)SC2)C(=O)O
1184,DB01328,43594.0,C1C(=C(N2C(S1)C(C2=O)NC(=O)C(C3=CC=CC=C3)O)C(=O)O)CSC4=NN=NN4CS(=O)(=O)O
1185,DB01329,44187.0,CCN1CCN(C(=O)C1=O)C(=O)NC(C2=CC=C(C=C2)O)C(=O)NC3C4N(C3=O)C(=C(CS4)CSC5=NN=NN5C)C(=O)O
1186,DB01330,,
1187,DB01331,441199.0,COC1(C2N(C1=O)C(=C(CS2)COC(=O)N)C(=O)O)NC(=O)CC3=CC=CS3
1188,DB01332,6533629.0,CON=C(C1=CSC(=N1)N)C(=O)NC2C3N(C2=O)C(=CCS3)C(=O)O
1189,DB01333,40467109.0,CC1=C(N2C(C(C2=O)NC(=O)C(C3=CCC=CC3)[NH3+])SC1)C(=O)[O-]
1190,DB01336,21233.0,C[N+]1(CCC2=CC(=C3C=C2C1CC4=CC=C(C=C4)OC5=C6C(CC7=CC(=C(C=C7)OC)O3)[N+](CCC6=CC(=C5OC)OC)(C)C)OC)C
1191,DB01337,441289.0,CC(=O)OC1CC2CCC3C(C2(CC1[N+]4(CCCCC4)C)C)CCC5(C3CC(C5OC(=O)C)[N+]6(CCCCC6)C)C
1192,DB01338,50192.0,CC(=O)OC1CC2CCC3C(C2(CC1N4CC[N+](CC4)(C)C)C)CCC5(C3CC(C5OC(=O)C)N6CC[N+](CC6)(C)C)C
1193,DB01339,39765.0,CC(=O)OC1CC2CCC3C(C2(CC1N4CCCCC4)C)CCC5(C3CC(C5OC(=O)C)[N+]6(CCCCC6)C)C
1194,DB01340,40466888.0,CCOC(=O)C(CCC1=CC=CC=C1)[NH2+]C2CCCN3CCCC(N3C2=O)C(=O)[O-]
1195,DB01342,132706.0,CCCCC1=NN(C(=N1)CCCC)CC2=CN=C(C=C2)C3=CC=CC=C3C4=NNN=N4
1196,DB01344,,
1197,DB01345,813.0,[K+]
1198,DB01347,60921.0,CCC1=NC(=C(N1CC2=CC3=C(C=C2)OC(=C3Br)C4=CC=CC=C4NS(=O)(=O)C(F)(F)F)C(=O)N)C5CC5
1199,DB01348,40479741.0,CCOC(=O)C(CCC1=CC=CC=C1)[NH2+]C(C)C(=O)N2CC3(CC2C(=O)[O-])SCCS3
1200,DB01349,60919.0,CC1=C2CCC(=O)N(C2=NC(=N1)C)CC3=CC=C(C=C3)C4=CC=CC=C4C5=NNN=N5
1201,DB01351,2164.0,CCC1(C(=O)NC(=O)NC1=O)CCC(C)C
1202,DB01352,6464.0,CC(C)C1(C(=O)NC(=O)NC1=O)CC=C
1203,DB01353,6473.0,CCCCC1(C(=O)NC(=O)NC1=O)CC
1204,DB01354,10518.0,CCC1(C(=O)NC(=O)NC1=O)C2=CCCCCC2
1205,DB01355,3608.0,CC1(C(=O)NC(=O)N(C1=O)C)C2=CCCCC2
1206,DB01356,28486.0,[Li+]
1207,DB01357,6291.0,CC12CCC3C(C1CCC2(C#C)O)CCC4=C3C=CC(=C4)OC
1208,DB01359,37464.0,CC(C)(C)NCC(COC1=CC=CC=C1C2CCCC2)O
1209,DB01362,3730.0,CC(=O)N(CC(CO)O)C1=C(C(=C(C(=C1I)C(=O)NCC(CO)O)I)C(=O)NCC(CO)O)I
1210,DB01363,,
1211,DB01364,9294.0,CC(C(C1=CC=CC=C1)O)NC
1212,DB01365,3677.0,CC(C)(CC1=CC=CC=C1)NC
1213,DB01366,688563.0,CCC(C(C1=C2C=CC(=O)NC2=C(C=C1)O)O)NC(C)C
1214,DB01367,3052776.0,C#CCNC1CCC2=CC=CC=C12
1215,DB01369,5388937.0,CCC1C(=O)N2CCCC2C(=O)N(C(C(=O)N3CC(C(=O)CC3C(=O)NC(C(=O)OC(C(C(=O)N1)NC(=O)C4=C(C=CC=N4)O)C)C5=CC=CC=C5)CSC6CN7CCC6CC7)CC8=CC=C(C=C8)N(C)C)C
1216,DB01370,14488.0,[AlH3]
1217,DB01373,5460341.0,[Ca]
1218,DB01377,6850729.0,[O-2].[Mg+2]
1219,DB01378,888.0,[Mg+2]
1220,DB01380,5745.0,CC(=O)OCC(=O)C1(CCC2C1(CC(=O)C3C2CCC4=CC(=O)CCC34C)C)O
1221,DB01381,,
1222,DB01382,9565.0,COCCOC1=CN=C(N=C1)NS(=O)(=O)C2=CC=CC=C2
1223,DB01384,5875.0,CC1CC2C3CC(C4=CC(=O)C=CC4(C3C(CC2(C1(C(=O)CO)O)C)O)C)F
1224,DB01388,60663.0,CC(C)C1C2=C(CCC1(CCN(C)CCCC3=NC4=CC=CC=C4N3)OC(=O)COC)C=C(C=C2)F
1225,DB01390,22590783.0,[H+].C(=O)([O-])[O-].[Na+]
1226,DB01392,8969.0,COC(=O)C1C(CCC2C1CC3C4=C(CCN3C2)C5=CC=CC=C5N4)O
1227,DB01393,39042.0,CC(C)(C(=O)O)OC1=CC=C(C=C1)CCNC(=O)C2=CC=C(C=C2)Cl
1228,DB01394,6167.0,CC(=O)NC1CCC2=CC(=C(C(=C2C3=CC=C(C(=O)C=C13)OC)OC)OC)OC
1229,DB01395,68873.0,CC12CCC(=O)C=C1C3CC3C4C2CCC5(C4C6CC6C57CCC(=O)O7)C
1230,DB01396,441207.0,CC1C(C(CC(O1)OC2C(OC(CC2O)OC3C(OC(CC3O)OC4CCC5(C(C4)CCC6C5CCC7(C6(CCC7C8=CC(=O)OC8)O)C)C)C)C)O)O
1231,DB01397,101611440.0,C1=CC=C(C(=C1)C(=O)O)O.C1=CC=C(C(=C1)C(=O)[O-])[O-].[Mg+2]
1232,DB01399,5161.0,C1=CC=C(C(=C1)C(=O)OC2=CC=CC=C2C(=O)O)O
1233,DB01400,4456.0,CN(C)C(=O)OC1=CC=CC(=C1)[N+](C)(C)C
1234,DB01401,60147580.0,C[N+](C)(C)CCO.C1=CC=C(C(=C1)C(=O)[O-])O.C1=CC=C(C(=C1)C(=O)[O-])O.C1=CC=C(C(=C1)C(=O)O)[O-].[Mg+2]
1235,DB01403,72287.0,CC(CN1C2=CC=CC=C2SC3=C1C=C(C=C3)OC)CN(C)C
1236,DB01404,,
1237,DB01405,60021.0,CC1CN(CCN1)C2=C(C=C3C(=C2)N(C=C(C3=O)C(=O)O)C4=C(C=C(C=C4)F)F)F
1238,DB01406,28417.0,CC12CCC3C(C1CCC2(C#C)O)CCC4=CC5=C(CC34C)C=NO5
1239,DB01407,2783.0,CC(C)(C)NCC(C1=CC(=C(C(=C1)Cl)N)Cl)O
1240,DB01408,54766.0,CC(C)(C)NCC(C1=CC(=CC(=C1)OC(=O)N(C)C)OC(=O)N(C)C)O
1241,DB01409,,
1242,DB01410,6918155.0,CC(C)C(=O)OCC(=O)C12C(CC3C1(CC(C4C3CCC5=CC(=O)C=CC45C)O)C)OC(O2)C6CCCCC6
1243,DB01411,4887.0,C1=CC=C(C=C1)CCCCOC2=CC=C(C=C2)C(=O)NC3=CC=CC4=C3OC(=CC4=O)C5=NNN=N5
1244,DB01412,5429.0,CN1C=NC2=C1C(=O)NC(=O)N2C
1245,DB01413,5479537.0,C[N+]1(CCCC1)CC2=C(N3C(C(C3=O)NC(=O)C(=NOC)C4=CSC(=N4)N)SC2)C(=O)[O-]
1246,DB01414,91562.0,CC(=O)OCC1=C(N2C(C(C2=O)NC(=O)CC#N)SC1)C(=O)O
1247,DB01415,5282242.0,C1C=C(N2C(S1)C(C2=O)NC(=O)C(=CCC(=O)O)C3=CSC(=N3)N)C(=O)O
1248,DB01416,6335986.0,COCC1=C(N2C(C(C2=O)NC(=O)C(=NOC)C3=CSC(=N3)N)SC1)C(=O)O
1249,DB01418,54676537.0,CC(=O)CC(C1=CC=C(C=C1)[N+](=O)[O-])C2=C(C3=CC=CC=C3OC2=O)O
1250,DB01419,68723.0,C1CN(CCN1CCOC(=O)C2=CC=CC=C2NC3=C4C=CC(=CC4=NC=C3)C(F)(F)F)C5=CC=CC(=C5)C(F)(F)F
1251,DB01420,5995.0,CCC(=O)OC1CCC2C1(CCC3C2CCC4=CC(=O)CCC34C)C
1252,DB01421,165580.0,C1C(C(C(C(C1N)OC2C(C(C(C(O2)CO)O)O)N)OC3C(C(C(O3)CO)OC4C(C(C(C(O4)CN)O)O)N)O)O)N
1253,DB01422,19910.0,C1=CC2=C(C=CC(=C2N=C1)O)[N+](=O)[O-]
1254,DB01423,54120.0,CC(C(=O)NCC(=O)O)SC(=O)C1=CC=CS1
1255,DB01424,6009.0,CC1=C(C(=O)N(N1C)C2=CC=CC=C2)N(C)C
1256,DB01425,43008.0,COC1=CC2=NNN=C2C=C1C(=O)NCC3CCCN3CC=C
1257,DB01426,441080.0,CCC1C2CC3C4C5(CC(C2C5O)N3C1O)C6=CC=CC=C6N4C
1258,DB01427,3698.0,C1=CN=CC=C1C2=CNC(=O)C(=C2)N
1259,DB01428,4632.0,COC1=CC(=C(C=C1)C(=O)C2=CC=CC=C2)O
1260,DB01429,2218.0,CCN(CC)CCCN(C1CC2=CC=CC=C2C1)C3=CC=CC=C3
1261,DB01431,235905.0,CC12CCC3C(C1CCC2(CC=C)O)CCC4=CCCCC34
1262,DB01432,,
1263,DB01433,10517.0,CCC(C(CC(C)N(C)C)(C1=CC=CC=C1)C2=CC=CC=C2)OC(=O)C
1264,DB01434,92834.0,CC12CCC3C(C1CCC2=O)CCC4=CC(=O)CCC34
1265,DB01435,2206.0,CC1=CC(=O)N(N1C)C2=CC=CC=C2
1266,DB01436,5282181.0,CC(C)CCCC(C)C1CCC2C1(CCCC2=CC=C3CC(CC(C3=C)O)O)C
1267,DB01437,3487.0,CCC1(CCC(=O)NC1=O)C2=CC=CC=C2
1268,DB01438,,
1269,DB01440,10413.0,C(CC(=O)O)CO
1270,DB01442,26175.0,CC(CC1=CC2=C(C(=C1)OC)OCO2)N
1271,DB01445,10257.0,CN(C)CCC1=CNC2=C1C=C(C=C2)O
1272,DB01450,107765.0,CCCC(C)(C1CC23CCC1(C4C25CCN(C3CC6=C5C(=C(C=C6)O)O4)C)OC)O
1273,DB01452,5462328.0,CC(=O)OC1C=CC2C3CC4=C5C2(C1OC5=C(C=C4)OC(=O)C)CCN3C
1274,DB01454,1615.0,CC(CC1=CC2=C(C=C1)OCO2)NC
1275,DB01456,160531.0,CC12CCC3C(C1CCC2=O)CC=C4C3(CCC(=O)C4)C
1276,DB01459,61791.0,CCC(=O)N1C2=CC=CC=C2N(C1=O)C3CCN(CC3)CCC(C#N)(C4=CC=CC=C4)C5=CC=CC=C5
1277,DB01463,14584.0,CCNC1C2CCC(C2)C1C3=CC=CC=C3
1278,DB01466,5359271.0,CCOC1=C2C3=C(CC4C5C3(CCN4C)C(O2)C(C=C5)O)C=C1
1279,DB01467,27402.0,CCC1=CC(=C(C=C1OC)CC(C)N)OC
1280,DB01471,102146.0,CC1CC2=CC(=O)CCC2(C3C1C4CCC(C4(CC3)C)(C)O)C
1281,DB01472,31721.0,CC(CC1=CC=C(C=C1)OC)N
1282,DB01481,236666.0,CC12CCC3C(C1CCC2O)CCC4C3(C=CC(=O)C4)C
1283,DB01482,19527.0,CC(CC1=CC=CC=C1)NCCN2C=NC3=C2C(=O)N(C(=O)N3C)C
1284,DB01483,2294.0,CCC1(C(=O)NC(=O)NC1=O)CC
1285,DB01484,62065.0,CC(CC1=CC(=C(C=C1OC)Br)OC)N
1286,DB01485,160615.0,CC12CCC3C(C1CCC2O)CCC4=C(C(=O)CCC34C)O
1287,DB01488,6089.0,CN(C)CCC1=CNC2=CC=CC=C21
1288,DB01489,37367.0,CN1C2=C(C=C(C=C2)Cl)C(=NC(C1=O)OC(=O)N(C)C)C3=CC=CC=C3
1289,DB01495,10188.0,CC1=CC(=O)N(N1C)C2=CC=CC=C2.C(C(Cl)(Cl)Cl)(O)O.C(C(Cl)(Cl)Cl)(O)O
1290,DB01496,3003157.0,C1=CC=C(C(=C1)C2=CC=C(O2)CC3C(=O)NC(=S)NC3=O)C(F)(F)F
1291,DB01497,26721.0,CCCC(C)(C1CC23C=CC1(C4C25CCN(C3CC6=C5C(=C(C=C6)O)O4)C)OC)O
1292,DB01501,25273607.0,C1C[NH+](CCC1(C2=CC=CC=C2)C(=O)[O-])CCC(C#N)(C3=CC=CC=C3)C4=CC=CC=C4
1293,DB01509,1614.0,CC(CC1=CC2=C(C=C1)OCO2)N
1294,DB01510,,
1295,DB01511,17925.0,C1C(=O)NC2=C(C=C(C=C2)Cl)C(=N1)C3=CC=CC=C3Cl
1296,DB01520,62751.0,C1CCC(CC1)(C2=CC=CS2)N3CCCCC3
1297,DB01521,68947.0,CC12CCC3C(C1CCC2O)CCC4=C(C(=O)CCC34C)Cl
1298,DB01524,10634.0,CC12CCC3C(C1CCC2O)CC=C4C3(CCC(C4)O)C
1299,DB01525,91460.0,CN1C2CCC1C(C(C2)O)C(=O)O
1300,DB01529,92943.0,CC(CN1CCOCC1)C(C2=CC=CC=C2)(C3=CC=CC=C3)C(=O)N4CCCC4
1301,DB01531,5362456.0,CN1CCC23C4C1CC5=C2C(=C(C=C5)O)OC3CCC4
1302,DB01534,19094.0,CC(CC(C)(C)O)OC(C(Cl)(Cl)Cl)O
1303,DB01535,62156.0,CCC(=O)N(C1=CC=CC=C1)C2(CCN(CC2)CCC3=CC=CC=C3)C(=O)OC
1304,DB01536,6128.0,CC12CCC(=O)C=C1CCC3C2CCC4(C3CCC4=O)C
1305,DB01537,98527.0,COC1=CC(=C(C=C1CCN)OC)Br
1306,DB01541,13308.0,CC12CCC3C(C1CCC2O)CCC4=CC(=O)C=CC34C
1307,DB01543,10039774.0,CCC12CCC3C(C1CCC2O)CCC4=CC(=O)CCC34
1308,DB01544,3380.0,CN1C(=O)CN=C(C2=C1C=CC(=C2)[N+](=O)[O-])C3=CC=CC=C3F
1309,DB01545,3299.0,CCOC(=O)C1C(=O)NC2=C(C=C(C=C2)Cl)C(=N1)C3=CC=CC=C3F
1310,DB01547,5463863.0,CN1CCC23CC(CCC2(C1CC4=C3C(=C(C=C4)OC)OC)O)O
1311,DB01548,443408.0,CC(C)(C1CC23CCC1(C4C25CCN(C3CC6=C5C(=C(C=C6)O)O4)CC7CC7)OC)O
1312,DB01550,61810.0,CC(CC1=CC=CC=C1)NCCC#N
1313,DB01551,5284543.0,CN1CCC23C4C1CC5=C2C(=C(C=C5)OC)OC3C(CC4)O
1314,DB01553,2816.0,C1COC2(N1CC(=O)NC3=C2C=C(C=C3)Cl)C4=CC=CC=C4Cl
1315,DB01554,9835303.0,CC12CCC3C(C1CCC2O)CCC4=CC(CCC34)O
1316,DB01555,22308.0,CCC(C(CC(C)N(C)C)(C1=CC=CC=C1)C2=CC=CC=C2)OC(=O)C
1317,DB01556,10007.0,CC(C)(CC1=CC=C(C=C1)Cl)N
1318,DB01558,2441.0,C1C(=O)NC2=C(C=C(C=C2)Br)C(=N1)C3=CC=CC=N3
1319,DB01559,2811.0,CCC1=CC2=C(S1)N(C(=O)CN=C2C3=CC=CC=C3Cl)C
1320,DB01560,62258.0,CC(C(=O)C1=CC=CC=C1)N
1321,DB01562,60977.0,CC(=O)OC1(CCN(CC1)CCC2=CC=CC=C2)C3=CC=CC=C3
1322,DB01563,2707.0,C(C(Cl)(Cl)Cl)(O)O
1323,DB01564,28204.0,CC1CC2=CC(=O)CCC2(C3C1C4CCC(C4(CC3)C)(C)O)C
1324,DB01565,5359421.0,CN1CCC23C4C1CC5=C2C(=C(C=C5)O)OC3C(CC4)O
1325,DB01566,105039.0,CCNC(C)CC1=CC2=C(C=C1)OCO2
1326,DB01567,3369.0,CN1C(=O)CN=C(C2=C1C=CC(=C2)Cl)C3=CC=CC=C3F
1327,DB01569,17150.0,CC1(CCC2C1(CC(C3C2CCC4=CC(=O)C(=CC34C)C=O)O)C)O
1328,DB01572,7092657.0,CC12CCC3C(C1CCC2(C)O)CCC4C3(C=CC(=O)C4)C
1329,DB01575,92024769.0,O.O.[O-][Si]([O-])([O-])O[Si]([O-])([O-])[O-].[Al+3].[Al+3]
1330,DB01576,5826.0,CC(CC1=CC=CC=C1)N
1331,DB01577,10836.0,CC(CC1=CC=CC=C1)NC
1332,DB01579,30487.0,CC1C(OCCN1C)C2=CC=CC=C2
1333,DB01580,4631.0,CC(C)NCC(COC1=CC=CC=C1OCC=C)O
1334,DB01581,5325.0,CC1=NC(=NC=C1)NS(=O)(=O)C2=CC=C(C=C2)N
1335,DB01582,5327.0,CC1=CC(=NC(=N1)NS(=O)(=O)C2=CC=C(C=C2)N)C
1336,DB01583,169442970.0,C1=CC(=C(C=C1OC2=C(C=C(C=C2I)CC(C(=O)[O-])N)I)I)O.C1=C(C=C(C(=C1I)OC2=CC(=C(C(=C2)I)O)I)I)CC(C(=O)[O-])N.[Na+].[Na+]
1337,DB01586,31401.0,CC(CCC(=O)O)C1CCC2C1(CCC3C2C(CC4C3(CCC(C4)O)C)O)C
1338,DB01587,33746.0,CC1=CC(=O)N2CC(=O)N(C3=C(C2(O1)C4=CC=CC=C4)C=C(C=C3)Cl)C
1339,DB01588,4890.0,C1CC1CN2C(=O)CN=C(C3=C2C=CC(=C3)Cl)C4=CC=CC=C4
1340,DB01589,4999.0,C1C(=S)N(C2=C(C=C(C=C2)Cl)C(=N1)C3=CC=CC=C3F)CC(F)(F)F
1341,DB01590,6442177.0,CC1CCC2CC(C(=CC=CC=CC(CC(C(=O)C(C(C(=CC(C(=O)CC(OC(=O)C3CCCCN3C(=O)C(=O)C1(O2)O)C(C)CC4CCC(C(C4)OC)OCCO)C)C)O)OC)C)C)C)OC
1342,DB01591,154059.0,C1CN2CCC1C(C2)OC(=O)N3CCC4=CC=CC=C4C3C5=CC=CC=C5
1343,DB01592,23925.0,[Fe]
1344,DB01593,23994.0,[Zn]
1345,DB01594,3033621.0,C1=CC=C(C(=C1)C2=NC(C(=O)N(C3=C2C=C(C=C3)Cl)CCC#N)O)F
1346,DB01595,4506.0,C1C(=O)NC2=C(C=C(C=C2)[N+](=O)[O-])C(=N1)C3=CC=CC=C3
1347,DB01597,6435415.0,CC1(CC1C(=O)NC(=CCCCCSCC(C(=O)O)N)C(=O)O)C
1348,DB01598,40473166.0,CC(C1C2CC(=C(N2C1=O)C(=O)[O-])SCC[NH+]=CN)O
1349,DB01599,4912.0,CC(C)(C)C1=CC(=CC(=C1O)C(C)(C)C)SC(C)(C)SC2=CC(=C(C(=C2)C(C)(C)C)O)C(C)(C)C
1350,DB01600,5468.0,CC(C1=CC=C(S1)C(=O)C2=CC=CC=C2)C(=O)O
1351,DB01601,92727.0,CC1=C(C(=CC=C1)C)OCC(=O)NC(CC2=CC=CC=C2)C(CC(CC3=CC=CC=C3)NC(=O)C(C(C)C)N4CCCNC4=O)O
1352,DB01602,441397.0,CCOC(=O)OC(C)OC(=O)C1C(SC2N1C(=O)C2NC(=O)C(C3=CC=CC=C3)N)(C)C
1353,DB01603,6087.0,CC1(C(N2C(S1)C(C2=O)NC(=O)C3=C(C=CC=C3OC)OC)C(=O)O)C
1354,DB01604,33478.0,CC1(C(N2C(S1)C(C2=O)NC(=O)C(C3=CC=CC=C3)N)C(=O)OCOC(=O)C(C)(C)C)C
1355,DB01605,115163.0,CC1(C(N2C(S1)C(C2=O)N=CN3CCCCCC3)C(=O)OCOC(=O)C(C)(C)C)C
1356,DB01606,123630.0,CC1(C(N2C(S1(=O)=O)CC2=O)C(=O)O)CN3C=CN=N3
1357,DB01607,36921.0,CC1(C(N2C(S1)C(C2=O)NC(=O)C(C3=CSC=C3)C(=O)O)C(=O)O)C
1358,DB01608,4747.0,C1CN(CCC1O)CCCN2C3=CC=CC=C3SC4=C2C=C(C=C4)C#N
1359,DB01609,214348.0,C1=CC=C(C(=C1)C2=NN(C(=N2)C3=CC=CC=C3O)C4=CC=C(C=C4)C(=O)O)O
1360,DB01610,135413535.0,CC(C)C(C(=O)OCC(CO)OCN1C=NC2=C1N=C(NC2=O)N)N
1361,DB01611,3652.0,CCN(CCCC(C)NC1=C2C=CC(=CC2=NC=C1)Cl)CCO
1362,DB01612,10026.0,CCCCCON=O
1363,DB01613,5284553.0,C(C(C(CO[N+](=O)[O-])O[N+](=O)[O-])O[N+](=O)[O-])O[N+](=O)[O-]
1364,DB01614,6077.0,CC(=O)C1=CC2=C(C=C1)SC3=CC=CC=C3N2CCCN(C)C
1365,DB01615,26035.0,CC(CN1C2=CC=CC=C2SC3=C1C=C(C=C3)C(=O)C)N(C)C
1366,DB01616,3678.0,CCN(CCCC1=CC=CC=C1)CCCC2=CC=CC=C2
1367,DB01618,23897.0,CCC1=C(NC2=C1C(=O)C(CC2)CN3CCOCC3)C
1368,DB01619,11291.0,CN1CCC2=C(C1)C(C3=CC=CC=C23)C4=CC=CC=C4
1369,DB01620,4761.0,CN(C)CCC(C1=CC=CC=C1)C2=CC=CC=N2
1370,DB01621,62867.0,CN(C)S(=O)(=O)C1=CC2=C(C=C1)SC3=CC=CC=C3N2CCCN4CCC(CC4)CCO
1371,DB01622,9429.0,CN1CCN(CC1)CCCN2C3=CC=CC=C3SC4=C2C=C(C=C4)S(=O)(=O)N(C)C
1372,DB01623,941651.0,CN1CCN(CC1)CCC=C2C3=CC=CC=C3SC4=C2C=C(C=C4)S(=O)(=O)N(C)C
1373,DB01624,5311507.0,C1CN(CCN1CCC=C2C3=CC=CC=C3SC4=C2C=C(C=C4)Cl)CCO
1374,DB01625,3775.0,CC(C)[N+](C)(CCC(C1=CC=CC=C1)(C2=CC=CC=C2)C(=O)N)C(C)C
1375,DB01626,4688.0,CN(CC#C)CC1=CC=CC=C1
1376,DB01627,3000540.0,CCCC1CC(N(C1)C)C(=O)NC(C2C(C(C(C(O2)SC)O)O)O)C(C)O
1377,DB01628,123619.0,CC1=NC=C(C=C1)C2=C(C=C(C=N2)Cl)C3=CC=C(C=C3)S(=O)(=O)C
1378,DB01629,9427.0,C1=C(C(=O)NC(=O)N1C2C(C(C(O2)CO)O)O)F
1379,DB01638,5780.0,C(C(C(C(C(CO)O)O)O)O)O
1380,DB01645,5280961.0,C1=CC(=CC=C1C2=COC3=CC(=CC(=C3C2=O)O)O)O
1381,DB01650,637540.0,C1=CC=C(C(=C1)C=CC(=O)O)O
1382,DB01656,449193.0,C1CC1COC2=C(C=CC(=C2)C(=O)NC3=C(C=NC=C3Cl)Cl)OC(F)F
1383,DB01667,135403646.0,C12=NNN=C1N=C(NC2=O)N
1384,DB01669,5459319.0,CC1C=CC(=O)NCC=CC(=CC(CC(=O)CC2=NC(=CO2)C(=O)N3CCC=C3C(=O)OC1C(C)C)O)C
1385,DB01685,5288320.0,C1=CN=CC=C1C2=NC(=NN2)C3=CC(=NC=C3)C#N
1386,DB01698,5280805.0,CC1C(C(C(C(O1)OCC2C(C(C(C(O2)OC3=C(OC4=CC(=CC(=C4C3=O)O)O)C5=CC(=C(C=C5)O)O)O)O)O)O)O)O
1387,DB01700,65110.0,C1=NC(=C(N1C2C(C(C(O2)COP(=O)(O)O)O)O)N)C(=O)N
1388,DB01708,5881.0,CC12CCC3C(C1CCC2=O)CC=C4C3(CCC(C4)O)C
1389,DB01740,445180.0,CCCCC1=C([Se]C(=N1)N)CCC
1390,DB01764,6323289.0,CCN(CC)CCS(=O)(=O)C1CCN2C1C(=O)OC(C(C=CC(=O)NCC=CC(=CC(CC(=O)CC3=NC(=CO3)C2=O)O)C)C)C(C)C
1391,DB01783,6613.0,CC(C)(CO)C(C(=O)NCCC(=O)O)O
1392,DB01791,154575.0,COC1=C(C=C(C=C1)C(=O)NC2=C(C=NC=C2Cl)Cl)OC3CCCC3
1393,DB01816,54445.0,C1CN2CC(C(C(C2C1O)O)O)O
1394,DB01839,1030.0,CC(CO)O
1395,DB01873,447865.0,CC1CCCC(=CCC(OC(=O)CC(C(C(=O)C(C1O)C)(C)C)O)C(=CC2=CSC(=N2)C)C)C
1396,DB01892,,
1397,DB01910,65482.0,C1=NC(=C2C(=N1)N(C=N2)C3C(C(C(O3)CC(CCC(C(=O)O)N)N)O)O)N
1398,DB01933,72271.0,CC12C(C(CC(O1)N3C4=CC=CC=C4C5=C6C(=C7C8=CC=CC=C8N2C7=C53)C(NC6=O)O)NC)OC
1399,DB01942,18971002.0,[H+].C(=O)[O-]
1400,DB01954,5092.0,COC1=C(C=C(C=C1)C2CC(=O)NC2)OC3CCCC3
1401,DB01978,131704185.0,CN1C=[N+](C2=C1C(NC(N2)N)O)C
1402,DB02031,135398650.0,C1C(NC2=C(N1)N=C(NC2=O)N)CNC3=CC=C(C=C3)C(=O)NC(CCC(=O)O)C(=O)O
1403,DB02032,688267.0,CC(CS)C(=O)N1CCCC1C(=O)O
1404,DB02056,448457.0,CCCCCC(C=CC1C(C(CC1=O)O)CC=CCCCC(=O)O)O
1405,DB02058,1633.0,C1CN(CCN1C=O)C2=CC=C(C=C2)CC3C4=CC=CC=C4NC3=O
1406,DB02067,135403827.0,C1C(N(C2=C(N1)N=C(NC2=O)N)C=O)CNC3=CC=C(C=C3)C(=O)NC(CCC(=O)NC(CCC(=O)NC(CCC(=O)O)C(=O)O)C(=O)O)C(=O)O
1407,DB02105,3870203.0,C1=C(C=C(C(=C1[N+](=O)[O-])O)O)[N+](=O)[O-]
1408,DB02109,12717.0,C(C(=O)O)N(C=O)O
1409,DB02115,107971.0,C1=CC(=CC=C1C2=COC3=C(C2=O)C=CC(=C3)OC4C(C(C(C(O4)CO)O)O)O)O
1410,DB02123,12544.0,CC(CCC(=O)NCC(=O)O)C1CCC2C1(CCC3C2C(CC4C3(CCC(C4)O)C)O)C
1411,DB02134,1188.0,C1=NC2=C(N1)C(=O)NC(=O)N2
1412,DB02136,17753890.0,CC(C(=O)NC(C)C(=O)O)NC(=O)C(CCC1=C(NC(SC1)C(C(=O)O)NC(=O)CC2=CC=CC=C2)C(=O)O)NC(=O)CCC(C(=O)O)NC(=O)C
1413,DB02165,445443.0,O.O.O.[Zn]
1414,DB02178,998.0,C1=CC=C(C=C1)CC=O
1415,DB02187,223368.0,CC12CCC3C(=CCC4=C3C=CC(=C4)O)C1CCC2=O
1416,DB02207,1893.0,C1=CC2=C(C(=C1)[N+](=O)[O-])NN=C2
1417,DB02224,439533.0,C1=CC(=C(C=C1C2C(C(=O)C3=C(C=C(C=C3O2)O)O)O)O)O
1418,DB02234,5139.0,CCSC(=N)N
1419,DB02237,123966.0,C(C1C(C(C(C(O1)OC2C(OC(C(C2O)O)OC3C(OC(C(C3O)O)OC(C(CO)O)C(C(C=O)O)O)CO)CO)O)O)O)O
1420,DB02245,135497479.0,C1C=NC2=C1C(=O)NC(=N2)N
1421,DB02247,5288660.0,CC1=C(NC(SC1)C(C(=O)O)NC(=O)CC2=CC=CS2)C(=O)O
1422,DB02261,108156.0,CCCCCCCCCCCCCCCCOCC(COP(=O)([O-])OCC[N+](C)(C)C)OC(=O)C
1423,DB02266,3371.0,C1=CC=C(C(=C1)C(=O)O)NC2=CC=CC(=C2)C(F)(F)F
1424,DB02285,,
1425,DB02300,5288783.0,CC(C=CC(C1CC1)O)C2CCC3C2(CCCC3=CC=C4CC(CC(C4=C)O)O)C
1426,DB02304,5280881.0,CCCCCC(C=CC1=C(C(=O)CC1)CC=CCCCC(=O)O)O
1427,DB02329,636403.0,CC1(C2CCC3(C(C2(CCC1OC(=O)CCC(=O)O)C)C(=O)C=C4C3(CCC5(C4CC(CC5)(C)C(=O)O)C)C)C)C
1428,DB02342,66414.0,CC12CCC3C(C1CCC2O)CCC4=CC(=C(C=C34)OC)O
1429,DB02345,25076.0,C(C(C(=O)O)N)[SeH]
1430,DB02365,1318.0,C1=CC2=C(C3=C(C=CC=N3)C=C2)N=C1
1431,DB02369,4469807.0,CC(=CCCN(C)CCOP(=O)([O-])OP(=O)([O-])[O-])C
1432,DB02377,135398634.0,C1=NC2=C(N1)C(=O)NC(=N2)N
1433,DB02423,5289158.0,OP(=O)(O)OP(=S)(O)[O-]
1434,DB02424,5288382.0,CC1CC(C(C(C=C(C(C(C=CC=C(C(=O)NC2=CC(=O)C(=C(C1)C2=O)OC)C)OC)OC(=O)N)C)C)O)OC
1435,DB02442,49867669.0,C(C(C(=O)O)N)[SeH](=O)=O
1436,DB02489,135403591.0,CN1C=NC2=C1N=C(NC2=O)N
1437,DB02513,6989.0,CC1=CC(=C(C=C1)C(C)C)O
1438,DB02520,8987.0,CCN(CC)C(=S)S
1439,DB02527,6076.0,C1C2C(C(C(O2)N3C=NC4=C(N=CN=C43)N)O)OP(=O)(O1)O
1440,DB02546,5311.0,C1=CC=C(C=C1)NC(=O)CCCCCCC(=O)NO
1441,DB02552,445995.0,CC(=CCCC(=CCOP(=O)(O)OP(=O)(O)O)C)C
1442,DB02567,447077.0,CN1C2=NC(=NC=C2C=C(C1=O)C3=C(C=CC=C3Cl)Cl)NC4=CC(=CC=C4)SC
1443,DB02568,135413525.0,C1=CC(=CN=C1)CC2=CNC3=C2N=C(NC3=O)N
1444,DB02587,47936.0,CC(=O)OC1C(C2C(CCC(C2(C3(C1(OC(CC3=O)(C)C=C)C)O)C)O)(C)C)O
1445,DB02589,449633.0,CC[Se]C(=N)N
1446,DB02600,44310478.0,CCC(CC)OC1C=C(CC(C1NC(=O)C)[NH3+])C(=O)[O-]
1447,DB02638,,
1448,DB02640,6917655.0,CC(=CCC1C(O1)(C)C2C(C(CCC23CO3)OC(=O)C=CC=CC=CC=CC(=O)O)OC)C
1449,DB02659,221493.0,CC(CCC(=O)O)C1CCC2C1(C(CC3C2C(CC4C3(CCC(C4)O)C)O)O)C
1450,DB02691,5460316.0,CC(CCC(=O)NCC(=O)[O-])C1CCC2C1(C(CC3C2C(CC4C3(CCC(C4)O)C)O)O)C
1451,DB02699,5289090.0,CC1=C(C(CCC1=O)(C)C)C=CC(=CC=CC(=CCO)C)C
1452,DB02701,936.0,C1=CC(=CN=C1)C(=O)N
1453,DB02703,3000226.0,CC1C2CCC3(C(C2(CCC1O)C)C(CC4C3(CC(C4=C(CCC=C(C)C)C(=O)O)OC(=O)C)C)O)C
1454,DB02709,445154.0,C1=CC(=CC=C1C=CC2=CC(=CC(=C2)O)O)O
1455,DB02753,181653.0,C1=NC2=C(C(=N1)[SeH])N=CN2C3C(C(C(O3)CO)O)O
1456,DB02756,91665.0,C1CC(=O)N2CCC3=CC=CC1=C32
1457,DB02789,8955.0,CC(=O)C1CCC2C1(CCC3C2CC=C4C3(CCC(C4)O)C)C
1458,DB02806,8019.0,COCCO
1459,DB02845,3396560.0,CP(=O)O
1460,DB02852,5282253.0,CC(C=CC=C(C)C1CNC(C1CC(=O)O)C(=O)O)C(=O)O
1461,DB02860,5311365.0,CC1C(CC2(C(C(C(O2)C(CC(C(C)C(C(C)C=C(C)C(=CC=CC(=CC#N)C)C)O)O)OC)OP(=O)(O)O)(C)C)OC1CC=CC3=COC(=N3)C(C)CCNC(=O)C(C(C(COC)N(C)C)O)O)O
1462,DB02901,10635.0,CC12CCC(=O)CC1CCC3C2CCC4(C3CCC4O)C
1463,DB02925,4849.0,C1CCN(C1)C2=C(C(=CC(=C2)C(=O)O)S(=O)(=O)N)OC3=CC=CC=C3
1464,DB02948,572.0,C(CN(C=O)O)CP(=O)(O)O
1465,DB02958,17754089.0,C[Se](=O)CCC(C(=O)O)N
1466,DB02959,439280.0,C1=CC2=C(C=C1O)C(=CN2)CC(C(=O)O)N
1467,DB02968,131704224.0,CC1(C(NC(S1)C(C(=O)OCC(C(=O)[O-])N)N=C(CC2=CC=CC=C2)[O-])C(=O)O)C
1468,DB02975,16186054.0,CC1=C2C(=O)NC(C3=NC(=C(S3)COC)C(=O)NCC(=O)NC(C4=NC(=CS4)C5=NC(=CS5)C6=C(C=CC(=N6)C7=NC(=CS7)C8=NC(CO8)C(=O)N9CCCC9C(=O)N)C3=NC(=CS3)C(=O)NC(C(=N2)S1)CC(=O)NC)C(C1=CC=CC=C1)O)C(C)C
1469,DB03010,448013.0,CC1CCCC2(C(O2)CC(OC(=O)CC(C(C(=O)C(C1O)C)(C)C)O)C(=CC3=CSC(=N3)C)C)C
1470,DB03034,452723.0,CC1COC2=C3N1C=C(C(=O)C3=CC(=C2N4CCN(CC4)C)F)C(=O)O
1471,DB03040,139057210.0,C(C(=O)O)[NH+](CC(=O)O)CC(=O)[O-]
1472,DB03043,15480321.0,C1=C[Se]C2=C1C(=CN2)CC(C(=O)O)N
1473,DB03049,46936565.0,C(C(C(=O)O)N)S[SeH]
1474,DB03057,10964.0,C(C=O)C=O
1475,DB03070,444451.0,C1=C(N=C([Se]1)C2C(C(C(O2)COP(=O)(O)OP(=O)(O)OCC3C(C(C(O3)N4C=NC5=C(N=CN=C54)N)O)O)O)O)C(=O)N
1476,DB03098,1952.0,C[Se]CC(=O)[O-]
1477,DB03128,187.0,CC(=O)OCC[N+](C)(C)C
1478,DB03166,21980959.0,[H+].CC(=O)[O-]
1479,DB03172,6245.0,C1=CN(C2=NC=NC(=C21)N)C3C(C(C(O3)CO)O)O
1480,DB03174,490.0,C(C=O)P(=O)(O)O
1481,DB03209,4604.0,C1(=NC(=O)NC(=O)N1)C(=O)O
1482,DB03255,996.0,C1=CC=C(C=C1)O
1483,DB03256,135484651.0,C1C(N(C2=C(N1)N=C(NC2=O)N)C=O)CNC3=CC=C(C=C3)C(=O)NC(CCC(=O)O)C(=O)O
1484,DB03266,3485.0,C(CC=O)CC=O
1485,DB03312,446727.0,C1C(C(OC1N2C=C(C(=O)NC2=O)C=CBr)CO)O
1486,DB03313,65536.0,CC(=O)OCC1=C(N2C(C(C2=O)NC(=O)CCCC(C(=O)O)N)SC1)C(=O)O
1487,DB03322,21138.0,CC(C)NCC(COC1=CC=CC2=CC=CC=C21)O
1488,DB03374,9305.0,C1=C(C=C(C(=C1I)O)I)CC(C(=O)O)N
1489,DB03394,79718.0,C(COCCOCCOCCOCCOCCOCCO)O
1490,DB03395,60594.0,CC(C)CC(C(C(CC1CCCCC1)NC(=O)C(CC2=CN=CN2)NC(=O)C(CC3=CC=C(C=C3)OC)NC(=O)CC(C)(C)N)O)O
1491,DB03404,,
1492,DB03410,54682930.0,C1=CC=C2C(=C1)C(=CC(=O)O2)O
1493,DB03419,1174.0,C1=CNC(=O)NC1=O
1494,DB03423,446317.0,C1=NC(=C2C(=N1)N(C=N2)C3C(C(C(O3)C[Se]CCC(C(=O)O)N)O)O)N
1495,DB03424,72172.0,CC(C)CC(C(=O)O)NC(=O)C(C(CC1=CC=CC=C1)N)O
1496,DB03450,46936680.0,COC(=O)CC1=C(NC(SC1)C(C=O)NC(=O)CC2=CC=CS2)C(=O)O
1497,DB03459,39981.0,C(C(C(=O)O)NC(=O)CP(=O)(O)O)C(=O)O
1498,DB03467,439246.0,C1C(OC2=CC(=CC(=C2C1=O)O)O)C3=CC=C(C=C3)O
1499,DB03496,5287969.0,CN1CCC(C(C1)O)C2=C(C=C(C3=C2OC(=CC3=O)C4=CC=CC=C4Cl)O)O
1500,DB03509,657038.0,C1=CC(=C2C(=C1)N=CC(=N2)C3=CC=C(C=C3)Cl)C(=O)N
1501,DB03513,15480320.0,C1=C[Se]C2=C1NC=C2CC(C(=O)O)N
1502,DB03515,444865.0,CC12CCC3=C(C1CCC2=O)C=CC4=C3C=CC(=C4)O
1503,DB03523,57030.0,CC1=C(C2=C(C=CC(=C2)F)N=C1C3=CC=C(C=C3)C4=CC=CC=C4F)C(=O)O
1504,DB03553,23322899.0,[H+].[H+].C(CC(=O)[O-])CC(=O)[O-]
1505,DB03560,126.0,C1=CC(=CC=C1C=O)O
1506,DB03566,1102.0,C(CCNCCCN)CN
1507,DB03575,6468.0,C1CCC(CC1)(C2=CC=CC=C2)N3CCCCC3
1508,DB03585,4641.0,CCCCC1C(=O)N(N(C1=O)C2=CC=C(C=C2)O)C3=CC=CC=C3
1509,DB03587,880.0,CC(=O)C=O
1510,DB03600,135373094.0,[H+].CCCCCCCCCC(=O)[O-]
1511,DB03604,5803.0,C1=CC(=C(C=C1OC2=C(C=C(C=C2I)CC(=O)O)I)I)O
1512,DB03615,33042.0,C1C(C(C(C(C1N)OC2C(C(C(C(O2)CN)O)O)N)OC3C(C(C(O3)CO)O)O)O)N
1513,DB03619,222528.0,CC(CCC(=O)O)C1CCC2C1(C(CC3C2CCC4C3(CCC(C4)O)C)O)C
1514,DB03695,54369.0,CC1=C2C(=NC(=NC2=NC=C1CC3=C(C=CC(=C3)OC)OC)N)N
1515,DB03701,3455.0,C1CN(CCN1CCCC2=CC=CC=C2)CCOC(C3=CC=C(C=C3)F)C4=CC=C(C=C4)F
1516,DB03754,6503.0,C(C(CO)(CO)N)O
1517,DB03756,445580.0,CCC=CCC=CCC=CCC=CCC=CCC=CCCC(=O)O
1518,DB03758,6323491.0,CC1CC2C(O2)C=CC=CC(=O)CC3=C(C(=CC(=C3Cl)O)O)C(=O)O1
1519,DB03783,4754.0,CCOC1=CC=C(C=C1)NC(=O)C
1520,DB03793,20144841.0,[H+].C1=CC=C(C=C1)C(=O)[O-]
1521,DB03819,66644.0,C1=CC=C(C(=C1)C(=O)NO)O
1522,DB03825,,
1523,DB03843,712.0,C=O
1524,DB03849,,
1525,DB03866,5280883.0,CCCCCC(C=CC1C2CC(C1CC=CCCCC(=O)O)OO2)OO
1526,DB03880,5362422.0,CC(C)CC(C(CSC1=CC=CS1)C(=O)NO)C(=O)NC(CC2=CC=CC=C2)C(=O)NC
1527,DB03902,18676629.0,[H+].[H+].C(=O)(C(=O)[O-])[O-]
1528,DB03938,160139.0,CC1=C(N2C(C(C2=O)NC(=O)CCCC(C(=O)O)N)SC1)C(=O)O
1529,DB03946,72.0,C1=CC(=C(C=C1C(=O)O)O)O
1530,DB03966,54706138.0,CC1=CC=C(N1)C(=O)OC2C(C(OC(C2OC)(C)C)OC3=C(C4=C(C=C3)C(=C(C(=O)O4)NC(=O)C5=CC(=C(C=C5)O)CC=C(C)C)O)Cl)O
1531,DB04017,4380.0,CN(CCCOC1=C(C=C(C=C1)Cl)Cl)CC#C
1532,DB04066,637542.0,C1=CC(=CC=C1C=CC(=O)O)O
1533,DB04070,121904.0,CCC1C(C(C(C(=O)C(CC(C(C(C(C(C(=O)O1)C)O)C)O)C)C)C)O)C
1534,DB04076,790.0,C1=NC2=C(N1)C(=O)N=CN2
1535,DB04106,104799.0,CCOP(=O)(C(C)NC(=O)N(CCCl)N=O)OCC
1536,DB04124,135509117.0,CCC(C(=O)NCC=CC=C(C)C(C(C)C1C(C(C(O1)C=CC=CC=C(C)C(=O)C2=C(C=CN(C2=O)C)O)O)O)OC)C3(C(C(C(C(O3)C=CC=CC)(C)C)O)O)O
1537,DB04145,7510.0,C1=CC(=CN=C1)CO
1538,DB04160,21961011.0,[H+].[H+].[H+].[H+].[O-]P(=O)([O-])OP(=O)([O-])[O-]
1539,DB04165,71113.0,CCCC(CCC)C(=O)N
1540,DB04216,5280343.0,C1=CC(=C(C=C1C2=C(C(=O)C3=C(C=C(C=C3O2)O)O)O)O)O
1541,DB04222,9543443.0,CC1=C(C(=O)NC(=O)N1)C=CC(=O)NC(CO)CS(=O)CSC
1542,DB04249,,
1543,DB04250,20689.0,CCCC(=O)SCC[N+](C)(C)C
1544,DB04253,89105.0,C1CN1C2=C(C=C(C(=C2)C(=O)N)[N+](=O)[O-])[N+](=O)[O-]
1545,DB04258,5288149.0,CCC(CC)(C=CC=CC(C)C1CCC2C1(CCCC2=CC=C3CC(CC(C3=C)O)O)C)O
1546,DB04263,123865.0,CC(C1C(C(C(C(O1)OC2C(CC(C(C2O)OC3C(C(C(CO3)(C)O)NC)O)N)N)N)O)O)O
1547,DB04267,10367.0,C1=CC(=NC(=C1)C(=O)O)C(=O)O
1548,DB04272,88113319.0,[H+].[H+].C(C(=O)O)C(CC(=O)[O-])(C(=O)[O-])O
1549,DB04325,1001.0,C1=CC=C(C=C1)CCN
1550,DB04331,794323.0,CCOC(=O)C1=C(NC(=S)NC1C2=CC(=CC=C2)O)C
1551,DB04334,,
1552,DB04339,193653.0,C(C(C(=O)O)N)SCC(=O)O
1553,DB04348,6675.0,CC(CCC(=O)NCCS(=O)(=O)O)C1CCC2C1(C(CC3C2C(CC4C3(CCC(C4)O)C)O)O)C
1554,DB04356,135461003.0,C1=CNC2=C1N=C(NC2=O)N
1555,DB04365,2230.0,CN1CCC=C(C1)C(=O)OC
1556,DB04440,68368.0,C1=C2C(=NC=N1)N(C=N2)C3C(C(C(O3)CO)O)O
1557,DB04468,449459.0,CCC(=C(C1=CC=C(C=C1)O)C2=CC=C(C=C2)OCCN(C)C)C3=CC=CC=C3
1558,DB04513,5681.0,C1=CC2=C(C=CC=C2Cl)C(=C1)S(=O)(=O)NCCCCCCN
1559,DB04519,379.0,CCCCCCCC(=O)O
1560,DB04540,5997.0,CC(C)CCCC(C)C1CCC2C1(CCC3C2CC=C4C3(CCC(C4)O)C)C
1561,DB04552,4488.0,C1=CC(=CC(=C1)NC2=C(C=CC=N2)C(=O)O)C(F)(F)F
1562,DB04557,444899.0,CCCCCC=CCC=CCC=CCC=CCCCC(=O)O
1563,DB04570,47499.0,CN1C(=NN=N1)SCC2=C(N3C(C(C3=O)(NC(=O)C(C4=CC=C(C=C4)O)C(=O)O)OC)OC2)C(=O)O
1564,DB04571,5585.0,CC1=CC(=O)OC2=C1C=C3C=C(OC3=C2C)C
1565,DB04572,5453.0,C1CN1P(=S)(N2CC2)N3CC3
1566,DB04573,5756.0,CC12CCC3C(C1CC(C2O)O)CCC4=C3C=CC(=C4)O
1567,DB04574,3001028.0,CC12CCC3C(C1CCC2=O)CCC4=C3C=CC(=C4)OS(=O)(=O)O
1568,DB04575,9046.0,CC12CCC3C(C1CCC2(C#C)O)CCC4=C3C=CC(=C4)OC5CCCC5
1569,DB04576,40466912.0,C[NH+]1CCN(CC1)C2=C(C=C3C(=C2F)N(C=C(C3=O)C(=O)[O-])CCF)F
1570,DB04581,77918.0,C1=CC=C(C=C1)CN2C=CN=C2
1571,DB04599,2196.0,COC1=CC=C(C=C1)C(=O)N2CCCC2=O
1572,DB04619,7410.0,CC(=O)C1=CC=CC=C1
1573,DB04626,3081545.0,CNC1C(C2C(CC(C(O2)OC3C(CC(C(C3O)O)N)N)N)OC1OC4C(C(C(C(O4)CO)N)O)O)O
1574,DB04630,5839.0,CC12CCC(=O)C=C1CCC3C2C(CC4(C3CCC4C(=O)CO)C=O)O
1575,DB04652,5753.0,CC12CCC(=O)C=C1CCC3C2C(CC4(C3CCC4C(=O)CO)C)O
1576,DB04655,24466.0,CC1=C(C(=NC(=N1)N)N)C2=CC(=C(C=C2)Cl)Cl
1577,DB04665,323.0,C1=CC=C2C(=C1)C=CC(=O)O2
1578,DB04682,14123494.0,CC(C)(C)CC(C)(C)C1=CC=C(C=C1)OCCOCCOCCOCCOCCOCCOCCOCCOCCOCCOCCOCCOCCOCCOCCOCCOCCOCCOCCOCCOCCOCCOCCOCCOCCOCCOCCOCCOCCOCCO
1579,DB04688,104904.0,CN1C2CCC1C(C(C2)O)C(=O)OC
1580,DB04690,24360.0,CCC1(C2=C(COC1=O)C(=O)N3CC4=CC5=CC=CC=C5N=C4C3=C2)O
1581,DB04695,657041.0,CC(=CCCC(=CCCC(=CCSP(=O)(O)OP(=O)(O)O)C)C)C
1582,DB04707,3064778.0,C1CNCCN(C1)S(=O)(=O)C2=CC=CC3=C2C=CNC3=O
1583,DB04711,3739.0,C1=C(C(=C(C(=C1I)NC(=O)CCCCC(=O)NC2=C(C=C(C(=C2I)C(=O)O)I)I)I)C(=O)O)I
1584,DB04725,133021.0,CC1(CC2=C(C(=C(N2C1)CC(=O)O)C3=CC=C(C=C3)Cl)C4=CC=CC=C4)C
1585,DB04729,72396.0,CC1(COC(C(C1NC)O)OC2C(CC(C(C2O)OC3C(CCC(O3)CN)N)N)N)O
1586,DB04741,10972974.0,CC(C)C=CC=CC(C)C1=NC(=CS1)C2=NC(=CS2)C=CC(C(C)C(=CC(=O)N)OC)OC
1587,DB04743,4495.0,CS(=O)(=O)NC1=C(C=C(C=C1)[N+](=O)[O-])OC2=CC=CC=C2
1588,DB04744,,
1589,DB04785,54708748.0,CC1C2C=CC3(CO3)C(O2)(OC1C(C)C=C(C)C=CC(=C4C(=O)C(N(C4=O)C5CCC(C(O5)C)O)C(C)C(=O)NC)O)C
1590,DB04786,5361.0,CC1=C(C=C(C=C1)C(=O)NC2=C3C(=CC(=CC3=C(C=C2)S(=O)(=O)O)S(=O)(=O)O)S(=O)(=O)O)NC(=O)C4=CC(=CC=C4)NC(=O)NC5=CC=CC(=C5)C(=O)NC6=C(C=CC(=C6)C(=O)NC7=C8C(=CC(=CC8=C(C=C7)S(=O)(=O)O)S(=O)(=O)O)S(=O)(=O)O)C
1591,DB04789,135415868.0,CN1C(CNC2=C1C(=O)NC(=N2)N)CNC3=CC=C(C=C3)C(=O)NC(CCC(=O)O)C(=O)O
1592,DB04794,2378.0,C1=CC=C(C=C1)C2=CC=C(C=C2)C(C3=CC=CC=C3)N4C=CN=C4
1593,DB04795,5601.0,C1=CSC(=C1)C(=O)CC(=O)C(F)(F)F
1594,DB04796,6915835.0,CC(CC#CC(C)(C)O)C1CCC2C1(CCCC2=CC=C3CC(CC(C3)O)O)C
1595,DB04808,72392.0,C1C(C(C(C(C1N)OC2C(C(C(C(O2)CN)O)O)N)O)O)N
1596,DB04812,39941.0,CC(C1=CC2=C(C=C1)OC(=N2)C3=CC=C(C=C3)Cl)C(=O)O
1597,DB04816,2950.0,C1=CC2=C(C(=C1)O)C(=O)C3=C(C2=O)C=CC=C3O
1598,DB04817,3111.0,CC1=C(C(=O)N(N1C)C2=CC=CC=C2)N(C)CS(=O)(=O)O
1599,DB04818,3748.0,CC(C)NNC(=O)C1=CC=NC=C1
1600,DB04819,4098.0,CN(C)CCN(CC1=CC=CS1)C2=CC=CC=N2
1601,DB04820,4472.0,C1=CC=C(C=C1)CNC(=O)CCNNC(=O)C2=CC=NC=C2
1602,DB04821,4528.0,CN1CC(C2=C(C1)C(=CC=C2)N)C3=CC=CC=C3
1603,DB04823,31315.0,C1=CC=C2C(=C1)C(C(=O)N2)(C3=CC=C(C=C3)O)C4=CC=C(C=C4)O
1604,DB04824,4764.0,C1=CC=C2C(=C1)C(=O)OC2(C3=CC=C(C=C3)O)C4=CC=C(C=C4)O
1605,DB04825,9801.0,CC(CC1=CC=CC=C1)NCCC(C2=CC=CC=C2)C3=CC=CC=C3
1606,DB04826,27901.0,CN1CCC(CC1)N(CC2=CC=CS2)C3=CC=CC=C3
1607,DB04827,5641.0,CCOC(=O)N
1608,DB04828,5733.0,CC1=C(N(C(=C1)CC(=O)O)C)C(=O)C2=CC=C(C=C2)Cl
1609,DB04829,5761.0,CCN(CC)C(=O)C1CN(C2CC3=CNC4=CC=CC(=C34)C2=C1)C
1610,DB04830,2468.0,CCCCN=C(N)N=C(N)N
1611,DB04831,38409.0,C1=CSC(=C1)C(=O)C2=C(C(=C(C=C2)OCC(=O)O)Cl)Cl
1612,DB04832,5365247.0,CN(C)CC=C(C1=CC=C(C=C1)Br)C2=CN=CC=C2
1613,DB04833,6292.0,CC1=CC=CC=C1N2C(=NC3=CC=CC=C3C2=O)C
1614,DB04834,5311399.0,CCC(=O)OC1C(CC2C1(CCC3C2CCC4C3(CC(C(C4)OC(=O)C)N5CCCCC5)C)C)[N+]6(CCCCC6)CC=C
1615,DB04835,,
1616,DB04836,38988248.0,C1CC2=CC=CC=C2C(C3=CC=CC=C31)[NH2+]CCCCCCC(=O)[O-]
1617,DB04837,2795.0,CN(C)CCC(C1=CC=CC=C1)(C2=CC=CC=C2Cl)O
1618,DB04838,2893.0,CC1CC(CC(C1)(C)C)OC(=O)C(C2=CC=CC=C2)O
1619,DB04839,9880.0,CC(=O)C1(CCC2C1(CCC3C2C=C(C4=CC(=O)C5CC5C34C)Cl)C)OC(=O)C
1620,DB04840,2966.0,C1CN(CC2=CC=CC=C21)C(=N)N
1621,DB04841,941361.0,C1CN(CCN1CC=CC2=CC=CC=C2)C(C3=CC=C(C=C3)F)C4=CC=C(C=C4)F
1622,DB04842,3396.0,C1CN(CCC12C(=O)NCN2C3=CC=CC=C3)CCCC(C4=CC=C(C=C4)F)C5=CC=C(C=C5)F
1623,DB04843,4057.0,C[N+]1(CCCC(C1)OC(=O)C(C2=CC=CC=C2)(C3=CC=CC=C3)O)C
1624,DB04844,6018.0,CC(C)CC1CN2CCC3=CC(=C(C=C3C2CC1=O)OC)OC
1625,DB04845,6445540.0,CC1CCCC2(C(O2)CC(NC(=O)CC(C(C(=O)C(C1O)C)(C)C)O)C(=CC3=CSC(=N3)C)C)C
1626,DB04846,2663.0,CCN(CC)C(=O)NC1=CC(=C(C=C1)OCC(CNC(C)(C)C)O)C(=O)C
1627,DB04849,9933475.0,CC1=CC2=C(N1)C=CC(=C2F)OC3=NC=NC4=CC(=C(C=C43)OC)OCCCN5CCCC5
1628,DB04850,213049.0,C1CN(CC=C1C2=C(C=C(C=C2F)N3CC(OC3=O)COC4=NOC=C4)F)C(=O)C(CO)O
1629,DB04851,3037617.0,COC1=CC(=CC(=C1OC)OC)C(=O)C(=O)N2CCCCC2C(=O)OC(CCCC3=CN=CC=C3)CCCC4=CN=CC=C4
1630,DB04854,134018.0,CC1=C(SC(=N1)C2=CC(=C(C=C2)OCC(C)C)C#N)C(=O)O
1631,DB04855,208898.0,CCCCC1=C(C2=C(O1)C=CC(=C2)NS(=O)(=O)C)C(=O)C3=CC=C(C=C3)OCCCN(CCCC)CCCC
1632,DB04856,65937.0,CCCCCN(CCCOC)C(=O)C(CCC(=O)O)NC(=O)C1=CC(=C(C=C1)Cl)Cl
1633,DB04858,135413511.0,C1=CC=C2C(=C1)[N+](=C(N=[N+]2[O-])N)[O-]
1634,DB04861,71301.0,C1CC2=C(C=CC(=C2)F)OC1C(CNCC(C3CCC4=C(O3)C=CC(=C4)F)O)O
1635,DB04863,135565050.0,COC(=O)CC1CC(NC1=O)COC2=CC=C(C=C2)C3=CC=C(C=C3)C(=N)NC(=O)OC
1636,DB04864,854026.0,CC=C1C2CC3=C(C1(CC(=C2)C)N)C=CC(=O)N3
1637,DB04865,285033.0,CC(C)(CCCC(CC(=O)OC)(C(=O)OC1C2C3=CC4=C(C=C3CCN5C2(CCC5)C=C1OC)OCO4)O)O
1638,DB04866,456390.0,C1CC(C(NC1)CC(=O)CN2C=NC3=CC(=C(C=C3C2=O)Cl)Br)O
1639,DB04868,644241.0,CC1=C(C=C(C=C1)C(=O)NC2=CC(=CC(=C2)C(F)(F)F)N3C=C(N=C3)C)NC4=NC=CC(=N4)C5=CN=CC=C5
1640,DB04871,11658860.0,CC1CNCCC2=C1C=C(C=C2)Cl
1641,DB04872,219077.0,CC(=O)N(C)C1(CCN(CC1)CCCC2(CCCN(C2)C(=O)C3=CC=CC=C3)C4=CC(=C(C=C4)Cl)Cl)C5=CC=CC=C5
1642,DB04876,6918537.0,C1CC(N(C1)C(=O)CNC23CC4CC(C2)CC(C4)(C3)O)C#N
1643,DB04878,444020.0,C1C(C(C(C(C1(CO)O)O)O)O)NC(CO)CO
1644,DB04879,151194.0,C1=CC=C2C(=C1)C(=NN=C2NC3=CC=C(C=C3)Cl)CC4=CC=NC=C4
1645,DB04880,53708.0,CC1=C(NC(=O)N1)C(=O)C2=CC=C(C=C2)SC
1646,DB04881,119373.0,COC1=CC=CC2=C1NC3=C(C2=O)C=CC=C3C(=O)NC4=CC=C(C=C4)CCN5CCC6=CC(=C(C=C6C5)OC)OC
1647,DB04884,71353.0,CN(C)C(CCOC1=CC=CC2=CC=CC=C21)C3=CC=CC=C3
1648,DB04885,6918107.0,CC1=NC=CN1CC2CCC3=C(C2=O)C4=CC=CC5=C4N3CCC5
1649,DB04886,64972.0,CCCC1=CC(=O)OC2=C1C3=C(C=CC(O3)(C)C)C4=C2C(C(C(O4)C)C)O
1650,DB04888,208951.0,C1CN(CCN1CC2=CC(=CC=C2)C3=CC=CC=C3)C4=CC=CC5=C4OC(=O)N5
1651,DB04889,47953.0,CC1=CC=C(C=C1)C23CC2CNC3
1652,DB04891,5289547.0,CCC(C)C1CCC2C1(CCCC2=CC=C3CC(C(=C)C(C3)O)O)C
1653,DB04892,192706.0,CC12CCN(C1N(C3=C2C=C(C=C3)OC(=O)NC4=CC=CC=C4)C)C
1654,DB04894,,
1655,DB04895,,
1656,DB04896,11622909.0,CCN(CC)C(=O)C1(CC1CN)C2=CC=CC=C2
1657,DB04897,,
1658,DB04898,9574101.0,CCOC(=O)CNC(C1CCCCC1)C(=O)N2CCC2C(=O)NCC3=CC=C(C=C3)C(=NO)N
1659,DB04899,,
1660,DB04900,,
1661,DB04901,,
1662,DB04903,131664.0,CC(C)CCC(=O)CC1C2=CC=CC=C2C(=O)N1C3=NC4=C(C=C3)C=CC(=N4)Cl
1663,DB04905,108092.0,CCN(CC)CCOC1=CC=C(C=C1)CC2=CC=CC=C2
1664,DB04907,,
1665,DB04908,6918248.0,C1CN(CCN1CCN2C3=CC=CC=C3NC2=O)C4=CC=CC(=C4)C(F)(F)F
1666,DB04911,101991076.0,CC1C(C(CC(O1)OC2C3C(=NC(C4=C(C(=CC(=C4)O)O)C5=C(C=CC(=C5)C(C(=N3)O)N=C(C6C7=CC(=C(C(=C7)OC8=C(C=C2C=C8)Cl)OC9C(C(C(C(O9)CO)O)O)OC1CC(C(C(O1)C)O)(C)NCC1=CC=C(C=C1)C1=CC=C(C=C1)Cl)OC1=C(C=C(C=C1)C(C(C(=NC(C(=N6)O)CC(=N)O)O)N=C(C(CC(C)C)NC)O)O)Cl)O)O)C(=O)O)O)(C)N)O
1667,DB04914,,
1668,DB04917,3052778.0,COC1=C(C=CC(=C1Cl)N)C(=O)NC2CCN3CCCC2C3
1669,DB04918,135413542.0,C1CNCC1N2CCC(=CC3=C(N4C(C(C4=O)NC(=O)C(=NO)C5=NSC(=N5)N)SC3)C(=O)O)C2=O
1670,DB04920,153994.0,CCCC(=O)OCOC(=O)C1=C(NC(=C(C1C2=C(C(=CC=C2)Cl)Cl)C(=O)OC)C)C
1671,DB04925,,
1672,DB04930,40326.0,CC1(C(C1C(=O)OCC2=CC(=CC=C2)OC3=CC=CC=C3)C=C(Cl)Cl)C
1673,DB04932,,
1674,DB04934,,
1675,DB04936,92092.0,C(C(C(C(C(=O)CO)O)O)O)O
1676,DB04938,3036505.0,C1=CC=C(C=C1)C(=C(C2=CC=CC=C2)C3=CC=C(C=C3)OCCO)CCCl
1677,DB04946,71360.0,CC(=O)C1=CC(=C(C=C1)OCCCN2CCC(CC2)C3=NOC4=C3C=CC(=C4)F)OC
1678,DB04948,30668.0,CC(C1=NCCN1)OC2=C(C=CC=C2Cl)Cl
1679,DB04949,,
1680,DB04950,,
1681,DB04951,40632.0,CC1=CN(C(=O)C=C1)C2=CC=CC=C2
1682,DB04952,,
1683,DB04953,121892.0,CCOC(=O)NC1=C(C=C(C=C1)NCC2=CC=C(C=C2)F)N
1684,DB04956,,
1685,DB04957,9571004.0,CN1CCN(CC1)CCCCN2C(=O)CN(C2=O)N=CC3=CC=C(O3)C4=CC=C(C=C4)Cl
1686,DB04958,,
1687,DB04960,159324.0,CN1C=NC=C1C(C2=CC=C(C=C2)Cl)(C3=CC4=C(C=C3)N(C(=O)C=C4C5=CC(=CC=C5)Cl)C)N
1688,DB04961,454194.0,C1C(OC(O1)CO)N2C=CC(=NC2=O)N
1689,DB04962,,
1690,DB04964,,
1691,DB04975,9955116.0,C[N+](C)(CCNC1=C2C(=C(C=C1)NCC[N+](C)(C)[O-])C(=O)C3=C(C=CC(=C3C2=O)O)O)[O-]
1692,DB04977,9812534.0,CCC(C)C1C(CC(=O)OC(C(=O)C(C(=O)NC(C(=O)N2CCCC2C(=O)N(C(C(=O)OC(C(C(=O)N1)NC(=O)C(CC(C)C)N(C)C(=O)C3CCCN3C(=O)C(=O)C)C)CC4=CC=C(C=C4)OC)C)CC(C)C)C)C(C)C)O
1693,DB04988,,
1694,DB04996,123974.0,CC(=O)[O-].CC(=O)[O-].C1CCC(CC1)N.N.[Cl-].[Cl-].[Pt+4]
1695,DB05006,,
1696,DB05015,6918638.0,C1=CC=C(C=C1)NS(=O)(=O)C2=CC=CC(=C2)C=CC(=O)NO
1697,DB05016,11219835.0,C1=CC=C(C(=C1)C2=NC(=NO2)C3=CC(=CC=C3)C(=O)O)F
1698,DB05018,176077.0,C1C(C(C(C(N1)CO)O)O)O
1699,DB05022,50515.0,CN(C)CCN1C(=O)C2=CC=CC3=CC(=CC(=C32)C1=O)N
1700,DB05034,16132416.0,CCC(C)C1C(=O)NCC(=O)NC(C(=O)NC(C(=O)NC(C(=O)NCC(=O)NC(C(=O)NCC(=O)NC(CSSCC(C(=O)NC(C(=O)NCC(=O)NCC(=O)NC(C(=O)NC(C(=O)NC(C(=O)NC(C(=O)N1)CCCNC(=N)N)CC(=O)O)CCSC)CCCNC(=N)N)CC2=CC=CC=C2)NC(=O)C(CO)NC(=O)C(CO)NC(=O)C(CCCNC(=N)N)NC(=O)C(CCCNC(=N)N)NC(=O)C(CC(C)C)NC(=O)C(CO)NC(=O)C(CCCNC(=N)N)NC(=O)C3CCCN3C(=O)C(C)NC(=O)C(C(C)O)N)C(=O)NC(CC(=O)N)C(=O)NC(CO)C(=O)NC(CC4=CC=CC=C4)C(=O)NC(CCCNC(=N)N)C(=O)NC(CC5=CC=C(C=C5)O)C(=O)O)CC(C)C)CO)CCC(=O)N)C
1701,DB05039,6918554.0,CCC1=C(C=C2CC(CC2=C1)NCC(C3=C4C=CC(=O)NC4=C(C=C3)O)O)CC
1702,DB05076,5288209.0,CC1=C(C(CCC1)(C)C)C=CC(=CC=CC(=CC(=O)NC2=CC=C(C=C2)O)C)C
1703,DB05077,,
1704,DB05084,,
1705,DB05088,,
1706,DB05095,213053.0,COC1=C(C=C(C=C1)C2=C(N=CN2C3=CC=C(C=C3)S(=O)(=O)N)Cl)F
1707,DB05097,,
1708,DB05099,,
1709,DB05101,,
1710,DB05102,6440352.0,CCOC(=O)C=CC(CC1CCNC1=O)NC(=O)C(CC2=CC=C(C=C2)F)CC(=O)C(C(C)C)NC(=O)C3=NOC(=C3)C
1711,DB05105,1684.0,CC1=CC(=CC(=C1OCCCC2=CC(=NO2)C)C)C3=NOC(=N3)C(F)(F)F
1712,DB05107,71613.0,CC12CCC(CC1CCC3C2CCC4(C3CC(C4=O)Br)C)O
1713,DB05109,108150.0,CC1=CC2=C(C3C4C5C6=C(C(=C7C(=C6C(N4C(C(C2)N3C)O)COC(=O)C8(CS5)C9=CC(=C(C=C9CCN8)O)OC)OCO7)C)OC(=O)C)C(=C1OC)O
1714,DB05111,,
1715,DB05115,,
1716,DB05129,5362259.0,CC1C(C(C(C(O1)OC2C(OC(C(C2(C)O)O)C)OC3=CC=CC4=C3C5=C6C7=C(C=CC(=C7C(=O)O5)C)OC(=O)C6=C4O)N)OC)O
1717,DB05136,,
1718,DB05137,101616.0,CN1C(CCCC1CC(=O)C2=CC=CC=C2)CC(C3=CC=CC=C3)O
1719,DB05139,,
1720,DB05143,6918546.0,COC1=C(C(=C(C=C1)C=CC2=CC(=C(C(=C2)OC)OC)OC)OP(=O)(O)O)OP(=O)(O)O
1721,DB05144,,
1722,DB05152,10013505.0,CCC1C(=O)NC2(S1)CCN(CC2)C
1723,DB05154,456199.0,C1C(COC2=NC(=CN21)[N+](=O)[O-])OCC3=CC=C(C=C3)OC(F)(F)F
1724,DB05168,102359952.0,CCC1(CC2CC(C3=C(CCN(C2)C1)C4=CC=CC=C4N3)(C5=C(C=C6C(=C5)C78CCN9C7C(C=CC9)(C(C(C8N6C)(C(=NN=C(O)OCCSSCC(C(=O)O)N=C(C(CC(=O)O)N=C(C(CC(=O)O)N=C(C(CCCNC(=N)N)N=C(C(CC(=O)O)N=C(CCC(C(=O)O)NC(=O)C1=CC=C(C=C1)NCC1=CN=C2C(=N1)C(=NC(=N)N2)O)O)O)O)O)O)O)O)O)CC)OC)C(=O)OC)O
1725,DB05202,,
1726,DB05209,,
1727,DB05212,16739648.0,CC12CCC(CC1=CC(C3C2CCC4(C3CCC4(C#C)O)C)O)O
1728,DB05223,49855250.0,CCCCC1=NC2=C(N1CCN(CC)CC)C=CC(=C2)C=CC(=O)NO
1729,DB05227,,
1730,DB05229,6917951.0,CC#CCC(C)C(C=CC1C(CC2C1C3=CC=CC(=C3O2)CCCC(=O)O)O)O
1731,DB05232,44325289.0,C(C1(C2C3C([NH+]=C(NC34C(C1OC(C4O)(O2)[O-])O)N)O)O)O
1732,DB05239,16222096.0,C1CCNC(C1)C2(CN(C2)C(=O)C3=C(C(=C(C=C3)F)F)NC4=C(C=C(C=C4)I)F)O
1733,DB05245,452254.0,C1=CN=C(N=C1)[N-]S(=O)(=O)C2=CC=C(C=C2)N.[Ag+]
1734,DB05246,6476.0,CC1(CC(=O)N(C1=O)C)C2=CC=CC=C2
1735,DB05254,,
1736,DB05258,,
1737,DB05259,,
1738,DB05260,16683902.0,[N+](=O)([O-])O[Ga](O[N+](=O)[O-])O[N+](=O)[O-]
1739,DB05262,135398752.0,C1=NNC2=C1C(=O)NC(=O)N2
1740,DB05265,65781.0,CC(C)C1=C(C=C2C(=C1)CCC3C2(CCCC3(C)C(=O)O)C)S(=O)(=O)O
1741,DB05266,3671.0,CC(C)C1=NN2C=CC=CC2=C1C(=O)C(C)C
1742,DB05271,59227.0,CCCN(CCC1=CC=CS1)C2CCC3=C(C2)C=CC=C3O
1743,DB05288,111332.0,CC(=O)OCC(=O)C1(CCC2C1(CC=C3C2CCC4=CC(=O)CCC43C)C)O
1744,DB05294,3081361.0,CN1CCC(CC1)COC2=C(C=C3C(=C2)N=CN=C3NC4=C(C=C(C=C4)Br)F)OC
1745,DB05295,6918141.0,CC(CCCC(C)(C)O)C1CCC2C1(CCCC2=CC=C3CC(C(C(C3=C)O)OCCCO)O)C
1746,DB05296,,
1747,DB05304,,
1748,DB05306,,
1749,DB05316,10071196.0,CC(C)COC1=CC=C(C=C1)CNC(=O)N(CC2=CC=C(C=C2)F)C3CCN(CC3)C
1750,DB05321,,
1751,DB05325,,
1752,DB05332,,
1753,DB05336,,
1754,DB05351,9578005.0,CC1=C(C=CN=C1CS(=O)C2=NC3=CC=CC=C3N2)OCC(F)(F)F
1755,DB05374,,
1756,DB05381,774.0,C1=C(NC=N1)CCN
1757,DB05383,2146.0,C(=NN)(N)N
1758,DB05386,,
1759,DB05395,3035442.0,CCOC(=O)COC1=CC2=C(CCC(C2)NCC(C3=CC(=CC=C3)Cl)O)C=C1
1760,DB05396,,
1761,DB05405,,
1762,DB05424,156414.0,C=CC(=O)NC1=C(C=C2C(=C1)C(=NC=N2)NC3=CC(=C(C=C3)F)Cl)OCCCN4CCOCC4
1763,DB05428,,
1764,DB05437,,
1765,DB05440,,
1766,DB05459,,
1767,DB05465,3038522.0,CC(C)OC1=CC=C(C=C1)NC(=O)N2CCN(CC2)C3=NC=NC4=CC(=C(C=C43)OC)OCCCN5CCCCC5
1768,DB05472,,
1769,DB05482,104842.0,CCC1=C2CN3C(=CC4=C(C3=O)COC(=O)C4(CC)O)C2=NC5=C1C=C(C=C5)O
1770,DB05488,,
1771,DB05496,,
1772,DB05521,3010818.0,CCCC(C(=O)C(=O)NC1CC1)NC(=O)C2C3CCCC3CN2C(=O)C(C(C)(C)C)NC(=O)C(C4CCCCC4)NC(=O)C5=NC=CN=C5
1773,DB05524,6445562.0,CCOC1=C(C=C2C(=C1)N=CC(=C2NC3=CC(=C(C=C3)F)Cl)C#N)NC(=O)C=CCN(C)C
1774,DB05528,,
1775,DB05532,507806.0,COC1=CN=C(C2=C1C(=CN2)C(=O)C(=O)N3CCN(CC3)C(=O)C4=CC=CC=C4)OC
1776,DB05540,90657278.0,C(C(C(=O)[O-])[NH3+])N(N=O)O
1777,DB05541,9837243.0,CCCC1CC(=O)N(C1)C(CC)C(=O)N
1778,DB05542,11237985.0,COC1CN(CCC1NC(=O)C2=CC(=C(C=C2OC)N)Cl)CCCCCC(=O)OC3CN4CCC3CC4
1779,DB05545,,
1780,DB05550,,
1781,DB05555,,
1782,DB05562,11430856.0,CC(=O)NC1=CC(=CC=C1)N2CCN(CC2)CCCCNS(=O)(=O)CC3CCCCC3
1783,DB05575,11667893.0,CC1(CNC2=C1C=CC(=C2)NC(=O)C3=C(N=CC=C3)NCC4=CC=NC=C4)C
1784,DB05578,,
1785,DB05595,,
1786,DB05607,76972919.0,C1CN(CCC1NC2=C3C=C(SC3=NC=N2)Cl)CC4=CC(=C(C=C4)F)C#N.C(=CC(=O)O)C(=O)O
1787,DB05631,130165.0,CC1(CN[Se]C2=CC=CC=C21)C
1788,DB05656,,
1789,DB05668,100427.0,C(CCl)NP(=O)(NCCCl)O
1790,DB05676,11561674.0,CCOC1=C(C=CC(=C1)C(CS(=O)(=O)C)N2C(=O)C3=C(C2=O)C(=CC=C3)NC(=O)C)OC
1791,DB05679,,
1792,DB05687,,
1793,DB05697,,
1794,DB05708,5310985.0,COC1=CC(=C(C=C1)C=C2CCCN=C2C3=CN=CC=C3)OC
1795,DB05710,10102486.0,C[N+]1(CCC2=CC(=C(C=C2C1CC3=CC(=C(C(=C3)OC)OC)OC)OC)OC)CCCOC(=O)C(=CC(=O)OCCC[N+]4(CCC5=CC(=C(C=C5C4C6=CC(=C(C(=C6)OC)OC)OC)OC)OC)C)Cl
1796,DB05718,,
1797,DB05767,5318517.0,CC12CCC(C(C1CCC(=C)C2CC=C3C(COC3=O)O)(C)CO)O
1798,DB05773,,
1799,DB05779,100094.0,C1=CC=C2C(=C1)C(=CN2)CC(C(=O)O)NC(=O)C(CCC(=O)O)N
1800,DB05786,148189.0,CC1=C(C2=C(C3(CC3)C(C(=O)C2=C1)(C)O)C)CO
1801,DB05793,,
1802,DB05797,,
1803,DB05804,12594.0,CC12CCC3C(C1CCC2=O)CC=C4C3(CCC(C4)OS(=O)(=O)O)C
1804,DB05812,132971.0,CC12CCC(CC1=CCC3C2CCC4(C3CC=C4C5=CN=CC=C5)C)O
1805,DB05814,9837656.0,CCC(C)(C)C(=O)C(=O)N1CCCC1C(=O)O
1806,DB05819,,
1807,DB05829,,
1808,DB05830,9838899.0,CC1CC2=CC(=O)CCC2C3C1C4CCC(C4(CC3)C)O
1809,DB05860,,
1810,DB05871,3000926.0,CC1=C(C=CO1)C(=S)NC2=CC(=C(C=C2)Cl)OCC=C(C)C
1811,DB05875,163829.0,CC(C)CC(C(=O)NC(CCS(=O)(=O)C)C(=O)N)NC(=O)CN(C)C(=O)C(CC1=CC=CC=C1)NC(=O)C(CC2=CC=CC=C2)NC(=O)C(CCC(=O)N)NC(=O)C(CCC(=O)N)NC(=O)C3CCCN3C(=O)C(CCCCN)NC(=O)C4CCCN4C(=O)C(CCCN=C(N)N)N
1812,DB05885,9942725.0,CCC(C(=O)N)N1CC(CC1=O)C=C(F)F
1813,DB05889,,
1814,DB05892,,
1815,DB05903,6918835.0,CC1C=CCC(=CCC(OC(=O)CC(C(C(=O)C(C1O)C)(C)C)O)C(=CC2=CSC(=N2)C)C)C
1816,DB05915,,
1817,DB05916,,
1818,DB05928,135398510.0,CN1CCN(CC1)C2=CC3=C(C=C2)N=C(N3)C4=C(C5=C(C=CC=C5F)NC4=O)N
1819,DB05941,,
1820,DB05942,,
1821,DB05974,5281232.0,CC(=CC=CC=C(C)C=CC=C(C)C(=O)O)C=CC=C(C)C(=O)O
1822,DB05990,447715.0,CCC1C2CC(CCC2(C3CCC4(C(C3C1O)CCC4C(C)CCC(=O)O)C)C)O
1823,DB05996,,
1824,DB06011,11977989.0,CC(CC1(C2=C(CCC3=C1C=CC(=C3)C(=O)N(C)C)C=C(C=C2)C(=O)N(C)C)C4=NNN=N4)NCC(=O)N5CCCC5C#N
1825,DB06013,9810709.0,CC1C(C(CC(O1)OC2CC(CC3=C2C(=C4C(=C3O)C(=O)C5=C(C4=O)C(=CC=C5)OC)O)(C(=NNC(=O)CCCCCN6C(=O)C=CC6=O)CO)O)N)O
1826,DB06016,,
1827,DB06021,11700696.0,CC1=CC=C(C=C1)S(=O)(=O)O.CC1=CC=C(C=C1)S(=O)(=O)O.CC(C)(C#CC1=CC2=C(C=C1NC(=O)C=C)C(=NC=N2)NC3=CC(=C(C=C3)F)Cl)N4CCN(CC4)C
1828,DB06022,,
1829,DB06040,44224257.0,CN(C(=O)N1C(SC(=N1)C2=C(C=CC(=C2)F)F)(CCCN)C3=CC=CC=C3)OC
1830,DB06043,,
1831,DB06049,,
1832,DB06050,,
1833,DB06077,21302490.0,CN1CCN2C3CCN(CC3C4=C2C1=CC=C4)CCCC(=O)C5=CC=C(C=C5)F
1834,DB06081,,
1835,DB06101,,
1836,DB06109,,
1837,DB06116,,
1838,DB06117,9547261.0,CC(C)C(C)(C=CC(C)C1CCC2C1(CCCC2=CC=C3CC(CC(C3=C)O)O)C)O
1839,DB06119,11962412.0,C1=CC=C(C(=C1)C(CN2N=CN=N2)OC(=O)N)Cl
1840,DB06127,11688894.0,CCOC(=O)C12CCC(CC1)(CC2)NCC(=O)N3CC(CC3C#N)F
1841,DB06144,60149.0,C1CN(CCC1C2=CN(C3=C2C=C(C=C3)Cl)C4=CC=C(C=C4)F)CCN5CCNC5=O
1842,DB06145,5289394.0,CC1CC=CC=CC(C(CC(C(C(C(CC(=O)O1)O)OC)OC2C(C(C(C(O2)C)OC3CC(C(C(O3)C)O)(C)O)N(C)C)O)CC=O)C)OC4CCC(C(O4)C)N(C)C
1843,DB06147,5340.0,C1=CC(=CC=C1N)S(=O)(=O)NC2=NC=CS2
1844,DB06148,4184.0,CN1CCN2C(C1)C3=CC=CC=C3CC4=CC=CC=C42
1845,DB06149,162393013.0,CCCCCCCCCC(=NC1C(C(C(OC1OC2=C3C=C4C=C2OC5=C(C=C(C=C5)C(C6C(=NC(C7=C(C(=CC(=C7)O)OC8C(C(C(C(O8)CO)O)O)O)C9=C(C=CC(=C9)C(C(=N6)O)N=C(C4N=C(C1C2=CC(=CC(=C2)OC2=C(C=CC(=C2)C(C(=NC(CC2=CC(=C(O3)C=C2)Cl)C(=N1)O)O)N)O)O)O)O)O)C(=O)O)O)OC1C(C(C(C(O1)CO)O)O)N=C(C)O)Cl)CO)O)O)O
1846,DB06150,5323.0,COC1=NC(=NC(=C1)NS(=O)(=O)C2=CC=C(C=C2)N)OC
1847,DB06151,12035.0,CC(=O)NC(CS)C(=O)O
1848,DB06152,4567.0,CC(CCC1=CC=CC=C1)NC(C)C(C2=CC=C(C=C2)O)O
1849,DB06153,27400.0,CN1CCC(=C2C3=C(CCC4=CC=CC=C42)SC=C3)CC1
1850,DB06154,6518.0,C(C(CO[N+](=O)[O-])(CO[N+](=O)[O-])CO[N+](=O)[O-])O[N+](=O)[O-]
1851,DB06155,104850.0,CC1=C(N(N=C1C(=O)NN2CCCCC2)C3=C(C=C(C=C3)Cl)Cl)C4=CC=C(C=C4)Cl
1852,DB06159,472335.0,CCC1(C2=C(COC1=O)C(=O)N3CC4=CC5=C(C=CC=C5[N+](=O)[O-])N=C4C3=C2)O
1853,DB06160,124093.0,CC1C2=C(CN1)C=C(C=C2)C3=C(C4=C(C=C3)C(=O)C(=CN4C5CC5)C(=O)O)OC(F)F
1854,DB06162,,
1855,DB06163,135430970.0,CC1=CC2=C(C=C1CN(CC#C)C3=CC(=C(C=C3)C(=O)NC(CCC4=NNN=N4)C(=O)O)F)C(=O)NC(=N2)C
1856,DB06168,,
1857,DB06171,,
1858,DB06174,275196.0,CN1CCC2=CC3=C(C(=C2C1C4C5=C(C(=C(C=C5)OC)OC)C(=O)O4)OC)OCO3
1859,DB06176,5352062.0,CC=C1C(=O)NC(C(=O)OC2CC(=O)NC(C(=O)NC(CSSCCC=C2)C(=O)N1)C(C)C)C(C)C
1860,DB06181,,
1861,DB06186,,
1862,DB06190,9887812.0,C1=CC(=CC(=C1)C(=O)O)C2=CC(=CC=C2)NCCNCC(C3=CC(=CC=C3)Cl)O
1863,DB06191,,
1864,DB06192,,
1865,DB06193,134019.0,C1=CC(=C2C(=C1NCCN)C(=O)C3=C(C2=O)C=NC=C3)NCCN
1866,DB06194,11396600.0,CCC(CC)(C=CCC(C)C1=CCC2C1(CCCC2=CC=C3CC(CC(C3=C)F)O)C)O
1867,DB06195,160355.0,CCC(CO)NC1=NC(=C2C(=N1)N(C=N2)C(C)C)NCC3=CC=CC=C3
1868,DB06196,,
1869,DB06198,33039.0,CC1=CN(C(=O)NC1=O)C2CC(C(O2)CO)F
1870,DB06199,159594.0,CCCCN(CCCC)C(=O)CN1CC(C(C1C2=CC=C(C=C2)OC)C(=O)O)C3=CC4=C(C=C3)OCO4
1871,DB06200,65825.0,C1CCC2(C1)C3CN(CC2CN(C3)CC4CC4)CC5CC5
1872,DB06201,129228.0,C1=CC(=C(C(=C1)F)CN2C=C(N=N2)C(=O)N)F
1873,DB06202,216416.0,C1CCN(C1)CCOC2=CC=C(C=C2)C3C(CCC4=C3C=CC(=C4)O)C5=CC=CC=C5
1874,DB06203,11450633.0,CN1C(=O)C=C(N(C1=O)CC2=CC=CC=C2C#N)N3CCCC(C3)N
1875,DB06204,9838022.0,CCC(C1=CC(=CC=C1)O)C(C)CN(C)C
1876,DB06205,,
1877,DB06206,6918585.0,C(CSCC1C2C(C(C(O1)OC3C(OC(C(C3O)O)OC4C(OC(C(C4O)O)OC5C(OC(C(C5O)O)OC6C(OC(C(C6O)O)OC7C(OC(C(C7O)O)OC8C(OC(C(C8O)O)OC9C(OC(O2)C(C9O)O)CSCCC(=O)O)CSCCC(=O)O)CSCCC(=O)O)CSCCC(=O)O)CSCCC(=O)O)CSCCC(=O)O)CSCCC(=O)O)O)O)C(=O)O
1878,DB06207,5312125.0,CC(CC1=CC2=C(C(=C1)C(=O)N)N(CC2)CCCO)NCCOC3=CC=CC=C3OCC(F)(F)F
1879,DB06209,6918456.0,CC(=O)OC1=CC2=C(S1)CCN(C2)C(C3=CC=CC=C3F)C(=O)C4CC4
1880,DB06210,,
1881,DB06211,73303.0,CC1C2C(C(=O)N2C(=C1SC3CC(NC3)CNS(=O)(=O)N)C(=O)O)C(C)O
1882,DB06212,443894.0,CC1=CC=CC=C1C(=O)NC2=CC(=C(C=C2)C(=O)N3CCCC(C4=C3C=CC(=C4)Cl)O)C
1883,DB06213,219024.0,CNC(=O)C1=CN(N=C1)C2=NC(=C3C(=N2)N(C=N3)C4C(C(C(O4)CO)O)O)N
1884,DB06215,6432052.0,[O-2].[O-2].[O-2].[O-2].[Fe+2].[Fe+3].[Fe+3]
1885,DB06216,9903970.0,CN1CC2C(C1)C3=C(C=CC(=C3)Cl)OC4=CC=CC=C24
1886,DB06217,9930049.0,COC1=C(C=C(C=C1)CCOC2CCCCC2N3CCC(C3)O)OC
1887,DB06218,219078.0,CC(=O)NC(COC)C(=O)NCC1=CC=CC=C1
1888,DB06219,,
1889,DB06228,9875401.0,C1COCC(=O)N1C2=CC=C(C=C2)N3CC(OC3=O)CNC(=O)C4=CC=C(S4)Cl
1890,DB06230,5284594.0,C=C1CCC2(C3CC4=C5C2(C1OC5=C(C=C4)O)CCN3CC6CC6)O
1891,DB06233,11520894.0,CC1CCC2CC(C(=CC=CC=CC(CC(C(=O)C(C(C(=CC(C(=O)CC(OC(=O)C3CCCCN3C(=O)C(=O)C1(O2)O)C(C)CC4CCC(C(C4)OC)OP(=O)(C)C)C)C)O)OC)C)C)C)OC
1892,DB06234,471161.0,CC(C)NC1=NC2=CC(=C(C=C2N1C3C(C(C(O3)CO)O)O)Cl)Cl
1893,DB06235,123964.0,CC1=C(C2=C(C=C1)C(=O)C3=CC=CC(=C3O2)CC(=O)O)C
1894,DB06236,469717.0,C1=CC(OC1CO)N2C=C(C(=NC2=O)N)F
1895,DB06237,9869929.0,COC1=C(C=C(C=C1)CNC2=NC(=NC=C2C(=O)NCC3=NC=CC=N3)N4CCCC4CO)Cl
1896,DB06240,148201.0,COC1=C(C=C2CN(CCC2=C1)CCC3=CC=C(C=C3)NC(=O)C4=CC(=C(C=C4NC(=O)C5=CC6=CC=CC=C6N=C5)OC)OC)OC
1897,DB06241,,
1898,DB06245,,
1899,DB06246,5472495.0,CC1=C(C2=C(C1=CC3=CC=C(C=C3)S(=O)(=O)C)C=CC(=C2)F)CC(=O)O
1900,DB06250,133967.0,CC12CCCCC1=CCC3C2CCC4(C3CC(C4=O)F)C
1901,DB06251,,
1902,DB06255,139118495.0,C1CCCC(CC1)[NH2+]C(P(=O)(O)O)P(=O)(O)[O-]
1903,DB06261,6433083.0,CCCCCCOC(=O)CCC(=O)CN
1904,DB06262,92974.0,C1=CC(=C(C=C1C(C(C(=O)O)N)O)O)O
1905,DB06263,3035016.0,CC(=O)C1(CC(C2=C(C1)C(=C3C(=C2O)C(=O)C4=CC=CC=C4C3=O)O)OC5CC(C(CO5)O)O)N
1906,DB06264,5511.0,CC1=CC=C(C=C1)C(=O)C(C)CN2CCCCC2
1907,DB06266,39562.0,C1=CC=C2C(=C1)C(=NN2CC3=C(C=C(C=C3)Cl)Cl)C(=O)O
1908,DB06267,135413547.0,CCCC1=NN(C2=C1N=C(NC2=O)C3=C(C=CC(=C3)S(=O)(=O)NCCC4CCCN4C)OCCC)C
1909,DB06268,216235.0,CC1=CC2=C(C=C1CC(=O)C3=C(C=CS3)S(=O)(=O)NC4=C(C(=NO4)C)Cl)OCO2
1910,DB06271,,
1911,DB06272,12019456.0,CC(C1CCC2C1(CCCC2=CC=C3CC(CC(C3=C)O)O)C)OCCC(C)(C)O
1912,DB06273,,
1913,DB06274,5488548.0,CC1CN(CCC1(C)C2=CC(=CC=C2)O)CC(CC3=CC=CC=C3)C(=O)NCC(=O)O
1914,DB06282,1549000.0,C1CN(CCN1CCOCC(=O)O)C(C2=CC=CC=C2)C3=CC=C(C=C3)Cl
1915,DB06283,,
1916,DB06285,,
1917,DB06287,6918289.0,CC1CCC2CC(C(=CC=CC=CC(CC(C(=O)C(C(C(=CC(C(=O)CC(OC(=O)C3CCCCN3C(=O)C(=O)C1(O2)O)C(C)CC4CCC(C(C4)OC)OC(=O)C(C)(CO)CO)C)C)O)OC)C)C)C)OC
1918,DB06288,2159.0,CCN1CCCC1CNC(=O)C2=CC(=C(C=C2OC)N)S(=O)(=O)CC
1919,DB06290,24873435.0,CC1=C(C=CC2=C1N=C(C=C2OC3CC4C(C3)C(=O)N(CCCCC=CC5CC5(NC4=O)C(=O)NS(=O)(=O)C6CC6)C)C7=NC(=CS7)C(C)C)OC
1920,DB06292,9887712.0,CCOC1=CC=C(C=C1)CC2=C(C=CC(=C2)C3C(C(C(C(O3)CO)O)O)O)Cl
1921,DB06293,86278323.0,COCCOC(=O)NCCCCC(C(=O)NCCCCCCOP(=O)(O)O)NC(=O)OCCOC
1922,DB06294,,
1923,DB06302,25181472.0,COCCNCC1=CN=C(C=C1)C2=CC3=NC=CC(=C3S2)OC4=C(C=C(C=C4)NC(=S)NC(=O)CC5=CC=C(C=C5)F)F
1924,DB06304,,
1925,DB06305,,
1926,DB06310,,
1927,DB06317,,
1928,DB06318,,
1929,DB06322,,
1930,DB06324,,
1931,DB06325,,
1932,DB06334,12136798.0,C1=CC(=CN=C1)C=CC(=O)NCC2=CC=C(C=C2)C(=O)NC3=C(C=C(C=C3)F)N
1933,DB06335,11243969.0,C1C2CC2N(C1C#N)C(=O)C(C34CC5CC(C3)CC(C5)(C4)O)N
1934,DB06342,,
1935,DB06343,,
1936,DB06358,213043.0,COC1=C(C2=C(C=CC(O2)C3CC3)C(=C1)CC4=CN=C(N=C4N)N)OC
1937,DB06360,,
1938,DB06365,153970.0,CCCCCCCCCCCCCCCC(=O)NC1=NC(=O)N(C=C1)C2C(C(C(O2)CO)O)C#N
1939,DB06366,,
1940,DB06370,216468.0,C1=CC2=C(C(=C1)NS(=O)(=O)C3=CC=C(C=C3)S(=O)(=O)N)NC=C2Cl
1941,DB06371,,
1942,DB06372,,
1943,DB06379,,
1944,DB06395,159326.0,CC1=CC(=C(C=C1)OC2=CC=CC=C2C3=CSC(=N3)NC4=NCCCN4)C
1945,DB06400,,
1946,DB06401,154257.0,CC1=C(N(C2=C1C=C(C=C2)O)CC3=CC=C(C=C3)OCCN4CCCCCC4)C5=CC=C(C=C5)O
1947,DB06402,3081362.0,CCCCCCCCCCNCCNC1(CC(OC(C1O)C)OC2C(C(C(OC2OC3=C4C=C5C=C3OC6=C(C=C(C=C6)C(C(C(=O)NC(C(=O)NC5C(=O)NC7C8=CC(=C(C=C8)O)C9=C(C(=C(C=C9C(NC(=O)C(C(C1=CC(=C(O4)C=C1)Cl)O)NC7=O)C(=O)O)O)CNCP(=O)(O)O)O)CC(=O)N)NC(=O)C(CC(C)C)NC)O)Cl)CO)O)O)C
1948,DB06403,6918493.0,CC1=CC(=NC(=N1)OC(C(=O)O)C(C2=CC=CC=C2)(C3=CC=CC=C3)OC)C
1949,DB06404,,
1950,DB06406,3083445.0,COC1C(OC(C(C1OC)OC)OC2C(C(C(OC2C(=O)O)OC3C(OC(C(C3OS(=O)(=O)O)OS(=O)(=O)O)OC4C(C(C(OC4C(=O)O)OC5C(OC(C(C5OS(=O)(=O)O)OS(=O)(=O)O)OC)COS(=O)(=O)O)OC)OC)COS(=O)(=O)O)OC)OC)COS(=O)(=O)O
1951,DB06408,451448.0,C1=NC(=NN1C2C(C(C(O2)CO)O)O)C(=N)N
1952,DB06410,5281107.0,CC(C)C(C)C=CC(C)C1CCC2C1(CCCC2=CC=C3CC(CC(C3=C)O)O)C
1953,DB06412,5281034.0,CC12CCC3C(C1CCC2(C)O)CCC4C3(CC(=CO)C(=O)C4)C
1954,DB06413,9690109.0,C1=CC=C(C=C1)C(C2=CC=CC=C2)S(=O)CC(=O)N
1955,DB06414,193962.0,CC1=CC(=CC(=C1OC2=NC(=NC(=C2Br)N)NC3=CC=C(C=C3)C#N)C)C#N
1956,DB06415,,
1957,DB06419,156417.0,CCC1C2(C(C(C(=O)C(CC(C(C(C(=O)C(C(=O)O1)C)C)OC3C(C(CC(O3)C)N(C)C)O)(C)OCC=CC4=CC5=CC=CC=C5N=C4)C)C)NC(=O)O2)C
1958,DB06420,115212.0,CC1C(C(C(C(O1)OC2CC(CC3=C2C(=C4C(=C3O)C(=O)C5=CC=CC=C5C4=O)O)(C(=O)CO)O)I)O)O
1959,DB06421,70177.0,CCN(CC)CCNC(=O)C1=CC(=C(C=C1)N)Cl
1960,DB06422,216236.0,COC1CNCCC1NC(=O)C2=CC(=C(C=C2OC)N)Cl
1961,DB06423,,
1962,DB06433,6435808.0,C1=CN(C(=O)N=C1N)C2C(=CF)C(C(O2)CO)O
1963,DB06436,5329098.0,CC1=CC(=C(N1)C=C2C3=CC=CC=C3NC2=O)C
1964,DB06440,467825.0,CC(C1=NC(=CS1)C2=CC=C(C=C2)C#N)C(CN3C=NC=N3)(C4=C(C=C(C=C4)F)F)O
1965,DB06441,9854012.0,CSCCNC1=C2C(=NC(=N1)SCCC(F)(F)F)N(C=N2)C3C(C(C(O3)COP(=O)(O)OP(=O)(C(P(=O)(O)O)(Cl)Cl)O)O)O
1966,DB06442,166558.0,CC(C)C1=C(C(=CC=C1)C(C)C)OS(=O)(=O)NC(=O)CC2=C(C=C(C=C2C(C)C)C(C)C)C(C)C
1967,DB06445,4282.0,CCNCCCNCCCNCCCNCC
1968,DB06446,55285.0,C1CN(CCN1CCCC2(OCCO2)C3=CC=CC=C3)C(C4=CC=CC=C4)C5=CC=CC=C5
1969,DB06458,60511.0,CC(CC1=CC=CC=C1)(C2=CC=CC=C2)NC(=O)CN
1970,DB06461,72495.0,CC(C)C(CCC(C)C1CCC2C1(CCC3C2C(CC4C3(CCC(C4)NCCCNCCCCN)C)O)C)OS(=O)(=O)O
1971,DB06467,,
1972,DB06468,151172.0,CC(C)C1=C(C=C(C=C1)C(=O)N=C(N)N)S(=O)(=O)C
1973,DB06469,9932888.0,CC12C(CC(O1)N3C4=CC=CC=C4C5=C6C(=C7C8=CC=CC=C8N2C7=C53)CNC6=O)(CO)O
1974,DB06470,10783.0,CC1=C(SC=N1)CCCl
1975,DB06474,,
1976,DB06478,13116.0,CC1=C(C(=O)C2=C(C1=O)N3CC4C(C3(C2COC(=O)N)OC)N4C)N
1977,DB06479,4938.0,CCCN1C=NC2=C1C(=O)N(C(=O)N2C)CCCCC(=O)C
1978,DB06480,3052762.0,COCCCN1CCC(CC1)NC(=O)C2=CC(=C(C3=C2OCC3)N)Cl
1979,DB06506,198757.0,C1CC2=CC=CC=C2OC1CNCCCCN3C(=O)C4=CC=CC=C4S3(=O)=O
1980,DB06510,206044.0,CC1=C(N=C(O1)C2=CC=CC=C2)CCOC3=CC=C(C=C3)CN(CC(=O)O)C(=O)OC4=CC=C(C=C4)OC
1981,DB06512,119590.0,CC1(C2CCC1(C(C2)(C3=CC=CC=C3)OCCN(C)C)C)C
1982,DB06517,9886593.0,CC(CN(C)C)NC(=O)C1=C2C(=CC=C1)N=C3C=CC4=C(C3=N2)C=CC=C4OC
1983,DB06527,1646.0,C(CN)CS(=O)(=O)O
1984,DB06529,216456.0,C1=CC=NC(=C1)C(=O)C2=C3N=CC=C(N3N=C2)C4=CC=NC=C4
1985,DB06534,,
1986,DB06535,170345.0,CCOC(=O)C(CC1=CC(=C(C=C1)O)O)N
1987,DB06543,5281224.0,CC1=C(C(CC(C1=O)O)(C)C)C=CC(=CC=CC(=CC=CC=C(C)C=CC=C(C)C=CC2=C(C(=O)C(CC2(C)C)O)C)C)C
1988,DB06550,,
1989,DB06554,28360827.0,C1C[NH2+]CC2=C1C(=NO2)[O-]
1990,DB06557,,
1991,DB06558,151174.0,CC(C)C1=CN=C(C=C1)S(=O)(=O)NC2=C(C(=NC(=N2)C3=CC(=NC=C3)C4=NNN=N4)OCCO)OC5=CC=CC=C5OC
1992,DB06575,135544014.0,CC(C)C(C(=O)OCCC(CN1C=NC2=C1N=C(NC2=O)N)CO)N
1993,DB06579,11198924.0,CCCC1=C(N=CN2C1=NC(=N2)C)CN3C=CN=C3C4=C(C=CC=N4)F
1994,DB06582,204105.0,CCC1C(=NN=C(C2=CC(=C(C=C12)OC)OC)C3=CC(=C(C=C3)OC)OC)C
1995,DB06584,,
1996,DB06587,6918267.0,CCC1C(C(=O)C(C2=C(CC(O2)(C(C(C(C(C(=O)O1)C)OC3CC(C(C(O3)C)O)(C)OC)C)OC4C(C(CC(O4)C)N(C)C(C)C)O)C)C)C)(C)OC
1997,DB06589,10113978.0,CC1=C(C=C(C=C1)NC2=NC=CC(=N2)N(C)C3=CC4=NN(C(=C4C=C3)C)C)S(=O)(=O)N
1998,DB06590,9852981.0,CCON=C(C1=NSC(=N1)NP(=O)(O)O)C(=O)NC2C3N(C2=O)C(=C(CS3)SC4=NC(=CS4)C5=CC=[N+](C=C5)C)C(=O)[O-]
1999,DB06594,82148.0,CC(=O)NCCC1=CC=CC2=C1C=C(C=C2)OC
2000,DB06595,9829523.0,CC12C(C(CC(O1)N3C4=CC=CC=C4C5=C6C(=C7C8=CC=CC=C8N2C7=C53)CNC6=O)N(C)C(=O)C9=CC=CC=C9)OC
2001,DB06599,,
2002,DB06600,11993740.0,CC1CC(CN(C1)C2=C(C3=C(C=C2)C(=O)C(=CN3C4CC4)C(=O)O)OC)N
2003,DB06602,,
2004,DB06603,6918837.0,CC1=C(C2=CC=CC=C2N1)CCNCC3=CC=C(C=C3)C=CC(=O)NO
2005,DB06605,10182969.0,COC1=CC=C(C=C1)N2C3=C(CCN(C3=O)C4=CC=C(C=C4)N5CCCCC5=O)C(=N2)C(=O)N
2006,DB06606,,
2007,DB06607,,
2008,DB06608,115358.0,CC1=CC(=NC2=C1C(=C(C=C2NC(C)CCCN)OC)OC3=CC=CC(=C3)C(F)(F)F)OC
2009,DB06611,,
2010,DB06612,,
2011,DB06614,154234.0,CCC(CC)C(C1C(CC(C1O)C(=O)O)N=C(N)N)NC(=O)C
2012,DB06616,5328940.0,CN1CCN(CC1)CCCOC2=C(C=C3C(=C2)N=CC(=C3NC4=CC(=C(C=C4Cl)Cl)OC)C#N)OC
2013,DB06623,53276.0,CCOC(=O)NC1=C(N=C(C=C1)NCC2=CC=C(C=C2)F)N
2014,DB06624,11226090.0,CC(C(CC1=CC=C(C=C1)Cl)C2=CC=CC(=C2)C#N)NC(=O)C(C)(C)OC3=NC=C(C=C3)C(F)(F)F
2015,DB06626,6450551.0,CNC(=O)C1=CC=CC=C1SC2=CC3=C(C=C2)C(=NN3)C=CC4=CC=CC=N4
2016,DB06635,5496659.0,CC(C(CC1=CC(=CC=C1)C(=N)N)C(=O)OC)NC(=O)C2=CC=C(C=C2)C3=CC=[N+](C=C3)[O-]
2017,DB06636,6918606.0,CC(C1=NC(=CS1)C2=CC=C(C=C2)C#N)C(CN3C=[N+](C=N3)C(C)OC(=O)N(C)C4=C(C=CC=N4)COC(=O)CNC)(C5=C(C=CC(=C5)F)F)O
2018,DB06637,1727.0,C1=CN=CC=C1N
2019,DB06643,,
2020,DB06647,,
2021,DB06650,,
2022,DB06652,3009355.0,CC1CN(CCN1C(COC)C2=CC=C(C=C2)C(F)(F)F)C3(CCN(CC3)C(=O)C4=C(N=CN=C4C)C)C
2023,DB06654,131682.0,CC(C(=O)N)NCC1=CC=C(C=C1)OCC2=CC(=CC=C2)F
2024,DB06655,,
2025,DB06659,135565472.0,CCC1=C(C2=CC3=C(C(=C([N-]3)C4=C5C(C(C(=N5)C=C6C(=C(C(=N6)C=C1[N-]2)C)CC)C)(C(=C4)C(=O)OCC)CC)C)CC)C.[Cl-].[Sn+4]
2026,DB06660,104974.0,CC(=O)NC1(CCN(CC1)CCC(CN(C)C(=O)C2=CC=CC=C2)C3=CC(=C(C=C3)Cl)Cl)C4=CC=CC=C4
2027,DB06662,,
2028,DB06663,9941444.0,C1C(CN2C1C(=O)NC(C(=O)NC(C(=O)NC(C(=O)NC(C(=O)NC(C2=O)CC3=CC=CC=C3)CC4=CC=C(C=C4)OCC5=CC=CC=C5)CCCCN)CC6=CNC7=CC=CC=C76)C8=CC=CC=C8)OC(=O)NCCN
2029,DB06670,10152654.0,CC(C)(CC(C(=O)NC1(CC1)C#N)NC(C2=CC=C(C=C2)C3=CC=C(C=C3)S(=O)(=O)C)C(F)(F)F)F
2030,DB06674,,
2031,DB06678,3085218.0,CN1CCN2C(C1)C3=CC=CC=C3CC4=C2N=CC=C4
2032,DB06679,,
2033,DB06681,,
2034,DB06683,73115.0,CC1=CN(C(=O)NC1=O)C2C(C(C(O2)CO)O)F
2035,DB06684,6918314.0,C1CN(CCN1CCCCC2=CNC3=C2C=C(C=C3)C#N)C4=CC5=C(C=C4)OC(=C5)C(=O)N
2036,DB06685,54677946.0,CCN(C1=CC=CC=C1)C(=O)C2=C(C3=C(C=CC=C3Cl)N(C2=O)C)O
2037,DB06688,,
2038,DB06690,948.0,[N-]=[N+]=O
2039,DB06691,4992.0,CN(C)CCN(CC1=CC=C(C=C1)OC)C2=CC=CC=N2
2040,DB06692,,
2041,DB06693,64715.0,CCC(C)C(=O)OC1CCC=C2C1C(C(C=C2)C)CCC3CC(CC(=O)O3)O
2042,DB06694,5709.0,CC1=CC(=CC(=C1CC2=NCCN2)C)C(C)(C)C
2043,DB06695,6445226.0,CCCCCCOC(=O)N=C(C1=CC=C(C=C1)NCC2=NC3=C(N2C)C=CC(=C3)C(=O)N(CCC(=O)OCC)C4=CC=CC=N4)N
2044,DB06696,68682.0,C1CC(C(OC1CN)OC2C(CC(C(C2O)OC3C(C(C(C(O3)CO)O)N)O)NC(=O)C(CCN)O)N)N
2045,DB06697,68911.0,CC1CCC2C(C(OC3C24C1CCC(O3)(OO4)C)OC)C
2046,DB06698,2366.0,CNCCC1=CC=CC=N1
2047,DB06699,101755083.0,CC(C)CC(C(=NC(CCCCNC(C)C)C(=O)N1CCCC1C(=NC(C)C(=N)O)O)O)N=C(C(CC2=CC=C(C=C2)NC(=N)O)N=C(C(CC3=CC=C(C=C3)NC(=O)C4CC(=NC(=N4)O)O)N=C(C(CO)N=C(C(CC5=CN=CC=C5)N=C(C(CC6=CC=C(C=C6)Cl)N=C(C(CC7=CC8=CC=CC=C8C=C7)N=C(C)O)O)O)O)O)O)O
2048,DB06700,125017.0,CN(C)CC(C1=CC=C(C=C1)O)C2(CCCCC2)O
2049,DB06701,154101.0,COC(=O)C(C1CCCCN1)C2=CC=CC=C2
2050,DB06702,6918558.0,CC(C)C(=O)OC1=C(C=C(C=C1)CO)C(CCN(C(C)C)C(C)C)C2=CC=CC=C2
2051,DB06704,60860.0,C1=CC(=CC(=C1)I)CN=C(N)N
2052,DB06705,11672461.0,C1CC(CCC1OP(=O)([O-])OCC(CN(CCN(CC(=O)[O-])CC(=O)[O-])CC(=O)[O-])N(CC(=O)[O-])CC(=O)[O-])(C2=CC=CC=C2)C3=CC=CC=C3.[Na+].[Na+].[Na+].[Gd+3]
2053,DB06706,22297.0,CC(CCC=C(C)C)NC
2054,DB06707,164739.0,CC(C(C1=CC(=C(C=C1)O)O)O)N
2055,DB06708,6437380.0,CCCCN(CCCC)CC(C1=CC(=CC2=C1C3=C(C2=CC4=CC=C(C=C4)Cl)C=C(C=C3)Cl)Cl)O
2056,DB06709,1993.0,CC(C[N+](C)(C)C)OC(=O)C
2057,DB06710,6010.0,CC12CCC(=O)C=C1CCC3C2CCC4(C3CCC4(C)O)C
2058,DB06711,4436.0,C1CN=C(N1)CC2=CC=CC3=CC=CC=C32
2059,DB06712,4494.0,CC1=C(C(C(=C(N1)C#N)C(=O)OC)C2=CC(=CC=C2)[N+](=O)[O-])C(=O)OC(C)C
2060,DB06713,62930.0,CCC12CCC3C(C1CCC2(C#C)O)CCC4=CC(=NO)CCC34
2061,DB06715,4875.0,[K+].[I-]
2062,DB06716,3038498.0,CC(C)C1=C(C(=CC=C1)C(C)C)OCOP(=O)(O)O
2063,DB06717,135413538.0,CC(C1=CC(=CC(=C1)C(F)(F)F)C(F)(F)F)OC2C(N(CCO2)CC3=NN(C(=O)N3)P(=O)(O)O)C4=CC=C(C=C4)F
2064,DB06718,25249.0,CC12CCC3C(C1CCC2(C)O)CCC4C3(CC5=C(C4)NN=C5)C
2065,DB06719,,
2066,DB06721,9577124.0,CCC1(C2=C(COC1=O)C(=O)N3CC4=C(C5=CC=CC=C5N=C4C3=C2)C=NOC(C)(C)C)O
2067,DB06723,10176082.0,[OH-].[OH-].[OH-].[Al+3]
2068,DB06724,10112.0,C(=O)([O-])[O-].[Ca+2]
2069,DB06725,54690031.0,CN1C(=C(C2=C(S1(=O)=O)C=C(S2)Cl)O)C(=O)NC3=CC=CC=N3
2070,DB06726,71733.0,CCC1=CC=CC2=C1OC(=C2)C(CNC(C)(C)C)O
2071,DB06727,644020.0,C1CCN2CC3CC(C2C1)CN4C3CCCC4
2072,DB06728,6115.0,C1=CC=C(C=C1)N
2073,DB06729,5335.0,C1=CC=C(C=C1)N2C(=CC=N2)NS(=O)(=O)C3=CC=C(C=C3)N
2074,DB06730,3033968.0,CCC12CCC3C(C1C=CC2(C#C)O)CCC4=CC(=O)CCC34
2075,DB06731,3058751.0,C1=CC=C(C=C1)C(CCN)OC2=CC=C(C=C2)C(F)(F)F
2076,DB06732,2361.0,C1=CC=C(C=C1)C2=CC(=O)C3=C(O2)C=CC4=CC=CC=C43
2077,DB06733,6436223.0,CC1CC(=CC=CC(C(OC(=O)C(=CC(=CC(C1O)C)C)OC)C(C)C(C(C)C2(CC(C(C(O2)C(C)C)C)O)O)O)OC)C
2078,DB06735,1548953.0,CCN(CC)CCOC1=CC=C(C=C1)C(=C(C2=CC=CC=C2)Cl)C3=CC=CC=C3
2079,DB06736,71771.0,C1=CC=C(C(=C1)CC(=O)OCC(=O)O)NC2=C(C=CC=C2Cl)Cl
2080,DB06737,5720.0,CC(C1=CC2=C(C=C1)SC3=CC=CC=C3C(=O)C2)C(=O)O
2081,DB06738,10101.0,CCC(=O)C1(CCN(CC1)C)C2=CC(=CC=C2)O
2082,DB06739,2449.0,CC1=C(C(=O)C(=C(C1=O)C)C(CCCCCC(=O)O)C2=CC=CC=C2)C
2083,DB06741,6450546.0,C1=CC=C(C=C1)NC(=O)C=CC2=C(NC3=C2C(=CC(=C3)Cl)Cl)C(=O)O
2084,DB06742,,
2085,DB06748,6917976.0,CC(=CCCC(C)(C1CCC2(C1C(CC3C2(CCC4C3(CCC(C4(C)C)OC5C(C(C(C(O5)CO)O)O)OC6C(C(C(C(O6)CO)O)O)O)C)C)O)C)OC7C(C(C(C(O7)COC8C(C(C(CO8)O)O)O)O)O)O)C
2086,DB06749,9898279.0,CC(=CCCC(C)(C1CCC2(C1C(CC3C2(CCC4C3(CCC(C4(C)C)OC5C(C(C(C(O5)CO)O)O)OC6C(C(C(C(O6)CO)O)O)O)C)C)O)C)OC7C(C(C(C(O7)COC8C(C(C(C(O8)CO)O)O)O)O)O)O)C
2087,DB06751,1712095.0,CCOC1=C(C=C(C=C1)C=C2C3=CC(=C(C=C3CCN2)OCC)OCC)OCC
2088,DB06753,5563.0,C(C(Cl)(Cl)Cl)OP(=O)(O)O
2089,DB06754,,
2090,DB06755,5280489.0,CC1=C(C(CCC1)(C)C)C=CC(=CC=CC(=CC=CC=C(C)C=CC=C(C)C=CC2=C(CCCC2(C)C)C)C)C
2091,DB06756,247.0,C[N+](C)(C)CC(=O)[O-]
2092,DB06759,,
2093,DB06761,,
2094,DB06762,4826.0,CC(C(C)(C)C)N=C(NC#N)NC1=CC=NC=C1
2095,DB06763,6324663.0,CC(C)C(C(=O)NC(CC1=CC=C(C=C1)O)C(=O)NC(C(C)C)C(=O)NC(CC2=CN=CN2)C(=O)N3CCCC3C(=O)NC(C)C(=O)O)NC(=O)C(CCCN=C(N)N)NC(=O)CNC
2096,DB06764,5419.0,C1CC(C2=CC=CC=C2C1)C3=NCCN3
2097,DB06766,19371515.0,CN1CCC(=C2C3=CC=CC=C3CCN4C2=NC=C4C=O)CC1
2098,DB06767,518533.0,[NH4+].[Cl-]
2099,DB06769,65628.0,CN1C2=C(C=C(C=C2)N(CCCl)CCCl)N=C1CCCC(=O)O
2100,DB06770,244.0,C1=CC=C(C=C1)CO
2101,DB06771,10178705.0,C1CCN(CC(C1)N)C2=C(C=C3C(=C2Cl)N(C=C(C3=O)C(=O)O)C4CC4)F
2102,DB06772,9854073.0,CC1=C2C(C(=O)C3(C(CC4C(C3C(C(C2(C)C)(CC1OC(=O)C(C(C5=CC=CC=C5)NC(=O)OC(C)(C)C)O)O)OC(=O)C6=CC=CC=C6)(CO4)OC(=O)C)OC)C)OC
2103,DB06773,,
2104,DB06774,1548943.0,CC(C)C=CCCCCC(=O)NCC1=CC(=C(C=C1)O)OC
2105,DB06777,10133.0,CC(CCC(=O)O)C1CCC2C1(CCC3C2C(CC4C3(CCC(C4)O)C)O)C
2106,DB06779,,
2107,DB06780,5952.0,CC(=O)OCC(=O)C1CCC2C1(CCC3C2CCC4=CC(=O)CCC34C)C
2108,DB06781,443936.0,CCCC(=O)OC1(CCC2C1(CC(C3(C2CC(C4=CC(=O)C=CC43C)F)F)O)C)C(=O)COC(=O)C
2109,DB06782,3080.0,C(C(CS)S)O
2110,DB06783,,
2111,DB06786,443943.0,CC1(OC2CC3C4CCC5=CC(=O)CCC5(C4(C(CC3(C2(O1)C(=O)CCl)C)O)F)C)C
2112,DB06787,24199.0,C[N+]1(CCN(CC1)CC(C2CCCCC2)(C3=CC=CC=C3)O)C
2113,DB06788,56927879.0,CCNC(=O)C1CCCN1C(=O)C(CCCN=C(N)N)NC(=O)C(CC(C)C)NC(=O)C(CC2=CN(C=N2)CC3=CC=CC=C3)NC(=O)C(CC4=CC=C(C=C4)O)NC(=O)C(CO)NC(=O)C(CC5=CNC6=CC=CC=C65)NC(=O)C(CC7=CN=CN7)NC(=O)C8CCC(=O)N8.CC(=O)O.CC(=O)O
2114,DB06789,169870.0,CCCCCC(=O)OC1(CCC2C1(CCC3C2CCC4=CC(=O)CCC34C)C)C(=O)C
2115,DB06791,71349.0,CC(C)C1C(=O)NC(CSSCC(C(=O)NC(C(=O)NC(C(=O)NC(C(=O)N1)CCCCN)CC2=CNC3=CC=CC=C32)CC4=CC=C(C=C4)O)NC(=O)C(CC5=CC6=CC=CC=C6C=C5)N)C(=O)NC(C(C)O)C(=O)N
2116,DB06792,168924.0,C(=O)([O-])[O-].C(=O)([O-])[O-].C(=O)([O-])[O-].[La+3].[La+3]
2117,DB06793,200742.0,CCC(=O)OC(CC1=CC=CC=C1)(C2=CC=CC=C2)C(C)CN(C)C
2118,DB06795,3998.0,C1=CC(=CC=C1CN)S(=O)(=O)N
2119,DB06796,131704299.0,CC1=C(C(=CC(=N1)COP(=O)(O)O)CN(CCN(CC2=CC(=NC(=C2O)C)COP(=O)(O)O)CC(=O)[O-])CC(=O)[O-])O.[Mn+2]
2120,DB06797,6151.0,CCC(C)C(C)(COC(=O)N)COC(=O)N
2121,DB06799,4101.0,C1N2CN3CN1CN(C2)C3
2122,DB06800,16089915.0,C[N+]1(CCC23C4C(=O)CCC2(C1CC5=C3C(=C(C=C5)O)O4)O)CC6CC6
2123,DB06802,151075.0,C1=CC=C(C=C1)C(=O)C2=CC=CC(=C2N)CC(=O)N
2124,DB06803,4477.0,C1=CC(=C(C=C1[N+](=O)[O-])Cl)NC(=O)C2=C(C=CC(=C2)Cl)O
2125,DB06804,72385.0,CCCCCCCCCC1=CC=C(C=C1)OCCOCCOCCOCCOCCOCCOCCOCCOCCO
2126,DB06807,8609.0,C1=CC=C(C=C1)OC(=O)C2=C(C=C(C=C2)N)O
2127,DB06809,65015.0,C1CNCCNCCCN(CCNC1)CC2=CC=C(C=C2)CN3CCCNCCNCCCNCC3
2128,DB06810,163659.0,CC1C(C(CC(O1)OC2CC(OC(C2O)C)OC3=CC4=CC5=C(C(=O)C(C(C5)C(C(=O)C(C(C)O)O)OC)OC6CC(C(C(O6)C)O)OC7CC(C(C(O7)C)O)OC8CC(C(C(O8)C)O)(C)O)C(=C4C(=C3C)O)O)O)O
2129,DB06811,656641.0,CCCCCCCCCCCCOCCOCCOCCOCCOCCOCCOCCOCCOCCO
2130,DB06813,148121.0,C#CCC(CC1=CN=C2C(=N1)C(=NC(=N2)N)N)C3=CC=C(C=C3)C(=O)NC(CCC(=O)O)C(=O)O
2131,DB06814,4969.0,CC(CC1=CC2=C(C=C1)OCO2)NCC(C3=CC(=C(C=C3)O)O)O
2132,DB06815,,
2133,DB06817,54671008.0,CC1=NN=C(O1)C(=O)NC(C)(C)C2=NC(=C(C(=O)N2C)O)C(=O)NCC3=CC=C(C=C3)F
2134,DB06819,4775.0,C1=CC=C(C=C1)CCCC(=O)O
2135,DB06820,5318.0,C1=CC(=CC=C1CSC(CN2C=CN=C2)C3=C(C=C(C=C3)Cl)Cl)Cl
2136,DB06821,5326.0,COC1=CN=C(N=C1)NS(=O)(=O)C2=CC=C(C=C2)N
2137,DB06822,,
2138,DB06823,5483.0,CC(C(=O)NCC(=O)O)S
2139,DB06824,5565.0,C(CNCCNCCN)N
2140,DB06825,25074470.0,CC(C)CC(C(=O)NC(CCCN=C(N)N)C(=O)N1CCCC1C(=O)NCC(=O)N)NC(=O)C(CC2=CNC3=CC=CC=C32)NC(=O)C(CC4=CC=C(C=C4)O)NC(=O)C(CO)NC(=O)C(CC5=CNC6=CC=CC=C65)NC(=O)C(CC7=CN=CN7)NC(=O)C8CCC(=O)N8
2141,DB06826,5311236.0,CCCCCCCC(=O)CCC1C(CC(C1CC=CCCCC(=O)O)O)O
2142,DB06827,3037981.0,C1C(NC(=NC1O)N)C2C(=O)NCC(C(=O)NC(C(=O)NC(C(=O)NC(=CNC(=O)N)C(=O)N2)CO)CO)NC(=O)CC(CCCN)N
2143,DB07069,450268.0,C1=CC(=CC(=C1)O)C(=O)NCC(=O)O
2144,DB07118,5280567.0,CC1=CC(=O)OC2=C1C=CC(=C2)O
2145,DB07232,11960529.0,CC1(CCCN1)C2=NC3=C(C=CC=C3N2)C(=O)N
2146,DB07348,5287620.0,CC1CCCC=CC2CC(CC2C(C=CC(=O)O1)O)O
2147,DB07374,253602.0,CC(=O)OC1C(CNC1CC2=CC=C(C=C2)OC)O
2148,DB07402,46937068.0,CC1=CC2=C(C=C1)N=C(N3N2C(=O)C(C3=O)CC=C)N(C)C
2149,DB07447,11302.0,CC12CCC(=O)CC1CCC3C2CCC4(C3CCC4O)C
2150,DB07477,3332.0,C1=CC=C(C=C1)C2=CC=C(C=C2)CC(=O)O
2151,DB07565,656580.0,C1=CC(=CC=C1C(C(COC(=O)CCC(=O)O)NC(=O)C(Cl)Cl)O)[N+](=O)[O-]
2152,DB07615,5282230.0,COC1=C(C=C(C=C1)C=CC(=O)NC2=CC=CC=C2C(=O)O)OC
2153,DB07637,67532.0,C1=C(C=C(C(=C1Br)O)Br)CC(C(=O)O)N
2154,DB07706,247304.0,CC12CCC3C(C1CCC2O)CCC4=CC(=C(C=C34)O)O
2155,DB07715,3220.0,CC1=CC2=C(C(=C1)O)C(=O)C3=C(C2=O)C=C(C=C3O)O
2156,DB07720,854023.0,C1CC2C(CC1N2)C3=CN=C(C=C3)Cl
2157,DB07767,445858.0,COC1=C(C=CC(=C1)C=CC(=O)O)O
2158,DB07768,10204.0,CC12CCC3C(C1CCC2O)CCC4=CC(=O)CCC34C
2159,DB07780,445713.0,CC(=CCCC(=CCCC(=CCOP(=O)(O)OP(=O)(O)O)C)C)C
2160,DB07841,735.0,CC(=CCCC(=CCCC(=CCCC(=CCOP(=O)(O)OP(=O)(O)O)C)C)C)C
2161,DB07931,192197.0,CCC(C1=CC=C(C=C1)O)C(CC)C2=CC=C(C=C2)O
2162,DB07954,3758.0,CC(C)CN1C2=C(C(=O)N(C1=O)C)NC=N2
2163,DB07996,3542.0,CC1CNCCN1S(=O)(=O)C2=CC=CC3=C2C=CN=C3
2164,DB08059,312145.0,CC(=O)OC1CC2(C(CCC2=O)C3=C1C4(C(OC(=O)C5=COC(=C54)C3=O)COC)C)C
2165,DB08162,3547.0,C1CNCCN(C1)S(=O)(=O)C2=CC=CC3=C2C=CN=C3
2166,DB08167,4139.0,CN(C)C1=CC2=C(C=C1)N=C3C=CC(=[N+](C)C)C=C3S2
2167,DB08188,65013.0,CCOCN1C(=C(C(=O)NC1=O)C(C)C)CC2=CC=CC=C2
2168,DB08313,4122.0,COC(=O)NC1=NC2=C(N1)C=C(C=C2)C(=O)C3=CC=CS3
2169,DB08329,5356.0,C1CCS(=O)(=O)N(C1)C2=CC=C(C=C2)S(=O)(=O)N
2170,DB08382,11516136.0,C1CN(CC1(F)F)C(=O)C2CC(CN2)N3CCN(CC3)C4=NC=CC=N4
2171,DB08399,667639.0,C1=CC(=C(C=C1C=CC2=CC(=CC(=C2)O)O)O)O
2172,DB08437,439530.0,CN(C)C1=NC=NC2=C1N=CN2C3C(C(C(O3)CO)NC(=O)C(CC4=CC=C(C=C4)OC)N)O
2173,DB08439,119828.0,CCC(=O)NS(=O)(=O)C1=CC=C(C=C1)C2=C(ON=C2C3=CC=CC=C3)C
2174,DB08455,6438583.0,CC1=CC(=C(C(=C1C=CC(=CC=CC(=CC(=O)O)C)C)C)C)O
2175,DB08486,122335.0,CC1=CC(=CC(=C1)NC(=O)CC2=CC=C(C=C2)OC(C)(C)C(=O)O)C
2176,DB08496,54684598.0,CC(=O)CC(C1=CC=CC=C1)C2=C(C3=CC=CC=C3OC2=O)O
2177,DB08502,1783.0,CC(C)C1=C(N(C(=N1)COC(=O)N)CC2=CC=NC=C2)SC3=CC(=CC(=C3)Cl)Cl
2178,DB08550,123920.0,C1CNCC2=C1C=CC(=C2Cl)Cl
2179,DB08619,119202.0,CC12CCC3C(C1CCC2OC(=O)CCC(=O)O)CCC4=CC(=O)CCC34C
2180,DB08621,27200.0,CS(=O)(=O)C1=CC=C(C=C1)C(C(CO)NC(=O)C(Cl)Cl)O
2181,DB08633,369976.0,CC(=CCC1C(O1)(C)C2C(C(CCC23CO3)OC(=O)NC(=O)CCl)OC)C
2182,DB08639,214347.0,CC1=CC(=C(C(=C1)C)NC2=NC(=NC=C2)NC3=CC=C(C=C3)C#N)C
2183,DB08735,54736486.0,CC(CC(C1=CC=CC=C1)C2=C(C3=CC=CC=C3OC2=O)O)O
2184,DB08736,54723704.0,CC(CC(C1=CC=CC=C1)C2=C(C3=CC=CC=C3OC2=O)O)O
2185,DB08783,25111933.0,CC(C)(C)OC(=O)NC(CC1=CC=C(C=C1)C[Se](=O)O)C(=O)OC
2186,DB08794,54685524.0,CCOC(=O)C(C1=C(C2=CC=CC=C2OC1=O)O)C3=C(C4=CC=CC=C4OC3=O)O
2187,DB08795,15574941.0,CC1(C(N2C(S1)C(C2=O)NC(=O)C(C3=CC=CC=C3)N=[N+]=[N-])C(=O)O)C
2188,DB08797,5147.0,C1=CC=C(C(=C1)C(=O)N)O
2189,DB08798,12894.0,CC1=C(OC(=N1)NS(=O)(=O)C2=CC=C(C=C2)N)C
2190,DB08799,2200.0,C1CN=C(N1)CN(CC2=CC=CC=C2)C3=CC=CC=C3
2191,DB08800,25295.0,CN(C)CCN(CC1=CC=C(C=C1)Cl)C2=CC=CC=N2
2192,DB08801,21855.0,CC(C1=CC=CC=N1)C2=C(CC3=CC=CC=C32)CCN(C)C
2193,DB08802,3781.0,CC(CN1C2=CC=CC=C2SC3=C1N=CC=C3)N(C)C
2194,DB08804,9677.0,CCCCCCCCCC(=O)OC1CCC2C1(CCC3C2CCC4=CC(=O)CCC34)C
2195,DB08805,1548992.0,CC1=C(N=CN1)CSCCNC(=S)NC
2196,DB08806,5105.0,CC(=O)OCC(=O)NCCCOC1=CC=CC(=C1)CN2CCCCC2
2197,DB08807,44112.0,CC1=CC2=C(N1)C=CC=C2OCC(CNC(C)(C)C)OC(=O)C3=CC=CC=C3
2198,DB08808,2475.0,CC1=CC(=C(C=C1)Cl)OCC(CNC(C)(C)C)O
2199,DB08810,68867.0,CCOC1=CC(=C(C=C1C(=O)NC2CCN(CC2)CC3CCC=CC3)[N+](=O)[O-])N
2200,DB08811,5502.0,CCC1C(=NN=C(C2=CC(=C(C=C12)OC)OC)C3=CC(=C(C=C3)OC)OC)C
2201,DB08813,,
2202,DB08814,9458.0,CC(=O)OC1=C(C=CC(=C1)C(F)(F)F)C(=O)O
2203,DB08815,213046.0,C1CCC(C(C1)CN2CCN(CC2)C3=NSC4=CC=CC=C43)CN5C(=O)C6C7CCC(C7)C6C5=O
2204,DB08816,9871419.0,CCCSC1=NC(=C2C(=N1)N(N=N2)C3CC(C(C3O)O)OCCO)NC4CC4C5=CC(=C(C=C5)F)F
2205,DB08819,9868491.0,CC(C)OC(=O)CCCC=CCC1C(CC(C1C=CC(COC2=CC=CC=C2)(F)F)O)O
2206,DB08820,16220172.0,CC(C)(C)C1=CC(=C(C=C1NC(=O)C2=CNC3=CC=CC=C3C2=O)O)C(C)(C)C
2207,DB08822,135409642.0,CCOC1=NC2=CC=CC(=C2N1CC3=CC=C(C=C3)C4=CC=CC=C4C5=NOC(=O)N5)C(=O)OCC6=C(OC(=O)O6)C
2208,DB08824,3086674.0,COC(=O)C1C2CCC(N2CCCF)CC1C3=CC=C(C=C3)I
2209,DB08826,2972.0,CC1=C(C(=O)C=CN1C)O
2210,DB08827,9853053.0,C1CN(CCC1NC(=O)C2=CC=CC=C2C3=CC=C(C=C3)C(F)(F)F)CCCCC4(C5=CC=CC=C5C6=CC=CC=C64)C(=O)NCC(F)(F)F
2211,DB08828,24776445.0,CS(=O)(=O)C1=CC(=C(C=C1)C(=O)NC2=CC(=C(C=C2)Cl)C3=CC=CC=N3)Cl
2212,DB08830,440667.0,C(C(C1C(=O)C(=O)C(=O)O1)O)O
2213,DB08833,387316.0,CC(CCC(=O)NCCS(=O)(=O)O)C1CCC2C1(CCC3C2C(CC4C3(CCC(C4)O)C)O)C
2214,DB08834,9848818.0,CC(CCC(=O)NCCS(=O)(=O)O)C1CCC2C1(CCC3C2C(CC4C3(CCC(C4)O)C)O)C
2215,DB08836,443874.0,CCOC(=O)C(CCC1=CC=CC=C1)NC2CSC(CN(C2=O)CC(=O)O)C3=CC=CS3
2216,DB08837,5413.0,CC[N+](CC)(CC)CC
2217,DB08838,199.0,C(CCN=C(N)N)CN
2218,DB08839,5202.0,C1=CC2=C(C=C1O)C(=CN2)CCN
2219,DB08840,64950.0,CNC(=O)C1=CN=CC=C1
2220,DB08841,5610.0,C1=CC(=CC=C1CCN)O
2221,DB08844,1175.0,C12=C(NC(=O)N1)NC(=O)NC2=O
2222,DB08846,5281855.0,C1=C2C3=C(C(=C1O)O)OC(=O)C4=CC(=C(C(=C43)OC2=O)O)O
2223,DB08857,,
2224,DB08858,154095.0,CC(CCC(=O)NCC(=O)[O-])C1CCC2C1(C(CC3C2C(CC4C3(CCC(C4)O)C)O)O)C.N.N.[Cl-].[Pt+2]
2225,DB08860,5282452.0,C1CC1C2=NC3=CC=CC=C3C(=C2C=CC(CC(CC(=O)O)O)O)C4=CC=C(C=C4)F
2226,DB08861,104787.0,CC1(C(C(=O)NCC(=O)NC(C(=O)NC(C(SS1)(C)C)C(=O)O)CC2=CC=CC=C2)NC(=O)C(CC3=CC=C(C=C3)O)N)C
2227,DB08862,,
2228,DB08864,6451164.0,CC1=CC(=CC(=C1NC2=NC(=NC=C2)NC3=CC=C(C=C3)C#N)C)C=CC#N
2229,DB08865,11626560.0,CC(C1=C(C=CC(=C1Cl)F)Cl)OC2=C(N=CC(=C2)C3=CN(N=C3)C4CCNCC4)N
2230,DB08867,13559281.0,CC(=O)C1(CCC2C1(CC(C3=C4CCC(=O)C=C4CCC23)C5=CC=C(C=C5)N(C)C)C)O
2231,DB08868,107970.0,CCCCCCCCC1=CC=C(C=C1)CCC(CO)(CO)N
2232,DB08869,,
2233,DB08870,,
2234,DB08871,11354606.0,CC1CC2CCC3C(=C)CC(O3)CCC45CC6C(O4)C7C(O6)C(O5)C8C(O7)CCC(O8)CC(=O)CC9C(CC(C1=C)O2)OC(C9OC)CC(CN)O
2235,DB08872,9883933.0,CC(C)C(=O)OC(C)OC(=O)NCC1(CCCCC1)CC(=O)O
2236,DB08873,10324367.0,CC1(C2C1C(N(C2)C(=O)C(C(C)(C)C)NC(=O)NC(C)(C)C)C(=O)NC(CC3CCC3)C(=O)C(=O)N)C
2237,DB08874,10034073.0,CCC1C=C(C(CC=CC=C(C(=O)OC(CC=C(C=C(C1OC2C(C(C(C(O2)(C)C)OC(=O)C(C)C)O)O)C)C)C(C)O)COC3C(C(C(C(O3)C)OC(=O)C4=C(C(=C(C(=C4O)Cl)O)Cl)CC)O)OC)O)C
2238,DB08875,25102847.0,COC1=CC2=C(C=CN=C2C=C1OC)OC3=CC=C(C=C3)NC(=O)C4(CC4)C(=O)NC5=CC=C(C=C5)F
2239,DB08877,25126798.0,C1CCC(C1)C(CC#N)N2C=C(C=N2)C3=C4C=CNC4=NC=N3
2240,DB08878,169371.0,C1=CC(=CC=C1C(=O)NC(CCC(=O)O)C(=O)O)NCC2=CN=C3C(=N2)C(=NC(=N3)N)N
2241,DB08879,,
2242,DB08880,54684141.0,CC(=C(C#N)C(=O)NC1=CC=C(C=C1)C(F)(F)F)O
2243,DB08881,42611257.0,CCCS(=O)(=O)NC1=C(C(=C(C=C1)F)C(=O)C2=CNC3=C2C=C(C=N3)C4=CC=C(C=C4)Cl)F
2244,DB08882,10096344.0,CC#CCN1C2=C(N=C1N3CCCC(C3)N)N(C(=O)N(C2=O)CC4=NC5=CC=CC=C5C(=N4)C)C
2245,DB08883,9924495.0,C1=CC=C(C=C1)N2C=C(C=C(C2=O)C3=CC=CC=C3C#N)C4=CC=CC=N4
2246,DB08884,56841043.0,[H+].[H+].CCOC1=CC=C(C=C1)CC(CN(CCN(CC(=O)[O-])CC(=O)[O-])CC(=O)[O-])N(CC(=O)[O-])CC(=O)[O-].[Gd+3]
2247,DB08885,,
2248,DB08886,,
2249,DB08887,9831415.0,CCC=CCC=CCC=CCC=CCC=CCCCC(=O)OCC
2250,DB08889,11556711.0,CC(C)CC(C(=O)C1(CO1)C)NC(=O)C(CC2=CC=CC=C2)NC(=O)C(CC(C)C)NC(=O)C(CCC3=CC=CC=C3)NC(=O)CN4CCOCC4
2251,DB08890,16158208.0,CC1C(=O)NC2CSSCC3C(=O)NC(C(=O)NC(C(=O)NC(CSSCC(NC(=O)CNC(=O)C(NC2=O)C(C)O)C(=O)NC(CC4=CC=C(C=C4)O)C(=O)O)C(=O)NC(CSSCC(C(=O)N3)N)C(=O)NC(C(=O)N5CCCC5C(=O)N1)CC(=O)N)CC6=CC=C(C=C6)O)CCC(=O)O
2252,DB08892,11281011.0,CC(C)C(OC(=O)C(C)C)OC(=O)NCC(CC(=O)O)C1=CC=C(C=C1)Cl
2253,DB08893,9865528.0,C1=CC=C(C=C1)C(CNCCC2=CC=C(C=C2)NC(=O)CC3=CSC(=N3)N)O
2254,DB08894,,
2255,DB08895,9926791.0,CC1CCN(CC1N(C)C2=NC=NC3=C2C=CN3)C(=O)CC#N
2256,DB08896,11167602.0,CNC(=O)C1=NC=CC(=C1)OC2=CC(=C(C=C2)NC(=O)NC3=CC(=C(C=C3)Cl)C(F)(F)F)F
2257,DB08897,11434515.0,C1C[N+]2(CCC1C(C2)OC(=O)C(C3=CC=CS3)(C4=CC=CS4)O)CCCOC5=CC=CC=C5
2258,DB08898,,
2259,DB08899,15951529.0,CC1(C(=O)N(C(=S)N1C2=CC(=C(C=C2)C(=O)NC)F)C3=CC(=C(C=C3)C#N)C(F)(F)F)C
2260,DB08900,,
2261,DB08901,24826799.0,CC1=C(C=C(C=C1)C(=O)NC2=CC(=C(C=C2)CN3CCN(CC3)C)C(F)(F)F)C#CC4=CN=C5N4N=CC=C5
2262,DB08902,,
2263,DB08903,5388906.0,CN(C)CCC(C1=CC=CC2=CC=CC=C21)(C(C3=CC=CC=C3)C4=C(N=C5C=CC(=CC5=C4)Br)OC)O
2264,DB08904,,
2265,DB08905,11273.0,CC12CCC(=O)C(=C1CCC3C2CCC4(C3CCC4=O)C)O
2266,DB08906,9854489.0,CC1CC2C3CC(C4=CC(=O)C=CC4(C3(C(CC2(C1(C(=O)SCF)OC(=O)C5=CC=CO5)C)O)F)C)F
2267,DB08907,24812758.0,CC1=C(C=C(C=C1)C2C(C(C(C(O2)CO)O)O)O)CC3=CC=C(S3)C4=CC=C(C=C4)F
2268,DB08908,637568.0,COC(=O)C=CC(=O)OC
2269,DB08909,10482134.0,C1=CC=C(C=C1)CCCC(=O)OCC(COC(=O)CCCC2=CC=CC=C2)OC(=O)CCCC3=CC=CC=C3
2270,DB08910,134780.0,C1CC(=O)NC(=O)C1N2C(=O)C3=C(C2=O)C(=CC=C3)N
2271,DB08911,11707110.0,CC1=C2C(=C(N(C1=O)C)NC3=C(C=C(C=C3)I)F)C(=O)N(C(=O)N2C4=CC=CC(=C4)NC(=O)C)C5CC5
2272,DB08912,44462760.0,CC(C)(C)C1=NC(=C(S1)C2=NC(=NC=C2)N)C3=C(C(=CC=C3)NS(=O)(=O)C4=C(C=CC=C4F)F)F
2273,DB08913,,
2274,DB08916,10184653.0,CN(C)CC=CC(=O)NC1=C(C=C2C(=C1)C(=NC=N2)NC3=CC(=C(C=C3)F)Cl)OC4CCOC4
2275,DB08917,,
2276,DB08918,6917779.0,CCN(CC)C(=O)C1(CC1CN)C2=CC=CC=C2
2277,DB08922,115368.0,C1CCC2C(C1)C(=O)N(C2=O)CCCCN3CCN(CC3)C4=NSC5=CC=CC=C54
2278,DB08925,3033226.0,C1=CC=C(C=C1)C(C2=CC=CC=C2)S(=O)CC(=O)NO
2279,DB08927,73333.0,CCNC(=O)N1CCN(CC1)CCCC(C2=CC=C(C=C2)F)C3=CC=C(C=C3)F
2280,DB08930,54726191.0,CC1CCOC2N1C(=O)C3=C(C(=O)C(=CN3C2)C(=O)NCC4=C(C=C(C=C4)F)F)O
2281,DB08931,11304743.0,CN(C1=C(N=C(N=C1N)C2=NN(C3=C2C=CC=N3)CC4=CC=CC=C4F)N)C(=O)OC
2282,DB08932,16004692.0,CCCNS(=O)(=O)NC1=C(C(=NC=N1)OCCOC2=NC=C(C=N2)Br)C3=CC=C(C=C3)Br
2283,DB08933,3003141.0,C1C(SC(=C(C#N)N2C=CN=C2)S1)C3=C(C=C(C=C3)Cl)Cl
2284,DB08934,45375808.0,CC(C)OC(=O)C(C)NP(=O)(OCC1C(C(C(O1)N2C=CC(=O)NC2=O)(C)F)O)OC3=CC=CC=C3
2285,DB08935,,
2286,DB08936,2710.0,CN1CCN(CC1)C(C2=CC=CC=C2)C3=CC=C(C=C3)Cl
2287,DB08938,122706784.0,O.[OH-].[OH-].[OH-].[OH-].[OH-].[OH-].[OH-].[OH-].[OH-].[OH-].[OH-].[OH-].[OH-].[OH-].[OH-].[OH-].[OH-].[OH-].[OH-].[OH-].[OH-].[OH-].[OH-].[OH-].[OH-].[OH-].[OH-].[OH-].[OH-].[OH-].[OH-].[O-]S(=O)(=O)[O-].[O-]S(=O)(=O)[O-].[Mg+2].[Mg+2].[Mg+2].[Mg+2].[Mg+2].[Mg+2].[Mg+2].[Mg+2].[Mg+2].[Mg+2].[Al+3].[Al+3].[Al+3].[Al+3].[Al+3]
2288,DB08940,3824.0,CC(=O)CCC1C(=O)N(N(C1=O)C2=CC=CC=C2)C3=CC=CC=C3
2289,DB08941,11779629.0,CC(COC1=CC=CC=C1)NC(C)C(C2=CC=C(C=C2)O)O
2290,DB08942,54677972.0,CC1=CC(=NO1)NC(=O)C2=C(C3=CC=CC=C3S(=O)(=O)N2C)O
2291,DB08943,3760.0,C1=CC(=C(C(=C1)Cl)COC(CN2C=CN=C2)C3=C(C=C(C=C3)Cl)Cl)Cl
2292,DB08947,65492.0,CC(C(=O)NC1=C(C(=C(C(=C1I)C(=O)NC(CO)CO)I)C(=O)NC(CO)CO)I)O
2293,DB08949,,
2294,DB08950,33625.0,C1CN(CCC1NC(=O)C2=CC=CC=C2)CCC3=CNC4=CC=CC=C43
2295,DB08951,3718.0,CC(C1=CC=C(C=C1)N2CC3=CC=CC=C3C2=O)C(=O)O
2296,DB08952,71955.0,CC(C)NCC(COC1=CC=CC2=C1C=CC2)O
2297,DB08953,44668.0,C1CNCCC1CCC2=CNC3=CC=CC=C32
2298,DB08954,3689.0,CC(C(C1=CC=C(C=C1)O)O)N2CCC(CC2)CC3=CC=CC=C3
2299,DB08955,68704.0,CC(C)CC1=CC=C(C=C1)C(C)C(=O)NO
2300,DB08957,3609.0,C1=CC(=C(C=C1C(CNCCCCCCNCC(C2=CC(=C(C=C2)O)O)O)O)O)O
2301,DB08958,3607.0,CCCCC(CC)CN1CC(CN(C1)CC(CC)CCCC)(C)N
2302,DB08960,3604.0,C[N+](C)(C)CCCCCC[N+](C)(C)C
2303,DB08961,2273.0,C1=CSC(=C1)CNC2=CC(=C(C=C2C3=NNN=N3)S(=O)(=O)N)Cl
2304,DB08962,12818200.0,CC1=CC=C(C=C1)S(=O)(=O)NC(=O)NC2C3CCC(C2O)(C3(C)C)C
2305,DB08964,5282237.0,CCCCC(C)(C)C(C=CC1C(CC(=O)C1CCCCC=CC(=O)OC)O)O
2306,DB08965,3084092.0,CC(C)C1C(=O)OC(C(=O)N(C(C(=O)OC(C(=O)N(C(C(=O)OC(C(=O)N1C)C(C)C)C(C)C)C)C(C)C)C(C)C)C)C(C)C
2307,DB08967,3089.0,CC(CN1C2=CC=CC=C2SC3=C1C=C(C=C3)S(=O)(=O)N(C)C)N(C)C
2308,DB08970,11794741.0,CC12CC(C3(C(C1CC(=C)C2(C(=O)CO)O)CCC4=CC(=O)C=CC43C)F)O
2309,DB08971,9053.0,CC1CC2C3CC(C4=CC(=O)C=CC4(C3C(CC2(C1C(=O)CO)C)O)C)F
2310,DB08972,3374.0,CC1CCC2=C3N1C=C(C(=O)C3=CC(=C2)F)C(=O)O
2311,DB08974,35802.0,COC(=O)NC1=NC2=C(N1)C=C(C=C2)C(=O)C3=CC=C(C=C3)F
2312,DB08976,3360.0,C1=CC=C(C(=C1)C(=O)OCC(CO)O)NC2=C3C=CC=C(C3=NC=C2)C(F)(F)F
2313,DB08980,3336.0,CC(C1=CC=CC=C1)NCCC(C2=CC=CC=C2)C3=CC=CC=C3
2314,DB08981,3335.0,C1=CC=C(C=C1)C2=CC=C(C=C2)C(=O)CCC(=O)O
2315,DB08983,65777.0,CC(C)(C(=O)OCCOC(=O)C1=CN=CC=C1)OC2=CC=C(C=C2)Cl
2316,DB08984,35375.0,C1=CC=C(C(=C1)C(=O)OCCOCCO)NC2=CC=CC(=C2)C(F)(F)F
2317,DB08985,3306.0,CCNCC(C1=CC(=CC=C1)O)O
2318,DB08986,135413553.0,CCN=C1NC2=C(C=C(C=C2)Cl)C(O1)(C)C3=CC=CC=C3
2319,DB08987,37497.0,CCCN(CC)C(CC)C(=O)NC1=C(C=CC=C1C)C
2320,DB08991,3242.0,CC1=CC(=NC(=N1)N2C(=CC(=N2)C)OC)OC
2321,DB08992,3236.0,CCC1=CC=C(C=C1)C(=O)C(C)CN2CCCCC2
2322,DB08993,20055267.0,C1CN=C(NC1C2C(=O)NCC(C(=O)NC(C(=O)NC(C(=O)NC(=CNC(=O)N)C(=O)N2)CO)CO)NC(=O)CC(C(CCN)O)N)N
2323,DB08994,29088.0,C1=CC=C(C=C1)C2=C(OC(=N2)N(CCO)CCO)C3=CC=CC=C3
2324,DB08996,94280.0,CC1(C2=CC=CC=C2N(C3=CC=CC=C31)CCCN(C)C)C
2325,DB08997,30843.0,C1CN(CCC1C2(CCC(=O)NC2=O)C3=CC=CC=C3)CC4=CC=CC=C4
2326,DB08999,7608.0,CC(CC1CCCC1)NC
2327,DB09000,62865.0,CC(CN1C2=CC=CC=C2SC3=C1C=C(C=C3)C#N)CN(C)C
2328,DB09001,71196.0,CCC1(C(=O)NC(=O)NC1=O)C2=CC=CC=C2.CC(CC1CCCCC1)NC
2329,DB09007,6475.0,CC(C1=CC=CC=C1)(C2=CC=C(C=C2)Cl)OCCN(C)C
2330,DB09008,5773.0,C1C(=C(N2C(S1)C(C2=O)NC(=O)CC3=CC=CS3)C(=O)[O-])C[N+]4=CC=CC=C4
2331,DB09009,32170.0,CCCNC(C)C(=O)NC1=C(SC=C1C)C(=O)OC
2332,DB09010,2577.0,CCCCCCNC(=O)N1C=C(C(=O)NC1=O)F
2333,DB09011,10391.0,C1=CC=C(C=C1)CNC(=O)CCCl
2334,DB09013,2309.0,CC(C)NCC(COC1=CC=CC2=C1OC(=C2)C(=O)C)O
2335,DB09014,10240.0,CCCCSC1=CC=C(C=C1)C(C2=CC=CC=C2)SCCN(C)C
2336,DB09015,656615.0,CC12CCC(=O)C=C1C=CC3C2CCC4(C3CCC4(CCC(=O)O)O)C
2337,DB09016,,
2338,DB09017,2451.0,CC1=NN=C2N1C3=C(C=C(S3)Br)C(=NC2)C4=CC=CC=C4Cl
2339,DB09018,2446.0,CCN(CC)CCNC(=O)C1=CC(=C(C=C1OC)N)Br
2340,DB09020,2391.0,CC(=O)OC1=CC=C(C=C1)C(C2=CC=C(C=C2)OC(=O)C)C3=CC=CC=N3
2341,DB09021,28425.0,CNCC12CCC(C3=CC=CC=C31)C4=CC=CC=C24
2342,DB09022,2318.0,CC(CC1=CC(=CC=C1)C(F)(F)F)NCCOC(=O)C2=CC=CC=C2
2343,DB09023,9330.0,CCN(CC)CCOC(=O)C(C1=CC=CC=C1)(C2=CC=CC=C2)O
2344,DB09026,5493444.0,CC(C)C(CC1=CC(=C(C=C1)OC)OCCCOC)CC(C(CC(C(C)C)C(=O)NCC(C)(C)C(=O)N)O)N
2345,DB09027,67505836.0,CC(C)C(C(=O)N1CC2(CC2)CC1C3=NC=C(N3)C4=CC5=C(C=C4)C6=C(C5(F)F)C=C(C=C6)C7=CC8=C(C=C7)N=C(N8)C9C1CCC(C1)N9C(=O)C(C(C)C)NC(=O)OC)NC(=O)OC
2346,DB09029,,
2347,DB09030,10077130.0,CCOC(=O)NC1CCC2C(C1)CC3C(C2C=CC4=NC=C(C=C4)C5=CC(=CC=C5)F)C(OC3=O)C
2348,DB09031,3599.0,CCCCCCCCCCCCCCCCOP(=O)([O-])OCC[N+](C)(C)C
2349,DB09033,,
2350,DB09034,24965990.0,CC1CCN(CCN1C(=O)C2=C(C=CC(=C2)C)N3N=CC=N3)C4=NC5=C(O4)C=CC(=C5)Cl
2351,DB09035,,
2352,DB09036,,
2353,DB09037,,
2354,DB09038,11949646.0,C1COCC1OC2=CC=C(C=C2)CC3=C(C=CC(=C3)C4C(C(C(C(O4)CO)O)O)O)Cl
2355,DB09039,23652731.0,CCCCCCCC(=O)NC(CN1CCCC1)C(C2=CC3=C(C=C2)OCCO3)O
2356,DB09042,11476460.0,CN1N=C(N=N1)C2=NC=C(C=C2)C3=C(C=C(C=C3)N4CC(OC4=O)COP(=O)(O)O)F
2357,DB09043,,
2358,DB09045,,
2359,DB09046,,
2360,DB09047,11567473.0,C1CC1N2C=C(C(=O)C3=CC(=C(C(=C32)C#N)N4CC5C(C4)OCCN5)F)C(=O)O
2361,DB09048,6451149.0,CC1=CC=CC=C1C2=CC(=NC=C2N(C)C(=O)C(C)(C)C3=CC(=CC(=C3)C(F)(F)F)C(F)(F)F)N4CCN(CC4)C
2362,DB09049,56959087.0,COCCOCCOCCOCCOCCOCCOCCOC1CCC2(C3CC4=C5C2(C1OC5=C(C=C4)O)CCN3CC=C)O
2363,DB09050,53234134.0,CC(C)(C(=O)O)ON=C(C1=NSC(=N1)N)C(=O)NC2C3N(C2=O)C(=C(CS3)C[N+]4=CC(=C(N4C)N)NC(=O)NCCN)C(=O)[O-]
2364,DB09052,,
2365,DB09053,24821094.0,C=CC(=O)N1CCCC(C1)N2C3=NC=NC(=C3C(=N2)C4=CC=C(C=C4)OC5=CC=CC=C5)N
2366,DB09054,11625818.0,CCC(C1=NC2=C(C(=CC=C2)F)C(=O)N1C3=CC=CC=C3)NC4=NC=NC5=C4NC=N5
2367,DB09055,5310993.0,CC1=CN=C(C=[N+]1[O-])C(=O)O
2368,DB09056,54260.0,CCC(C)(C)C1=CC=C(C=C1)CC(C)CN2CC(OC(C2)C)C
2369,DB09057,,
2370,DB09059,5311010.0,CCC(C)C1C(=O)NC(C(=O)NC(C(=O)NC(CSSCCC(=O)NC(C(=O)N1)CC2=CC=C(C=C2)OCC)C(=O)N3CCCC3C(=O)NC(CCCN)C(=O)NCC(=O)N)CC(=O)N)C(C)O
2371,DB09060,9835049.0,C1CC(N2CC1N(C2=O)OS(=O)(=O)O)C(=O)N
2372,DB09061,644019.0,CCCCCC1=CC(=C(C(=C1)O)C2C=C(CCC2C(=C)C)C)O
2373,DB09062,71141.0,CN1C(=NN=N1)SCC2=C(N3C(C(C3=O)(NC(=O)CSCC(C(=O)O)N)OC)SC2)C(=O)O
2374,DB09063,57379345.0,CC1=CC(=C(C=C1C2CCNCC2)OC(C)C)NC3=NC=C(C(=N3)NC4=CC=CC=C4S(=O)(=O)C(C)C)Cl
2375,DB09064,2763.0,CC(C)(C(=O)O)OC1=CC=C(C=C1)C2CC2(Cl)Cl
2376,DB09065,25151504.0,CC(C)C1=NC(=CS1)CN(C)C(=O)NC(CCN2CCOCC2)C(=O)NC(CCC(CC3=CC=CC=C3)NC(=O)OCC4=CN=CS4)CC5=CC=CC=C5
2377,DB09066,,
2378,DB09067,,
2379,DB09068,9966051.0,CC1=CC(=C(C=C1)SC2=CC=CC=C2N3CCNCC3)C
2380,DB09069,21109.0,COC1=C(C(=C(C=C1)CN2CCNCC2)OC)OC
2381,DB09070,444008.0,CC1CC2=C(CCC(=O)C2)C3C1C4CCC(C4(CC3)C)(C#C)O
2382,DB09071,10220503.0,CCC(=O)NCC1CC1C2=C3CCOC3=CC=C2
2383,DB09072,23663870.0,C(CC(=O)[O-])CO.[Na+]
2384,DB09073,5330286.0,CC1=C(C(=O)N(C2=NC(=NC=C12)NC3=NC=C(C=C3)N4CCNCC4)C5CCCC5)C(=O)C
2385,DB09074,23725625.0,C1CC1C(=O)N2CCN(CC2)C(=O)C3=C(C=CC(=C3)CC4=NNC(=O)C5=CC=CC=C54)F
2386,DB09075,10280735.0,CN1CCC2=C(C1)SC(=N2)C(=O)NC3CC(CCC3NC(=O)C(=O)NC4=NC=C(C=C4)Cl)C(=O)N(C)C
2387,DB09076,11519070.0,C1C[N+]2(CCC1(CC2)C(C3=CC=CC=C3)(C4=CC=CC=C4)O)CCOCC5=CC=CC=C5
2388,DB09077,,
2389,DB09078,9823820.0,COC1=CC2=NC=CC(=C2C=C1C(=O)N)OC3=CC(=C(C=C3)NC(=O)NC4CC4)Cl
2390,DB09079,,
2391,DB09080,11504295.0,CC(C)(CC1=CC=C(C=C1)OC)NCC(C2=C3C(=CC(=C2)O)NC(=O)CO3)O
2392,DB09081,3686.0,CC1=C(C(=O)C(=C(C1=O)OC)OC)CCCCCCCCCCO
2393,DB09082,10184665.0,C1=CC(=C(C(=C1)Cl)COCCOCCCCCCNCC(C2=CC(=C(C=C2)O)CO)O)Cl
2394,DB09083,132999.0,CN(CCCN1CCC2=CC(=C(C=C2CC1=O)OC)OC)CC3CC4=CC(=C(C=C34)OC)OC
2395,DB09084,12555.0,CN(C)CCCOC1=NN(C2=CC=CC=C21)CC3=CC=CC=C3
2396,DB09085,5411.0,CCCCNC1=CC=C(C=C1)C(=O)OCCN(C)C
2397,DB09087,24856.0,[O-]S(=O)(=O)[O-].[O-]S(=O)(=O)[O-].[Al+3].[K+]
2398,DB09089,5573.0,CCC(COC(=O)C1=CC(=C(C(=C1)OC)OC)OC)(C2=CC=CC=C2)N(C)C
2399,DB09090,40704.0,CC1(C2CCC(C1C2)CCOCC[N+]3(CCOCC3)CC4=CC(=C(C=C4Br)OC)OC)C
2400,DB09091,162955.0,CC12CCC(=O)C=C1CCC3C2C(CC4(C3CCC4(C(=O)CS)O)C)O
2401,DB09092,9913.0,CN1C2=C(C(=O)N(C1=O)C)N(C=N2)CC(CN(C)CCO)O
2402,DB09093,,
2403,DB09095,11954369.0,CC1CC2C3CC(C4=CC(=O)C=CC4(C3(C(CC2(C1C(=O)CO)C)O)F)C)F
2404,DB09096,7187.0,C1=CC=C(C=C1)C(=O)OOC(=O)C2=CC=CC=C2
2405,DB09097,3086401.0,CCCN1CC(CC2C1CC3=C(C2)C(=CC=C3)O)NS(=O)(=O)N(CC)CC
2406,DB09098,,
2407,DB09099,16129706.0,CC(C1C(=O)NC(C(=O)NC(C(=O)NC(C(=O)NC(CSSCC(C(=O)NC(C(=O)NC(C(=O)NC(C(=O)NC(C(=O)NC(C(=O)NC(C(=O)N1)CCCCN)CC2=CNC3=CC=CC=C32)CC4=CC=CC=C4)CC5=CC=CC=C5)CC(=O)N)CCCCN)NC(=O)CNC(=O)C(C)N)C(=O)O)CO)C(C)O)CC6=CC=CC=C6)O
2408,DB09100,,
2409,DB09101,5277135.0,CC(C)C(CO)N1C=C(C(=O)C2=C1C=C(C(=C2)CC3=C(C(=CC=C3)Cl)F)OC)C(=O)O
2410,DB09102,25154714.0,CC(C)C(C(=O)N1CCCC1C2=NC=C(N2)C3=CC=C(C=C3)C4=CC=C(C=C4)C5=CN=C(N5)C6CCCN6C(=O)C(C(C)C)NC(=O)OC)NC(=O)OC
2411,DB09103,,
2412,DB09104,14791.0,[OH-].[OH-].[Mg+2]
2413,DB09105,,
2414,DB09106,,
2415,DB09107,,
2416,DB09109,,
2417,DB09111,,
2418,DB09112,24529.0,N(=O)O
2419,DB09113,,
2420,DB09116,56955933.0,C(=[N-])=[N-].[Ca+2]
2421,DB09117,31264.0,CC1OC(OC(O1)C)C
2422,DB09118,5311454.0,CC(C)(C)C(C=CC1=CC2=C(C=C1)OCO2)O
2423,DB09119,179344.0,CC(=O)OC1CC2=CC=CC=C2N(C3=CC=CC=C13)C(=O)N
2424,DB09121,6916934.0,C(C1C(C(C(C(O1)[S-])O)O)O)O.[Au+]
2425,DB09122,,
2426,DB09123,68861.0,CC12CCC3=C4CCC(=O)C=C4CCC3C1CCC2(CC#N)O
2427,DB09124,9949848.0,CC1=CC2C(CCC3(C2CCC3(C)C(=O)C)C)C4(C1=CC(=O)CC4)C
2428,DB09125,13344.0,C(C(=O)[O-])C(CC(=O)[O-])(C(=O)[O-])O.[K+].[K+].[K+]
2429,DB09128,11978813.0,C1CN(CCN1CCCCOC2=CC3=C(C=C2)C=CC(=O)N3)C4=C5C=CSC5=CC=C4
2430,DB09129,6452300.0,[Cl-].[Cl-].[Cl-].[Cr+3]
2431,DB09130,23978.0,[Cu]
2432,DB09132,71464587.0,C1CN(CCN(CCN(CCN1CC(=O)O)CC(=O)[O-])CC(=O)[O-])CC(=O)[O-].[Gd+3]
2433,DB09133,3737.0,CC(=O)NC1=C(C(=C(C(=C1I)C(=O)O)I)C(=O)NC)I
2434,DB09134,3741.0,C(CO)N(C1=C(C(=C(C(=C1I)C(=O)NCC(CO)O)I)C(=O)NCC(CO)O)I)C(=O)CO
2435,DB09135,3743.0,CC(=O)N(CC(CO)O)C1=C(C(=C(C(=C1I)C(=O)NCC(CO)O)I)C(=O)NCCO)I
2436,DB09136,4695.0,CCN(CC)C1=CC=C(C=C1)C(=C2C=CC(=[N+](CC)CC)C=C2)C3=C(C=CC(=C3)S(=O)(=O)O)S(=O)(=O)O
2437,DB09137,72958930.0,CC1=CC(=C(C(=C1NC(=O)CN(CC(=O)O)CC(=O)O)C)Br)C.[Tc]
2438,DB09139,123801.0,C(O)(P(=O)(O)O)P(=O)(O)O.[Tc]
2439,DB09142,,
2440,DB09143,24775005.0,CC1CN(CC(O1)C)C2=NC=C(C=C2)NC(=O)C3=CC=CC(=C3C)C4=CC=C(C=C4)OC(F)(F)F
2441,DB09146,91663255.0,C(C1C(C(C(C(O1)OC2(C(C(C(O2)CO)O)O)CO)O)O)O)O.O.O.O.[OH-].[O-2].[O-2].[O-2].[O-2].[O-2].[O-2].[O-2].[O-2].[Na+].[Na+].[Fe+3].[Fe+3].[Fe+3].[Fe+3].[Fe+3]
2442,DB09147,24877.0,[O-]P(=O)([O-])OP(=O)([O-])[O-].[O-]P(=O)([O-])OP(=O)([O-])[O-].[O-]P(=O)([O-])OP(=O)([O-])[O-].[Fe+3].[Fe+3].[Fe+3].[Fe+3]
2443,DB09148,11501341.0,CNC1=CC=C(C=C1)C=CC2=CC=C(C=C2)OCCOCCOCCF
2444,DB09149,24822371.0,CNC1=CC=C(C=C1)C=CC2=CN=C(C=C2)OCCOCCOCCF
2445,DB09153,5234.0,[Na+].[Cl-]
2446,DB09154,59701732.0,C(C(=O)[O-])C(CC(=O)[O-])(C(=O)[O-])O.[Na+].[Na+].[Na+]
2447,DB09156,3736.0,CN(CC(CO)O)C(=O)C1=C(C(=C(C(=C1I)C(=O)NCC(CO)O)I)NC(=O)COC)I
2448,DB09161,,
2449,DB09163,,
2450,DB09165,6452753.0,[O-]P(=O)([O-])OP(=O)([O-])[O-].[Tc+4]
2451,DB09166,3307.0,CCC1=CC2=C(S1)N3C(=NN=C3CN=C2C4=CC=CC=C4Cl)C
2452,DB09167,5284550.0,CN(C)CCC=C1C2=CC=CC=C2CSC3=CC=CC=C31
2453,DB09173,621174.0,CCCC(=O)N(C1CCN(CC1)CCC2=CC=CC=C2)C3=CC=CC=C3
2454,DB09174,10070040.0,CCC(=O)N(C1=CC=CC=C1)C2(CCN(CC2C)CCC3=CC=CC=C3)C(=O)OC
2455,DB09183,56640146.0,CC(C)(C)C1=CC(=CC(=C1OC)C2=CC3=C(C=C2)C=C(C=C3)NS(=O)(=O)C)N4C=CC(=O)NC4=O
2456,DB09184,11186829.0,COC1=C(C=C(C=C1)F)CC(C2CCOCC2)(C3CNCCO3)O
2457,DB09185,5666.0,CCOC1=CC=CC=C1OCC2CNCCO2
2458,DB09186,4500.0,CNCCC(C1=CC=CC=C1)OC2=CC=CC=C2OC
2459,DB09187,3053755.0,CN1CCC23C(C1)C(CC(=O)N2)C4=C(O3)C=CC(=C4)Cl
2460,DB09190,23573.0,CC1(C2=CC=CC=C2C(O1)(CCCNC)C3=CC=CC=C3)C
2461,DB09194,40589.0,CCC1=NN(C(=O)N1CC)CCCN2CCN(CC2)C3=CC(=CC=C3)Cl
2462,DB09195,20055414.0,C1CC2CN3C(=NN=C3C2C1)CCN4CCN(CC4)C5=CC=CC(=C5)C(F)(F)F
2463,DB09198,9826451.0,CN(CCOC1=CC=C(C=C1)CC2C(=O)NC(=O)S2)C3=CC(=NC=N3)OC4=CC=C(C=C4)OC
2464,DB09199,204109.0,C1=CC=C(C(=C1)COC2=CC3=C(C=C2)C=C(C=C3)CC4C(=O)NC(=O)S4)F
2465,DB09200,3055168.0,CN1C2=C(C=CC(=C2)OC)N=C1COC3=CC=C(C=C3)CC4C(=O)NC(=O)S4
2466,DB09201,2750.0,CC1(CCCCC1)COC2=CC=C(C=C2)CC3C(=O)NC(=O)S3
2467,DB09202,2765.0,C1CC1C2=CC=CC=C2OCC3=NCCN3
2468,DB09203,7172.0,CNCC(C1=CC=C(C=C1)O)O
2469,DB09204,2239.0,CC(C)(C)NCC(CSC1=NC(=CS1)C2=CC=C(S2)C(=O)N)O
2470,DB09205,4260.0,CC1=CC(=C(C=C1OC(=O)C)C(C)C)OCCN(C)C
2471,DB09206,37264.0,CC(C)(COC(=O)N1CCN(CC1)C2=NC3=C(C(=C(C=C3C(=N2)N)OC)OC)OC)O
2472,DB09207,10993014.0,CCN1CCN(CC(C1)NC(=O)C2=CC(=C(C=C2OC)NC)Br)C
2473,DB09208,,
2474,DB09209,5311356.0,CN1CCC23C4C1CC5=C2C(=C(C=C5)OCCN6CCOCC6)OC3C(C=C4)O
2475,DB09210,4843.0,C1CC(=O)N(C1)CC(=O)N
2476,DB09211,6438378.0,CCCCC(C)CC(C=CC1C(CC(=O)C1CCCCC=CC(=O)O)O)O
2477,DB09212,3965.0,CC(C1=CC=C(C=C1)CC2CCCC2=O)C(=O)O
2478,DB09213,39912.0,CC(C)CC1=CC=C(C=C1)C(C)C(=O)O
2479,DB09214,667550.0,CC(C1=CC(=CC=C1)C(=O)C2=CC=CC=C2)C(=O)O
2480,DB09215,65679.0,CN1C2=C(C3=CC=CC=C3S1(=O)=O)OC(=O)N(C2=O)C4=CC=CC=N4
2481,DB09216,610479.0,CC1=C(C=CC=C1Cl)NC2=CC=CC=C2C(=O)O
2482,DB09217,208910.0,CC1(C(=C(C(=O)O1)OCC2CC2)C3=CC=C(C=C3)S(=O)(=O)C)C
2483,DB09218,28718.0,CC1=C(C=CC=C1Cl)NC2=C(C=CC=N2)C(=O)O
2484,DB09219,28689.0,C1=CC=C2C(=C1)NC(=O)C(O2)(C3=CC=C(C=C3)O)C4=CC=C(C=C4)O
2485,DB09220,47528.0,C1=CC(=CN=C1)C(=O)NCCO[N+](=O)[O-]
2486,DB09221,9817450.0,C1=C(N=C[N-]1)CC(C(=O)[O-])NC(=O)CCN.[Zn+2]
2487,DB09222,,
2488,DB09223,125564.0,CCN1CCN(CC1)C2=NC3=C(CCCCCC3)C(=C2)C4=CC=C(C=C4)F
2489,DB09224,15387.0,CC1CCN(CC1)CCCC(=O)C2=CC=C(C=C2)F
2490,DB09225,5736.0,CN(C)CCOC1=CC2=CC=CC=C2SC3=C1C=C(C=C3)Cl
2491,DB09226,46861612.0,C1CN(CCN1CCCCOC2=CC3=C(C=C2)OCC(=O)N3)C4=C(C(=CC=C4)Cl)Cl
2492,DB09227,443869.0,CC1=C(C(C(=C(N1)C)C(=O)OC2CCN(C2)CC3=CC=CC=C3)C4=CC(=CC=C4)[N+](=O)[O-])C(=O)OC
2493,DB09228,,
2494,DB09229,2225.0,CC1=C(C(C(=C(N1)C)C(=O)OCC(=O)C)C2=CC=CC=C2[N+](=O)[O-])C(=O)OC
2495,DB09230,65948.0,CC1=C(C(C(=C(N1)N)C(=O)OC2CN(C2)C(C3=CC=CC=C3)C4=CC=CC=C4)C5=CC(=CC=C5)[N+](=O)[O-])C(=O)OC(C)C
2496,DB09231,656668.0,CC1=C(C(C(=C(N1)C)C(=O)OC2CCCN(C2)CC3=CC=CC=C3)C4=CC(=CC=C4)[N+](=O)[O-])C(=O)OC
2497,DB09232,5282138.0,CC1=C(C(C(=C(N1)C)C(=O)OCC=CC2=CC=CC=C2)C3=CC(=CC=C3)[N+](=O)[O-])C(=O)OCCOC
2498,DB09234,51701.0,CCOC(=O)C1=C(NC(=C(C1C2=CC=CC3=NON=C32)C(=O)OCC)C)C
2499,DB09235,119171.0,CC1=C(C(C(=C(N1)C)P2(=O)OCC(CO2)(C)C)C3=CC(=CC=C3)[N+](=O)[O-])C(=O)OCCN(CC4=CC=CC=C4)C5=CC=CC=C5
2500,DB09236,5311217.0,CCOC(=O)C1=C(NC(=C(C1C2=CC=CC=C2C=CC(=O)OC(C)(C)C)C(=O)OCC)C)C
2501,DB09237,9822750.0,CCOC(=O)C1=C(NC(=C(C1C2=CC=CC=C2Cl)C(=O)OC)C)COCCN
2502,DB09238,4008.0,CC1=C(C(C(=C(N1)C)C(=O)OCCN2CCN(CC2)C(C3=CC=CC=C3)C4=CC=CC=C4)C5=CC(=CC=C5)[N+](=O)[O-])C(=O)OC
2503,DB09239,60602.0,CC1=C(C(C(=C(N1)C)C(=O)OCCCN2CCC(CC2)(C3=CC=CC=C3)C4=CC=CC=C4)C5=CC(=CC=C5)[N+](=O)[O-])C(=O)OC
2504,DB09240,89767.0,CCCOCCOC(=O)C1=C(NC(=C(C1C2=CC(=CC=C2)[N+](=O)[O-])C(=O)OCCOCCC)C)C
2505,DB09241,6099.0,CN(C)C1=CC2=C(C=C1)N=C3C=CC(=[N+](C)C)C=C3S2.[Cl-]
2506,DB09242,4810.0,CC1=NC(=C(C(=N1)Cl)NC2=NCCN2)OC
2507,DB09243,71653.0,C1=CC(=NN=C1C(=O)N)NN
2508,DB09244,68802.0,CC1=CC2=C(C=C1)N3CCNC4C3=C2CCC4
2509,DB09245,34521.0,CC1=CC(=CC=C1)N2CC(OC2=O)CO
2510,DB09246,71671.0,CC(C1=CC=CC=C1)NNC(=O)C2=CC=CC=C2
2511,DB09247,19063.0,CC(C)NNC(=O)COC1=CC=C(C=C1)Cl
2512,DB09248,6179.0,CC(C1=CC=CC=C1)NN
2513,DB09249,20811.0,CCCCCCC(C)NN
2514,DB09250,5929.0,CC(CC1=CC=CC=C1)NN
2515,DB09251,71467.0,CC(COC1=CC=CC=C1)NN
2516,DB09252,9375.0,CC(C)(C)C(=O)NNCC1=CC=CC=C1
2517,DB09253,34042.0,CC(CCC1=CC2=C(C=C1)OCO2)NN
2518,DB09254,29083.0,C1C2=CC=CC=C2OC(=O)N1CC(=O)N
2519,DB09255,,
2520,DB09256,5386.0,C1CC(OC1)N2C=C(C(=O)NC2=O)F
2521,DB09257,54679224.0,C1=C(C(=CNC1=O)Cl)O
2522,DB09258,,
2523,DB09259,,
2524,DB09260,,
2525,DB09261,,
2526,DB09262,6433090.0,CC1=NC=CN1CCC(C2=CC=CC=C2)(C3=CC=CC=C3)C(=O)N
2527,DB09263,,
2528,DB09264,,
2529,DB09265,,
2530,DB09266,,
2531,DB09267,46782942.0,C(C1=C(SC(=C1C#N)N(CC(=O)[O-])CC(=O)[O-])C(=O)[O-])C(=O)[O-].[Sr+2].[Sr+2]
2532,DB09268,5243.0,C1=CC=NC(=C1)C(C2=CC=C(C=C2)OS(=O)(=O)O)C3=CC=C(C=C3)OS(=O)(=O)O
2533,DB09269,999.0,C1=CC=C(C=C1)CC(=O)O
2534,DB09270,5281915.0,CC1=C(C(=O)C(=C(C1=O)OC)OC)CC=C(C)CCC=C(C)CCC=C(C)CCC=C(C)CCC=C(C)CCC=C(C)CCC=C(C)CCC=C(C)CCC=C(C)CCC=C(C)C
2535,DB09271,,
2536,DB09272,130406582.0,CC1=CC(=CC(=C1CC(C(=O)N(CC2=CC(=C(C=C2)OC)C(=O)[O-])C(C)C3=NC=C(N3)C4=CC=CC=C4)[NH3+])C)C(=O)N
2537,DB09273,50942.0,CN1C2=C(C(=O)N(C1=O)C)N(C=N2)CC3OCCO3
2538,DB09274,6917864.0,CC1CCC2C(C(OC3C24C1CCC(O3)(OO4)C)OC(=O)CCC(=O)O)C
2539,DB09275,139035011.0,C1C(=O)O[Bi](OC(=O)C1(CC(=O)[O-])[O-])OC(=O)CC(CC(=O)[O-])(C(=O)[O-])[O-].[K+].[K+].[K+].[K+].[K+]
2540,DB09276,167312453.0,C(C(C(=O)[O-])[S-])C(=O)[O-].[Na+].[Na+].[Au+]
2541,DB09277,14989482.0,C[N+](C)(C)CCO.[Cl-]
2542,DB09278,5462310.0,C
2543,DB09279,9870652.0,CCCCC1=NC(=C(C(=O)N1CC2=CC=C(C=C2)C3=CC=CC=C3C4=NNN=N4)CC(=S)N(C)C)C
2544,DB09280,16678941.0,CC1=C(N=C(C=C1)NC(=O)C2(CC2)C3=CC4=C(C=C3)OC(O4)(F)F)C5=CC(=CC=C5)C(=O)O
2545,DB09281,129627946.0,[O-][Si](=O)O[Si]([O-])([O-])O[Si](=O)[O-].[Mg+2].[Mg+2]
2546,DB09282,5353788.0,CCOC(=NC1=C[N+](=NO1)N2CCOCC2)[O-]
2547,DB09283,5531.0,CCN(CC)C1=CC(=NC2=NC=NN12)C
2548,DB09284,27501.0,CCN(CC)CCN1C(=NOC1=N)C2=CC=CC=C2
2549,DB09285,72106.0,C1COCCN1CCOC(=O)C2=C(N=CC=C2)NC3=CC=CC(=C3)C(F)(F)F
2550,DB09286,4830.0,C1CCN(CC1)C2(CCN(CC2)CCCC(=O)C3=CC=C(C=C3)F)C(=O)N
2551,DB09287,,
2552,DB09288,68865.0,CCN(CC)CC(=O)OC1=CC=C(C=C1)NC(=O)C
2553,DB09289,68870.0,CN1C2=CC=CC=C2C(C3=C(S1(=O)=O)C=C(C=C3)Cl)NCCCCCCC(=O)O
2554,DB09290,108000.0,CN1C=C(C2=CC=CC=C21)C(=O)C3CCC4=C(C3)NC=N4
2555,DB09291,10311306.0,CC(C1=CC(=CC(=C1)C(F)(F)F)C(F)(F)F)OCC2(CCC3(CCC(=O)N3)CN2)C4=CC=CC=C4
2556,DB09292,9811834.0,CCOC(=O)C(C)CC(CC1=CC=C(C=C1)C2=CC=CC=C2)NC(=O)CCC(=O)O
2557,DB09293,167195.0,[I-]
2558,DB09295,48229.0,C1=CC=C2C(=C1)C(OC2=O)OC(=O)C3=C(N=CC=C3)NC4=CC=CC(=C4)C(F)(F)F
2559,DB09296,54767916.0,CC(C)C(C(=O)N1CCCC1C(=O)NC2=CC=C(C=C2)C3CCC(N3C4=CC=C(C=C4)C(C)(C)C)C5=CC=C(C=C5)NC(=O)C6CCCN6C(=O)C(C(C)C)NC(=O)OC)NC(=O)OC
2560,DB09297,45110509.0,CC1=CN=C(C=N1)C(=O)NC2CCCCCC=CC3CC3(NC(=O)C4CC(CN4C2=O)OC5=NC6=CC=CC=C6C7=CC=CC=C75)C(=O)NS(=O)(=O)C8CC8
2561,DB09298,31553.0,COC1=C(C=CC(=C1)C2C(OC3=C(O2)C=C(C=C3)C4C(C(=O)C5=C(C=C(C=C5O4)O)O)O)CO)O
2562,DB09299,9574768.0,CC(C)OC(=O)C(C)NP(=O)(COC(C)CN1C=NC2=C(N=CN=C21)N)OC3=CC=CC=C3
2563,DB09300,,
2564,DB09301,,
2565,DB09302,,
2566,DB09303,,
2567,DB09304,5205.0,CN1CCC2=C(C1)C3=CC=CC=C3CC4=CC=CC=C24
2568,DB09305,51355.0,CN1CCN2C(C1)C3=CC=CN3CC4=CC=CC=C42
2569,DB09307,38207.0,CNCC(CC12CCC(C3=CC=CC=C31)C4=CC=CC=C24)O
2570,DB09308,25242512.0,CCC1C2(C(C(C(=O)C(CC(C(C(C(=O)C(C(=O)O1)(C)F)C)OC3C(C(CC(O3)C)N(C)C)O)(C)OC)C)C)N(C(=O)O2)CCCCN4C=C(N=N4)C5=CC(=CC=C5)N)C
2571,DB09309,5282322.0,CC1CC=CC=CC(C(CC(C(C(C(CC(=O)O1)O)OC)OC2C(C(C(C(O2)C)OC3CC(C(C(O3)C)OC(=O)CC(C)C)(C)O)N(C)C)O)CC=O)C)O
2572,DB09310,,
2573,DB09311,,
2574,DB09312,,
2575,DB09317,,
2576,DB09318,,
2577,DB09319,93184.0,CC1(C(N2C(S1)C(C2=O)NC(=O)C(C3=CC=CC=C3)C(=O)OC4=CC5=C(CCC5)C=C4)C(=O)O)C
2578,DB09320,25195395.0,[H+].CCN(CC)CCOC(=O)C1=CC=C(C=C1)N.CC1(C(N2C(S1)C(C2=O)NC(=O)CC3=CC=CC=C3)C(=O)[O-])C
2579,DB09321,14806.0,O=[Zn]
2580,DB09322,24424.0,[O-]S(=O)(=O)[O-].[Zn+2]
2581,DB09324,130313.0,CC1(C(N2C(S1(=O)=O)CC2=O)C(=O)O)C
2582,DB09325,5235.0,[F-].[Na+]
2583,DB09327,104747.0,C1CC(OC1)N2C=C(C(=O)NC2=O)F.C1=CNC(=O)NC1=O
2584,DB09328,,
2585,DB09329,,
2586,DB09330,71496458.0,CN1C=C(C2=CC=CC=C21)C3=NC(=NC=C3)NC4=C(C=C(C(=C4)NC(=O)C=C)N(C)CCN(C)C)OC
2587,DB09331,,
2588,DB09335,,
2589,DB09338,12358988.0,COC(CNC(=O)C1=CC=CC=C1OCC(=O)O)C[Hg+].[OH-]
2590,DB09341,,
2591,DB09342,6843.0,CCCOC1=C(C=CC(=C1)N)C(=O)OCCN(CC)CC
2592,DB09343,6323266.0,C1CC(=N)N(C1)CC2=C(C(=O)NC(=O)N2)Cl
2593,DB09344,,
2594,DB09345,4886.0,CCCCOC1=CC=C(C=C1)OCCCN2CCOCC2
2595,DB09351,60657.0,CC(C)NCC(COC1=CC=C(C=C1)CCOCC2CC2)O
2596,DB09352,3651.0,CC(CC1=CC=C(C=C1)O)N
2597,DB09357,131204.0,CC(C)(CO)C(C(=O)NCCCO)O
2598,DB09363,,
2599,DB09369,,
2600,DB09371,6231.0,CC12CCC3C(C1CCC2(C#C)O)CCC4=C3CCC(=O)C4
2601,DB09374,135673376.0,CC1(C(=[N+](C2=C1C3=CC=CC=C3C=C2)CCCCS(=O)(=O)O)C=CC=CC=CC=C4C(C5=C(N4CCCCS(=O)(=O)[O-])C=CC6=CC=CC=C65)(C)C)C
2602,DB09378,5876.0,CC12CC(C3C(C1CCC2(C(=O)CO)O)CC(C4=CC(=O)C=CC34C)F)O
2603,DB09381,,
2604,DB09383,5284587.0,CC1CC2C3CCC4=CC(=O)C=CC4(C3C(=O)CC2(C1(C(=O)CO)O)C)C
2605,DB09389,4542.0,CCC12CCC3C(C1CCC2(C#C)O)CCC4=CC(=O)CCC34
2606,DB09394,1004.0,OP(=O)(O)O
2607,DB09395,517045.0,CC(=O)[O-].[Na+]
2608,DB09400,66254.0,C[Se]CCC(C(=O)O)N
2609,DB09401,12597.0,C1C(C2C(O1)C(CO2)O)O
2610,DB09407,24584.0,[Mg+2].[Cl-].[Cl-]
2611,DB09409,134717.0,CC(=O)[O-].CC(=O)[O-].O.O.O.O.[Mg+2]
2612,DB09413,21924740.0,[H+].[H+].[O-]P(=O)([O-])[O-].[K+]
2613,DB09414,22481479.0,[H+].[O-]P(=O)([O-])[O-].[K+].[K+]
2614,DB09418,516900.0,[O-]Cl(=O)(=O)=O.[K+]
2615,DB09421,638678.0,C1CC(N(C1)C(=O)C(CC2=CN=CN2)NC(=O)C3CCC(=O)N3)C(=O)N
2616,DB09449,23672064.0,OP(=O)(O)[O-].[Na+]
2617,DB09456,,
2618,DB09459,444305.0,C(C(C(=O)O)O)(C(=O)O)O
2619,DB09462,753.0,C(C(CO)O)O
2620,DB09472,24436.0,[O-]S(=O)(=O)[O-].[Na+].[Na+]
2621,DB09477,5462501.0,CC(C(=O)N1CCCC1C(=O)O)NC(CCC2=CC=CC=C2)C(=O)O
2622,DB09480,156375.0,CC(C)NC(C)CC1=CC=C(C=C1)I
2623,DB09481,11029.0,C(=O)([O-])[O-].[Mg+2]
2624,DB09483,23671663.0,CC(C(=O)[O-])O.[K+]
2625,DB09484,66524099.0,[O-]P(=O)([O-])F.[Na+].[Na+]
2626,DB09488,5284514.0,CC1=CC=C(C=C1)C(=CCN2CCCC2)C3=CC=CC(=N3)C=CC(=O)O
2627,DB09496,5355130.0,CCCCC(CC)COC(=O)C=CC1=CC=C(C=C1)OC
2628,DB09499,24478.0,OS(=O)(=S)O
2629,DB09501,2724226.0,C(C(=O)O)C(CC(=O)O)(C(=O)[O-])O.[NH4+].[Fe+3]
2630,DB09502,68614.0,C(C(C(C(C(C=O)F)O)O)O)O
2631,DB09507,,
2632,DB09508,,
2633,DB09511,122173976.0,[OH-].[OH-].[O-2].[O-2].[O-2].[O-2].[O-2].[O-2].[O-2].[O-2].[O-2].[O-2].[Mg+2].[Mg+2].[Mg+2].[Si+4].[Si+4].[Si+4].[Si+4]
2634,DB09517,76968835.0,C(C1C(C(C(C(O1)OC2(C(C(C(O2)CO)O)O)CO)O)O)O)O.C(C1C(C(C(C(O1)OC2(C(C(C(O2)CO)O)O)CO)O)O)O)O.C(C1C(C(C(C(O1)OC2(C(C(C(O2)CO)O)O)CO)O)O)O)O.C(C1C(C(C(C(O1)OC2(C(C(C(O2)CO)O)O)CO)O)O)O)O.C(C1C(C(C(C(O1)OC2(C(C(C(O2)CO)O)O)CO)O)O)O)O.C(C(C(C(C(C(=O)[O-])O)O)O)O)O.[O-2].[O-2].[O-2].[Na+].[Fe+3].[Fe+3]
2635,DB09527,,
2636,DB09532,,
2637,DB09536,26042.0,O=[Ti]=O
2638,DB09539,,
2639,DB09543,4133.0,COC(=O)C1=CC=CC=C1O
2640,DB09546,56840904.0,C1=CC(=CC(=C1)I)CN=C(N)N.C1=CC(=CC(=C1)I)CN=C(N)N.OS(=O)(=O)O
2641,DB09555,5281070.0,CN(C)CCC(C1=CC=C(C=C1)Cl)C2=CC=CC=N2.C(=CC(=O)O)C(=O)O
2642,DB09559,,
2643,DB09564,,
2644,DB09568,,
2645,DB09570,25183872.0,B(C(CC(C)C)NC(=O)CNC(=O)C1=C(C=CC(=C1)Cl)Cl)(O)O
2646,DB10062,,
2647,DB10076,,
2648,DB10276,,
2649,DB10283,,
2650,DB10317,,
2651,DB10318,,
2652,DB10342,,
2653,DB10343,,
2654,DB10349,,
2655,DB10351,,
2656,DB10353,,
2657,DB10365,,
2658,DB10366,,
2659,DB10370,,
2660,DB10379,,
2661,DB10389,,
2662,DB10394,,
2663,DB10395,,
2664,DB10403,,
2665,DB10404,,
2666,DB10489,,
2667,DB10494,,
2668,DB10532,,
2669,DB10583,,
2670,DB10584,,
2671,DB10600,,
2672,DB10713,,
2673,DB10714,,
2674,DB10715,,
2675,DB10716,,
2676,DB10717,,
2677,DB10719,,
2678,DB10769,,
2679,DB10794,,
2680,DB10803,,
2681,DB10804,,
2682,DB10805,,
2683,DB10836,,
2684,DB10879,,
2685,DB10949,,
2686,DB10962,,
2687,DB10963,,
2688,DB10964,,
2689,DB10966,,
2690,DB10989,,
2691,DB10990,,
2692,DB11003,,
2693,DB11038,,
2694,DB11040,,
2695,DB11041,,
2696,DB11044,,
2697,DB11050,,
2698,DB11051,,
2699,DB11057,,
2700,DB11059,,
2701,DB11068,21713352.0,[H+].[H+].[O-][Se](=O)(=O)[O-]
2702,DB11074,,
2703,DB11077,,
2704,DB11079,25213.0,C1=CC=C(C(=C1)C(=O)O)O.C(CO)N(CCO)CCO
2705,DB11081,24012.0,[Al](Cl)(Cl)Cl
2706,DB11085,5054.0,C1=CC(=CC(=C1)O)O
2707,DB11089,11339.0,CCCCC(CC)COC(=O)CC(C(=O)OCC(CC)CCCC)S(=O)(=O)O
2708,DB11090,24434.0,[N+](=O)([O-])[O-].[K+]
2709,DB11091,784.0,OO
2710,DB11093,91886343.0,C(C(=O)[O-])C(CC(=O)[O-])(C(=O)[O-])O.C(C(=O)[O-])C(CC(=O)[O-])(C(=O)[O-])O.[Ca+2].[Ca+2].[Ca+2]
2711,DB11094,,
2712,DB11095,,
2713,DB11097,,
2714,DB11098,21185546.0,[H+].C(=O)([O-])[O-].[K+]
2715,DB11102,68310.0,CC(=O)NC(CC1=CC=C(C=C1)O)C(=O)O
2716,DB11107,23681127.0,C(C(C(=O)[O-])O)(C(=O)O)O.[K+]
2717,DB11110,6099959.0,C(C(=O)[O-])C(CC(=O)[O-])(C(=O)[O-])O.C(C(=O)[O-])C(CC(=O)[O-])(C(=O)[O-])O.[Mg+2].[Mg+2].[Mg+2]
2718,DB11113,,
2719,DB11114,,
2720,DB11121,2723.0,CC1=CC(=CC(=C1Cl)C)O
2721,DB11124,,
2722,DB11126,10982878.0,C(C(C(C(C(C(=O)[O-])O)O)O)O)O.C(C(C(C(C(C(=O)[O-])O)O)O)O)O.[Ca+2]
2723,DB11127,18762062.0,[H+].[H+].[O-][Se](=O)[O-]
2724,DB11130,,
2725,DB11133,,
2726,DB11135,6326970.0,[Se]
2727,DB11136,23976.0,[Cr]
2728,DB11142,105024.0,C[Se]CCC(C(=O)O)N
2729,DB11145,1923.0,C1=CC2=C(C(=C1)O)N=CC=C2
2730,DB11148,2482.0,CCCCOC(=O)C1=CC=C(C=C1)N
2731,DB11153,14797.0,[OH-].[K+]
2732,DB11154,11023.0,C(C(=O)[O-])C(CC(=O)[O-])(C(=O)[O-])O.C(C(=O)[O-])C(CC(=O)[O-])(C(=O)[O-])O.[Zn+2].[Zn+2].[Zn+2]
2733,DB11156,708857.0,CN1CCCN=C1C=CC2=CC=CS2
2734,DB11164,72048.0,CCOC(=O)C(CS)NCCNC(CS)C(=O)OCC
2735,DB11166,,
2736,DB11168,11162669.0,C(C(C(C(=O)[O-])O)O)O.C(C(C(C(=O)[O-])O)O)O.[Ca+2]
2737,DB11171,23443659.0,O.O.O.O.O.[O-]S(=O)(=O)[O-].[O-]S(=O)(=O)[O-].[O-]S(=O)(=O)[O-].[Fe+3].[Fe+3]
2738,DB11175,9904746.0,C1=CC=NC(=C1)C(=O)[O-].C1=CC=NC(=C1)C(=O)[O-].[Zn+2]
2739,DB11181,,
2740,DB11189,75487596.0,C(C(=O)[O-])N.C(C(=O)[O-])N.[Mg+2]
2741,DB11198,,
2742,DB11199,,
2743,DB11210,9837124.0,C(C(=O)[O-])N.C(C(=O)[O-])N.[Fe+2]
2744,DB11228,,
2745,DB11230,,
2746,DB11231,446925.0,CC(=CCCC(=CC=CC(=CC=CC(=CC=CC=C(C)C=CC=C(C)C=CC=C(C)CCC=C(C)C)C)C)C)C
2747,DB11235,5457.0,CN(C)CCN(CC1=CC=C(C=C1)OC)C2=NC=CC=N2
2748,DB11238,,
2749,DB11239,24850.0,[O-]S(=O)(=O)[O-].[O-]S(=O)(=O)[O-].[O-]S(=O)(=O)[O-].[Al+3].[Al+3]
2750,DB11248,452949.0,C(C(C(C(C(C(=O)[O-])O)O)O)O)O.C(C(C(C(C(C(=O)[O-])O)O)O)O)O.[Zn+2]
2751,DB11251,,
2752,DB11256,135398561.0,CN1C(CNC2=C1C(=O)NC(=N2)N)CNC3=CC=C(C=C3)C(=O)NC(CCC(=O)O)C(=O)O
2753,DB11268,8768.0,C1=CC(=C(C=C1C=O)O)O
2754,DB11273,168871.0,CC(C)C1C(=O)N2CCCC2C3(N1C(=O)C(O3)(C(C)C)NC(=O)C4CC5C(CC6=CNC7=CC=CC5=C67)N(C4)C)O
2755,DB11274,114948.0,CC(C)CC1C(=O)N2CCCC2C3(N1C(=O)C(O3)(C(C)C)NC(=O)C4CC5C(CC6=CNC7=CC=CC5=C67)N(C4)C)O
2756,DB11278,64782.0,CC(C(C1=CC=CC=C1)O)N(C)C
2757,DB11281,9827661.0,C(=O)([O-])[O-].[O-2].[O-2].[Bi+3].[Bi+3]
2758,DB11282,4284.0,CCN(CC)C(=O)C1=CC=CC(=C1)C
2759,DB11306,,
2760,DB11311,,
2761,DB11312,,
2762,DB11315,,
2763,DB11328,8771.0,CCCCC(CC)CCC(CC(C)C)OS(=O)(=O)O
2764,DB11330,,
2765,DB11338,,
2766,DB11348,24456.0,[O-]P(=O)([O-])[O-].[O-]P(=O)([O-])[O-].[Ca+2].[Ca+2].[Ca+2]
2767,DB11352,,
2768,DB11358,,
2769,DB11362,9913767.0,CC(C)N(CCCCOCC(=O)NS(=O)(=O)C)C1=CN=C(C(=N1)C2=CC=CC=C2)C3=CC=CC=C3
2770,DB11363,49806720.0,CCC1=CC2=C(C=C1N3CCC(CC3)N4CCOCC4)C(C5=C(C2=O)C6=C(N5)C=C(C=C6)C#N)(C)C
2771,DB11364,65944.0,C1CC(=O)NC1C(=O)N2CSCC2C(=O)O
2772,DB11365,5199.0,C1=CC2=C(C(=C1)OC3C(C(C(C(O3)CO)O)O)O)C(=O)C4=C(C2C5C6=C(C(=CC=C6)OC7C(C(C(C(O7)CO)O)O)O)C(=O)C8=C5C=C(C=C8O)C(=O)O)C=C(C=C4O)C(=O)O
2773,DB11366,54676478.0,CN1C2=CC=CC=C2C(=C(C1=O)C(=O)N(C)C3=CC=CC=C3)O
2774,DB11367,5284529.0,COC1=C(N2C(C(C2=O)NC(=O)C(C3=CCC=CC3)N)SC1)C(=O)O
2775,DB11371,104845.0,CC(=O)C1CCC2C1(CC(=O)C3C2CCC4C3(CCC(C4)O)C)C
2776,DB11372,10041070.0,CC12C=CC3=C4CCC(=O)C=C4CCC3C1CCC2(CC=C)O
2777,DB11373,,
2778,DB11375,71674.0,CC1C(C(CC(O1)OC2C(OC3(CC2O)OC4C(OC(CC4(O3)C)OC5C(C(OC(C5OC)C)OC6C(OC(C(C6O)OC)OC7C(C8C(CO7)OC9(O8)C1C(C(C(O9)C)(C(=O)C)O)OCO1)OC(=O)C(C)C)COC)O)C)C)O)OC(=O)C1=C(C(=C(C(=C1OC)Cl)O)Cl)C
2779,DB11376,15443.0,C1CN(CCN1CCCC(=O)C2=CC=C(C=C2)F)C3=CC=CC=N3
2780,DB11377,6433554.0,CC1C(C(C(C(O1)OC2C(OC(C(C2O)NC(=O)C)OC3C(C(C(OC3OP(=O)(O)OCC(C(=O)OCCC=C(C)CCC=CC(C)(C)CCC(=C)CC=C(C)CCC=C(C)C)O)C(=O)O)(C)O)OC(=O)N)COC4C(C(C(C(O4)CO)O)O)O)NC(=O)C)O)OC5C(C(C(C(O5)C(=O)NC6=C(CCC6=O)O)O)O)O
2781,DB11380,33309.0,CC(C)OC(=O)NC1=CC2=C(C=C1)N=C(N2)C3=CSC=N3
2782,DB11383,5287879.0,CC1CC(C(C(C(CC(=O)OC(CC2C(O2)C=CC1=O)C)OC(=O)C)OC)OC3C(C(C(C(O3)C)OC4CC(C(C(O4)C)OC(=O)CC(C)C)(C)O)N(C)C)O)CC=O
2783,DB11387,6212.0,C(Cl)(Cl)Cl
2784,DB11389,43231.0,C1=C(C(=CC(=C1N)S(=O)(=O)N)S(=O)(=O)N)C(=C(Cl)Cl)Cl
2785,DB11390,2871.0,CCOP(=S)(OCC)OC1=CC2=C(C=C1)C(=C(C(=O)O2)Cl)C
2786,DB11397,3039.0,COP(=O)(OC)OC=C(Cl)Cl
2787,DB11400,9832750.0,CC1C=CC=C2COC3C2(C(C=C(C3O)C)C(=O)OC4CC(CC=C(C1OC5CC(C(C(O5)C)OC6CC(C(C(O6)C)O)OC)OC)C)OC7(C4)C=CC(C(O7)C8CCCCC8)C)O
2788,DB11401,,
2789,DB11404,6957639.0,CC[NH+]1CCN(CC1)C2=C(C=C3C(=C2)N(C=C(C3=O)C(=O)[O-])C4CC4)F
2790,DB11405,6450531.0,CC1C=CC=C2COC3C2(C(C=C(C3O)C)C(=O)OC4CC(CC=C(C1OC5CC(C(C(O5)C)OC6CC(C(C(O6)C)NC(=O)C)OC)OC)C)OC7(C4)C=CC(C(O7)C(C)C)C)O
2791,DB11408,5859.0,CN(C)S(=O)(=O)C1=CC=C(C=C1)OP(=S)(OC)OC
2792,DB11410,3334.0,COC(=O)NC1=NC2=C(N1)C=C(C=C2)SC3=CC=CC=C3
2793,DB11411,72734332.0,COC(=O)CCC=C=CCC1C(CC(C1C=CC(COC2=CC=CC=C2)O)O)O
2794,DB11412,3346.0,CC1=C(C=CC(=C1)OP(=S)(OC)OC)SC
2795,DB11413,114811.0,CS(=O)(=O)C1=CC=C(C=C1)C(C(CF)NC(=O)C(Cl)Cl)O
2796,DB11416,59364992.0,CCCN1CC(C(C(C(OC(=O)C(C(C(C(C(CC1C)(C)O)OC2C(C(CC(O2)C)N(C)C)O)C)OC3CC(C(C(O3)C)O)(C)OC)C)CC)(C)O)O)C
2797,DB11417,,
2798,DB11419,9454.0,CC1=C(C(=O)OC2=C1C=CC(=C2)OP(=O)(OCCCl)OCCCl)Cl
2799,DB11423,5360807.0,CCC(C1C(CC(O1)(CC)C2CCC(C(O2)C)(CC)O)C)C(=O)C(C)C(C(C)CCC3=C(C(=C(C=C3)C)O)C(=O)O)O
2800,DB11425,6441712.0,C1C(C(C(C1O)SCC(COC2=CC(=CC=C2)Cl)O)CC=CCCCC(=O)O)O
2801,DB11426,60651.0,CN1CCN(CC1)C2=C(C=C3C4=C2OCN(N4C=C(C3=O)C(=O)O)C)F
2802,DB11428,68602.0,CC1=C(C(=CC=C1)C(C)C2=CN=CN2)C
2803,DB11429,251636.0,CC1CC2=CC(=O)CCC2C3C1C4CCC(C4(CC3)C)(C)O
2804,DB11432,65452.0,CCC(C1C(CC(C(O1)C(C)C(C(C)C(=O)C(CC)C2C(CC(C3(O2)C=CC(C4(O3)CCC(O4)(C)C5CCC(C(O5)C)(CC)O)O)C)C)O)C)C)C(=O)O
2805,DB11442,72493.0,CC1CC(C(C(O1)OC2C(CC3(CO3)C(=O)C(C(C(C(OC(=O)C(C(C2C)OC4CC(C(C(O4)C)O)OC)C)C)C)O)C)C)O)N(C)C
2806,DB11443,7061800.0,CC1CN(CC([NH2+]1)C)C2=C(C3=C(C(=C2F)F)C(=O)C(=CN3C4CC4)C(=O)[O-])F
2807,DB11446,40854.0,COC(=O)NC1=NC2=C(N1)C=C(C=C2)S(=O)C3=CC=CC=C3
2808,DB11447,7108.0,C1=CC=C2C(=C1)NC3=CC=CC=C3S2
2809,DB11448,12901.0,COP(=S)(OC)SCN1C(=O)C2=CC=CC=C2C1=O
2810,DB11454,6436031.0,CCCCCC(C)(C=CC1C(CC(C1CC=C=CCCC(=O)OC)O)O)O
2811,DB11455,6433107.0,CCC1=CC(=C(C=C1)NC2=C(C(=CC(=C2F)F)F)F)CC(=O)O
2812,DB11458,5104.0,C1=CC(=C(C=C1[As](=O)(O)O)[N+](=O)[O-])O
2813,DB11459,9578507.0,CC1CCC2(CC3CC(O2)CC=C(C(C(C=CC=C4COC5C4(C(C=C(C5=NO)C)C(=O)O3)O)C)OC6CC(C(C(O6)C)O)OC)C)OC1C7CCCCC7
2814,DB11461,6634.0,C1=CC(=CC=C1N)S(=O)(=O)NC2=NN=C(C=C2)Cl
2815,DB11462,13755.0,CCOC1=NN=C(C=C1)NS(=O)(=O)C2=CC=C(C=C2)N
2816,DB11463,5334.0,CC(=O)NC1=CC=C(C=C1)S(=O)(=O)NC2=CC=C(C=C2)[N+](=O)[O-]
2817,DB11464,5338.0,C1=CC=C2C(=C1)N=CC(=N2)NS(=O)(=O)C3=CC=C(C=C3)N
2818,DB11466,59757.0,CN(C(=O)CCC1=NN(C(=C1)C2=CC=C(C=C2)Cl)C3=CC=C(C=C3)OC)O
2819,DB11467,101290202.0,CCC(C)C1C(=NC(C(=NC(=C)C(=NC(C(=NC23CCC(=NC2C4=CSC(=N4)C(C(OC(=O)C5=NC6=C(C=CC(C6O)N1)C(=C5)C(C)O)C)N=C(C7=CSC(=N7)C(N=C(C8CSC(=N8)C(=CC)N=C(C(N=C(C9=CSC3=N9)O)C(C)O)O)O)C(C)(C(C)O)O)O)C1=NC(=CS1)C(=NC(=C)C(=NC(=C)C(=N)O)O)O)O)C)O)O)C)O
2820,DB11468,656958.0,CCN(CC)CCSCC(=O)OC1CC(C(C(C23CCC(C1(C2C(=O)CC3)C)C)C)O)(C)C=C
2821,DB11470,24860548.0,CCC1C(C=C(C=CC(=O)C(CC(C(C(C(CC(=O)O1)O)C)OC2C(C(C(C(O2)C)O)N(C)C)O)CCN3CCCCC3)C)C)CN4CCCCC4
2822,DB11471,5282521.0,CCC1C(C=C(C=CC(=O)C(CC(C(C(C(CC(=O)O1)O)C)OC2C(C(C(C(O2)C)O)N(C)C)O)CCN3CC(CC(C3)C)C)C)C)COC4C(C(C(C(O4)C)O)OC)OC
2823,DB11473,5853.0,COP(=O)(C(C(Cl)(Cl)Cl)O)OC
2824,DB11474,9832301.0,CCCNCC1(C(OC(CC1(C)OC)OC2C(C(C(CC(CNC(C(C(C(OC(=O)C2C)CC)(C)O)O)C)C)(C)O)OC3C(C(CC(O3)C)N(C)C)O)C)C)O
2825,DB11475,5280440.0,CCC1C(C=C(C=CC(=O)C(CC(C(C(C(CC(=O)O1)O)C)OC2C(C(C(C(O2)C)OC3CC(C(C(O3)C)O)(C)O)N(C)C)O)CC=O)C)C)COC4C(C(C(C(O4)C)O)OC)OC
2826,DB11477,5707.0,CC1=C(C(=CC=C1)C)NC2=NCCCS2
2827,DB11478,2999413.0,CC1CCCC(CCCCCC2=C(C(=CC(=C2)O)O)C(=O)O1)O
2828,DB11480,3092.0,CC1=C(C=C(C=C1[N+](=O)[O-])[N+](=O)[O-])C(=O)N
2829,DB11481,71310.0,CCC1(CC2=CC=CC=C2C1)C3=CN=CN3
2830,DB11485,6328657.0,CON=C(C1=CSC(=N1)N)C(=O)NC2C3N(C2=O)C(=C(CS3)CSC(=O)C4=CC=CO4)C(=O)O
2831,DB11487,16752.0,CC1CC2C3CCC4=CC(=O)C=CC4(C3(C(CC2(C1(C(=O)COC(=O)C5=CC=NC=C5)O)C)O)F)C
2832,DB11490,5284595.0,C=CCN1CCC23C4C1CC5=C2C(=C(C=C5)O)OC3C(C=C4)O
2833,DB11491,56208.0,C1CN(CCN1)C2=C(C=C3C(=C2)N(C=C(C3=O)C(=O)O)C4=CC=C(C=C4)F)F
2834,DB11493,24455.0,[O-]P(=O)([O-])OP(=O)([O-])OP(=O)([O-])[O-].[Na+].[Na+].[Na+].[Na+].[Na+]
2835,DB11502,2480.0,CCCCN(CCCC)CCCOC(=O)C1=CC=C(C=C1)N
2836,DB11507,5311053.0,C1C(C(C(C1O)C=CC(COC2=CC(=CC=C2)Cl)O)CC=CCCCC(=O)O)O
2837,DB11510,25077495.0,CCNC(=O)C1CCCN1C(=O)C(CCCN=C(N)N)NC(=O)C(CC(C)C)NC(=O)C(CC2=CNC3=CC=CC=C32)NC(=O)C(CC4=CC=C(C=C4)O)NC(=O)C(CO)NC(=O)C(CC5=CNC6=CC=CC=C65)NC(=O)C(CC7=CN=CN7)NC(=O)C8CCC(=O)N8
2838,DB11511,40473223.0,C[NH+]1CCN(CC1)C2=C(C=C3C(=C2)N(C=C(C3=O)C(=O)[O-])C4=CC=C(C=C4)F)F
2839,DB11512,439369.0,CC1C(C(C(O1)OC2C(C(C(C(C2O)O)N=C(N)N)O)N=C(N)N)OC3C(C(C(C(O3)CO)O)O)NC)(CO)O
2840,DB11518,38081.0,CC1=C(C=CC=C1NC2=C(C=CC=N2)C(=O)O)C(F)(F)F
2841,DB11519,5311100.0,C1C(C(C(C1O)C=CC(COC2=CC=CC(=C2)C(F)(F)F)O)CC=CCCCC(=O)O)O
2842,DB11520,56928061.0,CNC1CC(C(C(C1O)OC2C3C(C(C(O2)CO)O)OC4(O3)C(C(C(C(O4)C(CO)N)O)O)O)O)N
2843,DB11525,68595.0,CC1CC(C(OC1C2CC(C(O2)C3(CCC(O3)C4(CCC5(O4)CC(C(C(O5)C(C)C6C(C(C(C(O6)(CC(=O)O)O)C)OC)OC)C)O)C)C)OC7CC(C(C(O7)C)OC)OC)(C)O)C.N
2844,DB11526,10074640.0,CC1=C(C=C(C=C1)NC(=O)C2=CC=C(C=C2)CN3CCN(CC3)C)NC4=NC(=CS4)C5=CN=CC=C5
2845,DB11529,9906614.0,CC1=CC2C(CCC3(C2CC(=C)C3(C(=O)C)O)C)C4(C1=CC(=O)CC4)C
2846,DB11537,157385.0,CCC1CCNC(C1)C(=O)NC(C2C(C(C(C(O2)SC)O)O)O)C(C)Cl
2847,DB11540,24352.0,CCC(=O)C1=CC2=C(C=C1)SC3=CC=CC=C3N2CCCN(C)C
2848,DB11541,56052.0,CC(CCC1=CC=C(C=C1)O)NCC(C2=CC=C(C=C2)O)O
2849,DB11543,71969.0,C1CN=C(N1)NC2=C(C=CC=C2Br)F
2850,DB11544,3085092.0,CCC(C1CCC(C(O1)C(C)C(C(C)C(=O)C(CC)C2C(CC(C3(O2)C=CC(C4(O3)CCC(O4)(C)C5CCC(C(O5)C)(CC)O)O)C)C)O)C)C(=O)O
2851,DB11549,26533.0,CCNC1(CCCCC1=O)C2=CC=CS2
2852,DB11552,11400.0,CCOC(=O)C1=CC(=CC=C1)N
2853,DB11554,6441094.0,CCC1C(C=C(C=CC(=O)C(CC(C(C(C(CC(=O)O1)OC(=O)C)C)OC2C(C(C(C(O2)C)OC3CC(C(C(O3)C)OC(=O)CC(C)C)(C)O)N(C)C)O)CC=O)C)C)COC4C(C(C(C(O4)C)O)OC)OC
2854,DB11555,35775.0,CC1=NN(C2=C1C(=NCC(=O)N2C)C3=CC=CC=C3F)C
2855,DB11556,56032.0,CC1=C(C(=CC=C1)CC2=CN=CN2)C
2856,DB11560,53465279.0,C1CC1C2=CC=C(C3=CC=CC=C23)N4C(=NN=C4Br)SCC(=O)O
2857,DB11564,,
2858,DB11567,,
2859,DB11568,,
2860,DB11569,,
2861,DB11574,71661251.0,CC(C)C(C(=O)N1CCCC1C2=NC=C(N2)C3=CC4=C(C=C3)N5C(OC6=C(C5=C4)C=CC(=C6)C7=CN=C(N7)C8CCCN8C(=O)C(C(C)C)NC(=O)OC)C9=CC=CC=C9)NC(=O)OC
2862,DB11575,44603531.0,CC(C)(C)C1C(=O)N2CC(CC2C(=O)NC3(CC3C=C)C(=O)NS(=O)(=O)C4CC4)OC5=NC6=C(C=CC(=C6)OC)N=C5CCCCCC7CC7OC(=O)N1
2863,DB11576,518696.0,O=[Fe]O[Fe]=O
2864,DB11577,,
2865,DB11580,,
2866,DB11581,49846579.0,CC1(CCC(=C(C1)C2=CC=C(C=C2)Cl)CN3CCN(CC3)C4=CC(=C(C=C4)C(=O)NS(=O)(=O)C5=CC(=C(C=C5)NCC6CCOCC6)[N+](=O)[O-])OC7=CN=C8C(=C7)C=CN8)C
2867,DB11582,9915886.0,CC(=O)NC1CCC2=CC(=C(C(=C2C3=CC=C(C(=O)C=C13)SC)OC)OC)OC4C(C(C(C(O4)CO)O)O)O
2868,DB11586,16076883.0,CC(C)(C)C(C(=O)N1CC(CC1C(=O)NC2(CC2C=C)C(=O)NS(=O)(=O)C3CC3)OC4=NC=C(C5=C4C=C(C=C5)Cl)OC)NC(=O)OC(C)(C)C
2869,DB11587,94532.0,CCN(C)C(C)C(C1=CC=CC=C1)O
2870,DB11590,6093168.0,CC[Hg+].C1=CC=C(C(=C1)C(=O)[O-])[S-].[Na+]
2871,DB11591,40467029.0,CCOCCN1C2=CC=CC=C2N=C1C3CC[NH+](CC3)CCC4=CC=C(C=C4)C(C)(C)C(=O)[O-]
2872,DB11593,8359.0,C1=CC=C2C(=C1)C(=O)OC(=O)N2
2873,DB11595,,
2874,DB11596,135398559.0,C1C(N(C2=C(N1)N=C(NC2=O)N)C=O)CNC3=CC=C(C=C3)C(=O)NC(CCC(=O)O)C(=O)O
2875,DB11598,,
2876,DB11603,,
2877,DB11604,,
2878,DB11606,,
2879,DB11608,,
2880,DB11609,10090.0,CCC(=O)C(CCN(C)C)(C1=CC=CC=C1)C2=CC=CC=C2
2881,DB11613,67683363.0,CC1CCC(N1C(=O)C(C(C)C)NC(=O)OC)C2=NC3=C(N2)C=CC4=CC5=C(C=C43)OCC6=C5C=CC(=C6)C7=CN=C(N7)C8CC(CN8C(=O)C(C9=CC=CC=C9)NC(=O)OC)COC
2882,DB11614,133017.0,CC1=CC(=CN=C1)CN2CCC(=C3C4=C(CCC5=C3N=CC=C5)C=C(C=C4)Cl)CC2
2883,DB11616,11296583.0,CC1C(C(CC(O1)OC2CC(CC3=C2C(=C4C(=C3O)C(=O)C5=C(C4=O)C(=CC=C5)OC)O)(C(=O)CO)O)N)OC6CCCCO6
2884,DB11617,86289437.0,CCC1(CC(C2=C(C3=C(C=C2C1C(=O)OC)C(=O)C4=C(C3=O)C(=CC=C4)O)[O-])OC5CC(C(C(O5)C)OC6CC(C(C(O6)C)OC7CCC(=O)C(O7)C)O)[NH+](C)C)O
2885,DB11618,57164040.0,CC1C(C(CC(O1)OC2CC(CC3=C2C(=C4C(=C3O)C(=O)C5=C(C4=O)C(=CC=C5)OC)O)(C(=NNC(=O)C6=CC=CC=C6)C)O)N)O
2886,DB11619,27812.0,CCC12C=CC3=C4CCC(=O)C=C4CCC3C1CCC2(C#C)O
2887,DB11621,,
2888,DB11622,6674.0,CC(CCC(=O)O)C1CCC2C1(C(=O)CC3C2C(=O)CC4C3(CCC(=O)C4)C)C
2889,DB11624,,
2890,DB11627,,
2891,DB11630,,
2892,DB11632,135565903.0,CC1=C(C(=[N+](C(=C1Cl)C)[O-])Cl)C2=NOC(=N2)C3=CC(=C(C(=C3)O)O)[N+](=O)[O-]
2893,DB11633,6918485.0,CC(C1=NC(=CS1)C2=CC=C(C=C2)C#N)C(CN3C=NC=N3)(C4=C(C=CC(=C4)F)F)O
2894,DB11635,,
2895,DB11636,68783.0,CC1=CC2C(CCC3(C2CCC3(C(=O)C)O)C)C4C1=CC(=O)CC4
2896,DB11637,6480466.0,CC1(CN2C=C(N=C2O1)[N+](=O)[O-])COC3=CC=C(C=C3)N4CCC(CC4)OC5=CC=C(C=C5)OC(F)(F)F
2897,DB11638,3000518.0,CC1CCC2C(C(OC3C24C1CCC(O3)(OO4)C)O)C
2898,DB11640,5918.0,C1=CN=CC(=C1N)N
2899,DB11641,10629256.0,CCC12C=CCN3C1C4(CC3)C(C(C2OC(=O)C)(C(=O)OC)O)N(C5=CC(=C(C=C45)C6(CC7CC(CN(C7)CC8=C6NC9=CC=CC=C89)C(C)(F)F)C(=O)OC)OC)C
2900,DB11642,9948102.0,C1CCN(CC1)CCCOCCCC2=CC=C(C=C2)Cl
2901,DB11644,11001318.0,C1=CC2=C(C=C1C(=O)O)OC(=N2)C3=CC(=CC(=C3)Cl)Cl
2902,DB11646,,
2903,DB11651,11977753.0,CC(C)(C#N)C1=CC=C(C=C1)N2C3=C4C=C(C=CC4=NC=C3N(C2=O)C)C5=CC6=CC=CC=C6N=C5
2904,DB11652,51039094.0,CC1=C(C=CC(=C1)NC2=NC=NC3=C2C=C(C=C3)NC4=NC(CO4)(C)C)OC5=CC6=NC=NN6C=C5
2905,DB11653,,
2906,DB11657,,
2907,DB11660,11156438.0,C1C(C(C(C1O)CC=CCCCC(=O)OCCCCO[N+](=O)[O-])CCC(CCC2=CC=CC=C2)O)O
2908,DB11661,,
2909,DB11662,11955855.0,CC1=CC(=C(C=C1Br)NC(=O)NC2=NC=C(N=C2)C)OCC3CNCCO3
2910,DB11664,138543650.0,C[NH+](C)CCC1=CNC2=C1C(=CC=C2)OP(=O)(O)[O-]
2911,DB11668,,
2912,DB11669,6918412.0,CC1=C2C(C(=O)C3(C(CC4C(C3C(C5(C2(C)C)C(C1OC(=O)C(C(CC(C)C)NC(=O)OC(C)(C)C)O)OC(=O)O5)OC(=O)C6=CC=CC=C6)(CO4)OC(=O)C)O)C)OC(=O)C
2913,DB11672,969516.0,COC1=C(C=CC(=C1)C=CC(=O)CC(=O)C=CC2=CC(=C(C=C2)O)OC)O
2914,DB11674,91469.0,C1C(COC2=C1C=CC(=C2)O)C3=CC=C(C=C3)O
2915,DB11675,119584.0,CCOC1=CC(=C(C=C1C(=O)NCC2CN(CCO2)CC3=CC=C(C=C3)F)Cl)N
2916,DB11678,9882105.0,CS(=O)(=O)OCC(C(COS(=O)(=O)C)O)O
2917,DB11680,,
2918,DB11685,,
2919,DB11686,6445539.0,CN1CCCCC1CCC2=CC=CC=C2NC(=O)C=CC3=CC=CC=C3
2920,DB11688,100773.0,CN(CC(=O)N)C(=O)N(CCCl)N=O
2921,DB11689,10127622.0,CN1C=NC2=C1C=C(C(=C2F)NC3=C(C=C(C=C3)Br)Cl)C(=O)NOCCO
2922,DB11691,54732242.0,CC(C)(C1=NC(=NO1)C2=CC=CC=C2)NC(=O)C3=C(C4C56CCN(C(C5(C3)O)CC7=C6C(=C(C=C7)O)O4)CC8CC8)O
2923,DB11693,6918486.0,CCC1C(=O)N(CC(=O)N(C(C(=O)NC(C(=O)N(C(C(=O)NC(C(=O)NC(C(=O)N(C(C(=O)N(C(C(=O)N(C(C(=O)N(C(C(=O)N1)C(C(C)CC=CC=C)O)C)C(C)C)C)CC(C)C)C)CC(C)C)C)C)C)CC(C)C)C)C(C)C)CC(C)C)C)C
2924,DB11694,46207586.0,C1=CC(=CC(=C1)F)NC(=O)NC2=CC=C(C=C2)C3=CSC4=C3C(=NC=C4C5=CN(N=C5)CCO)N
2925,DB11697,46216796.0,C1CCN(C1)CCOC2=C3COCC=CCOCC4=CC(=CC=C4)C5=NC(=NC=C5)NC(=C3)C=C2
2926,DB11698,10453870.0,C1=CC=C2C(=C1)C=C(S2)CC3=C(C=CC(=C3)C4C(C(C(C(O4)CO)O)O)O)F
2927,DB11699,,
2928,DB11703,71226662.0,CC#CC(=O)N1CCCC1C2=NC(=C3N2C=CN=C3N)C4=CC=C(C=C4)C(=O)NC5=CC=CC=N5
2929,DB11707,,
2930,DB11708,,
2931,DB11712,46199646.0,CC(C)(CO)C1=CC2=CC(=C(C=C2N1CC(CO)O)F)NC(=O)C3(CC3)C4=CC5=C(C=C4)OC(O5)(F)F
2932,DB11713,91936863.0,CC(C)C(C(=O)N1CCCC1C2=NC=C(N2)C3=CC4=C(C=C3)N5C(OC6=C(C5=C4)C(=CC(=C6)C7=CN=C(N7)C8CCCN8C(=O)C(C(C)C)NC(=O)OC)F)C9=CN=C(S9)C1CC1)NC(=O)OC
2933,DB11714,,
2934,DB11715,,
2935,DB11716,26105.0,COCC(CN1C=CN=C1[N+](=O)[O-])O
2936,DB11717,135564890.0,C1=CC(=C(C=C1N=C(C2=NON=C2NCCNS(=O)(=O)N)NO)Br)F
2937,DB11718,50922675.0,CC(C)N1C=C(C(=N1)C2=C(C(=CC(=C2)Cl)NS(=O)(=O)C)F)C3=NC(=NC=C3)NCC(C)NC(=O)OC
2938,DB11720,46878481.0,CCC(C)C(C(=O)NC(CC1=CN=CN1)C(=O)N2CCCC2C(=O)[O-])NC(=O)C(CC3=CC=C(C=C3)O)NC(=O)C(C(C)C)NC(=O)C(CCC[NH+]=C(N)N)NC(=O)C(CC(=O)[O-])[NH3+]
2939,DB11723,11253490.0,B(C1CCCN1C(=O)CNC2CCNC2)(O)O
2940,DB11727,,
2941,DB11730,44631912.0,CN(C)C(=O)C1=CC2=CN=C(N=C2N1C3CCCC3)NC4=NC=C(C=C4)N5CCNCC5
2942,DB11731,,
2943,DB11732,11610526.0,CN1CCC(CC1)C(=O)C2=NC(=CC=C2)NC(=O)C3=C(C=C(C=C3F)F)F
2944,DB11737,22024915.0,C#CC1=CC(=CC=C1)NC2=NC=NC3=CC4=C(C=C32)OCCOCCOCCO4
2945,DB11738,68712.0,C1CC1C(C2CC2)NC3=NCCO3
2946,DB11742,3191.0,CC(C)(C)C1=CC=C(C=C1)C(=O)CCCN2CCC(CC2)OC(C3=CC=CC=C3)C4=CC=CC=C4
2947,DB11744,46836890.0,B1(C2=C(C=CC=C2OCCCO)C(O1)CN)O
2948,DB11746,,
2949,DB11750,5311051.0,CC1CC2C3CCC4=CC(=O)C=CC4(C3(C(CC2(C1(C(=O)CCl)O)C)O)F)C
2950,DB11751,54713659.0,CC1COC2N1C(=O)C3=C(C(=O)C(=CN3C2)C(=O)NCC4=C(C=C(C=C4)F)F)O
2951,DB11752,5280757.0,CCCC=CC=CC(=O)OC1C(=CC(=O)OC)CC2CC(OC(=O)CC(CC3CC(C(C(O3)(CC4CC(=CC(=O)OC)CC(O4)C=CC(C1(O2)O)(C)C)O)(C)C)OC(=O)C)O)C(C)O
2952,DB11753,6324616.0,CC1C=CC=C(C(=O)NC2=CC(=C3C(=C2O)C(=C(C4=C3C(=O)C(O4)(OC=CC(C(C(C(C(C(C1O)C)O)C)OC(=O)C)C)OC)C)C)O)O)C
2953,DB11755,93147.0,CCCC1=CC(=C2C3C=C(CCC3C(OC2=C1)(C)C)C)O
2954,DB11756,,
2955,DB11757,5311037.0,CCN1C2=C(C(=O)N(C1=O)CC)N(C(=N2)C=CC3=CC(=C(C=C3)OC)OC)C
2956,DB11758,11285792.0,CCCCOCCOC1=CC=C(C=C1)C2=CC3=C(C=C2)N(CCCC(=C3)C(=O)NC4=CC=C(C=C4)S(=O)CC5=CN=CN5CCC)CC(C)C
2957,DB11760,135565082.0,CN1C(=NC=N1)C2C(NC3=CC(=CC4=C3C2=NNC4=O)F)C5=CC=C(C=C5)F
2958,DB11767,,
2959,DB11770,68770.0,CC(C)(C)NCC(COC1=CC=C(C=C1)NC(=O)NC2CCCCC2)O
2960,DB11771,,
2961,DB11774,65957.0,CC1COC2=C3N1C=C(C(=O)C3=CC(=C2C4(CC4)N)F)C(=O)O
2962,DB11776,,
2963,DB11779,11285588.0,CC(C)(C)OC(=O)NC1CCCCCC=CC2CC2(NC(=O)C3CC(CN3C1=O)OC(=O)N4CC5=C(C4)C(=CC=C5)F)C(=O)NS(=O)(=O)C6CC6
2964,DB11780,65036.0,C=CCSS(=O)CC=C
2965,DB11783,40466903.0,CCOC(=O)C(CCC1=CC=CC=C1)[NH2+]C(C)C(=O)N2C(CN(C2=O)C)C(=O)[O-]
2966,DB11785,6918612.0,CN1C2CC(CC1C(C2)O)OC(=O)C(CO)C3=CC=CC=C3
2967,DB11789,5283820.0,CC(CCC(=O)O)C1CCC2C1(CCC3C2CC(C4C3(CCC(C4)O)C)O)C
2968,DB11792,135497803.0,CCCC1=CN(C2=C1N=C(NC2=O)C3=C(C=CC(=C3)S(=O)(=O)N4CCN(CC4)CCO)OCCC)CC
2969,DB11793,24958200.0,C1CC(CNC1)C2=CC=C(C=C2)N3C=C4C=CC=C(C4=N3)C(=O)N
2970,DB11795,56949517.0,CC1=C(C=CC=C1C(F)(F)F)CN2C(=NC3=C(C=C(C=C32)N4CCOCC4)C(=O)O)C
2971,DB11799,90311989.0,C1CC2CC1N3C(O2)CN4C=C(C(=O)C(=C4C3=O)O)C(=O)NCC5=C(C=C(C=C5F)F)F
2972,DB11800,9911830.0,CC1=CC(=NO1)NC(=O)NC2=C(C=C(C=C2)OC3=C4C=C(C(=CC4=NC=C3)OC)OC)Cl
2973,DB11803,,
2974,DB11805,10302451.0,CN1CCN(CC1)CCOC2=CC3=C(C(=C2)OC4CCOCC4)C(=NC=N3)NC5=C(C=CC6=C5OCO6)Cl
2975,DB11808,42601552.0,CC(C)C(=O)NC1=NC(=CS1)C2=NC3=C(C=CC(=C3Br)OC)C(=C2)OC4CC(N(C4)C(=O)C(C(C)(C)C)NC(=O)OC5CCCC5)C(=O)NC6(CC6C=C)C(=O)O
2976,DB11809,,
2977,DB11812,,
2978,DB11817,44205240.0,CCS(=O)(=O)N1CC(C1)(CC#N)N2C=C(C=N2)C3=C4C=CNC4=NC=N3
2979,DB11823,182137.0,CNC1(CCCCC1=O)C2=CC=CC=C2Cl
2980,DB11824,46908929.0,CCC1=CC=C(C=C1)CC2=CC3=C(COC34C(C(C(C(O4)CO)O)O)O)C=C2
2981,DB11826,,
2982,DB11827,44814423.0,CCOC1=CC=C(C=C1)CC2=C(C=CC(=C2)C34C(C(C(C(O3)(CO4)CO)O)O)O)Cl
2983,DB11828,9915743.0,CCOC1=C(C=C2C(=C1)N=CC(=C2NC3=CC(=C(C=C3)OCC4=CC=CC=N4)Cl)C#N)NC(=O)C=CCN(C)C
2984,DB11830,9865515.0,C1=CC=C(C(=C1)N)NC(=O)C2=CC=C(C=C2)CNC3=NC=CC(=N3)C4=CN=CC=C4
2985,DB11832,10366136.0,CC1(COC1)COC2=CC3=C(C=C2)N(C=N3)C4=NC5=C(C=CC=C5N6CCC(CC6)N)C=C4
2986,DB11834,,
2987,DB11837,44139752.0,C1CC2=CN=CN2C1C3=C(C=C(C=C3)C#N)F
2988,DB11840,,
2989,DB11841,4261.0,C1=CC=C(C(=C1)N)NC(=O)C2=CC=C(C=C2)CNC(=O)OCC3=CN=CC=C3
2990,DB11842,,
2991,DB11844,491941.0,CC1=C(SC(=N1)N(C)C(=O)CC2=CC=C(C=C2)C3=CC=CC=N3)S(=O)(=O)N
2992,DB11849,,
2993,DB11850,,
2994,DB11855,11753673.0,CN(CCN1CCC(CC1)OC(=O)NC2=CC=CC=C2C3=CC=CC=C3)C(=O)C4=CC=C(C=C4)CN5CCC(CC5)C(=O)N
2995,DB11856,,
2996,DB11857,,
2997,DB11859,92786.0,CC(=O)C1CCC2C1(CCC3C2CCC4C3(CCC(C4)O)C)C
2998,DB11860,18738120.0,CCCCCCCCCCCCCCCCCCCC(=O)NC1CCC2(C(C1)CC(C3C2CC(C4(C3CCC4C(C)CCC(=O)O)C)O)O)C
2999,DB11862,,
3000,DB11866,,
3001,DB11868,59708.0,CCC(C(=O)N)N1CCCC1=O
3002,DB11869,5281884.0,CC=CCC(C)C(=O)C1C(=O)NC(C(=O)N(CC(=O)N(C(C(=O)NC(C(=O)N(C(C(=O)NC(C(=O)NC(C(=O)N(C(C(=O)N(C(C(=O)N(C(C(=O)N1C)C(C)C)C)CC(C)C)C)CC(C)C)C)C)C)CC(C)C)C)C(C)C)CC(C)C)C)C)C(C)C
3003,DB11871,11505444.0,CC(C)(CC1=CC=CC(=C1)CC(=O)NCC2=CC(=CC=C2)C3=CC=C(C=C3)O)NCC(C4=CC(=C(C=C4)O)NS(=O)(=O)C)O
3004,DB11873,54767229.0,CC(C)(C(=O)O)SC1=C(C=NC=C1)C2=CC=C(C3=CC=CC=C32)C#N
3005,DB11880,107805.0,CN(C)CCNC(=O)C1=CC=CC2=CC3=CC=CC=C3N=C21
3006,DB11884,,
3007,DB11886,53235510.0,CCN1CCN(CC1)C2=CC=C(C=C2)NC3=CC(=NC=N3)N(C)C(=O)NC4=C(C(=CC(=C4Cl)OC)OC)Cl
3008,DB11888,9847629.0,CCCCCCCC(=O)OCC(C(C1C(C(C=C(O1)C(=O)O)N=C(N)N)NC(=O)C)OC)O
3009,DB11889,9794203.0,C1=CC=C(C=C1)C(CC2=CC=CC=N2)N
3010,DB11891,54575456.0,CN(CC1=CC2=C(S1)C(=NC(=N2)C3=CN=C(C=C3)OC)N4CCOCC4)C5=NC=C(C=N5)C(=O)NO
3011,DB11892,4916641.0,CC1N2C3=CC(=C(C=C3C(=O)C(=C2S1)C(=O)[O-])F)N4CC[NH+](CC4)CC5=C(OC(=O)O5)C
3012,DB11894,9832447.0,CC1=CC(=CC(=C1N)C)OC2=CC3=C(C=C2)N=C(N3C)COC4=CC=C(C=C4)CC5C(=O)NC(=O)S5
3013,DB11898,5437.0,C1C(=O)NC(=O)S1
3014,DB11901,24872560.0,CNC(=O)C1=C(C=C(C=C1)N2C(=S)N(C(=O)C23CCC3)C4=CC(=C(N=C4)C#N)C(F)(F)F)F
3015,DB11903,10253143.0,C1COCCC1CNC(=O)C2=CN=C(N=C2C(F)(F)F)NC3=C(C=C(C=C3)Cl)Cl
3016,DB11904,46848036.0,CC1=C(C=C(C=N1)NC(=O)C2=CC(=C(C=C2)CN3CCN(CC3)C)C(F)(F)F)NC4=NC=CC(=N4)C5=CN=CC=C5
3017,DB11907,57335384.0,CC(=O)N1CCN(CC1)C2=CC(=C(C=C2)NC3=NC=C(C(=N3)NC4=CC(=CC=C4)NC(=O)C=C)C(F)(F)F)OC
3018,DB11912,52918384.0,CC1=NC(=C(C(=N1)N2CCN3CCOCC3C2)F)NNC(=O)C(CC4CCCC4)CN(C=O)O
3019,DB11914,,
3020,DB11915,24795069.0,CC(C)CC1CN2CCC3=CC(=C(C=C3C2CC1OC(=O)C(C(C)C)N)OC)OC
3021,DB11918,135564655.0,C1C(C(OC1N2C=NC3=C2N=C(NC3=O)N)COP(=O)(O)OC4CC(OC4CO)N5C=NC(=NC5=O)N)O
3022,DB11919,4578.0,C1=CC=C(C=C1)COC2=NC(=NC3=C2NC=N3)N
3023,DB11921,189821.0,CC1=NC2(C(O1)CC3C2(CC(C4C3CCC5=CC(=O)C=CC45C)O)C)C(=O)COC(=O)C
3024,DB11930,,
3025,DB11935,65864.0,COC1(C2N(C1=O)C(=C(CO2)CSC3=NN=NN3CCO)C(=O)O)NC(=O)CSC(F)F
3026,DB11936,10472693.0,CC(C)(CCCCCC(CCCCCC(C)(C)C(=O)O)O)C(=O)O
3027,DB11942,71481097.0,C1=CN=C(C=N1)NNC(=O)C=CN2C=NC(=N2)C3=CC(=CC(=C3)C(F)(F)F)C(F)(F)F
3028,DB11943,487101.0,C1C(CN1C2=C(C=C3C(=C2Cl)N(C=C(C3=O)C(=O)O)C4=C(C=C(C(=N4)N)F)F)F)O
3029,DB11944,9942657.0,C1=C(NC=N1)CCNC(=O)CCCC(=O)O
3030,DB11945,,
3031,DB11948,3885.0,CC1(CCC2=C(O1)C3=CC=CC=C3C(=O)C2=O)C
3032,DB11950,11949652.0,CC1=NN(C(=C1)N2CCN(CC2)C3CC(NC3)C(=O)N4CCSC4)C5=CC=CC=C5
3033,DB11951,56944144.0,CC1=NC(=NC=C1OCC2(CC2C(=O)NC3=NC=C(C=C3)F)C4=CC(=CC=C4)F)C
3034,DB11952,50905713.0,CC(C1=CC2=C(C(=CC=C2)Cl)C(=O)N1C3=CC=CC=C3)NC4=NC=NC5=C4NC=N5
3035,DB11957,21071390.0,C1=CC(=CC(=C1)OCC(C(F)F)(F)F)CNCCC2=CNC3=C2C=CC(=C3)F
3036,DB11959,,
3037,DB11960,108144.0,C1=CC(=CC=C1C(=O)C2=C(C=C(C=C2Cl)CN3C(=C(N=N3)C(=O)N)N)Cl)Cl
3038,DB11963,11511120.0,COC1=C(C=C2C(=C1)N=CN=C2NC3=CC(=C(C=C3)F)Cl)NC(=O)C=CCN4CCCCC4
3039,DB11964,214351.0,CC1=C(C=CN=C1CS(=O)C2=NC3=C(N2)C=C(C=C3)N4C=CC=C4)OC
3040,DB11967,10288191.0,CN1C=NC2=C1C=C(C(=C2F)NC3=C(C=C(C=C3)Br)F)C(=O)NOCCO
3041,DB11972,,
3042,DB11973,,
3043,DB11976,,
3044,DB11978,25166913.0,CN1CCC(CC1C2=NC3=CC=CC=C3N2)NC(=O)NC4=CC=C(C=C4)C#N
3045,DB11979,11250647.0,CC1=C(C(=O)N(C(=O)N1CC2=C(C=CC=C2F)C(F)(F)F)CC(C3=CC=CC=C3)NCCCC(=O)O)C4=C(C(=CC=C4)OC)F
3046,DB11984,11641515.0,C1CNC(=O)N(C1)C2CCN(CC2)C(=O)C(CS(=O)(=O)C3=CC4=C(C=C3)C=C(C=C4)Cl)O
3047,DB11986,25141092.0,CN1CCN(CC1)C2=CC(=C(C=C2)C(=O)NC3=NNC4=C3C=C(C=C4)CC5=CC(=CC(=C5)F)F)NC6CCOCC6
3048,DB11988,,
3049,DB11989,31593.0,C1=CC=C(C=C1)CNC(=O)CN2C=CN=C2[N+](=O)[O-]
3050,DB11992,46209133.0,CS(=O)(=O)N1C=C2CN(CC2=N1)C3CC(C(OC3)C4=C(C=CC(=C4)F)F)N
3051,DB11994,26248.0,CC(=O)OC1=CC=CC2=C1C(=O)C3=C(C2=O)C=C(C=C3OC(=O)C)C(=O)O
3052,DB11995,9852519.0,C1CCC(CC1)N2CCN(CC2)C3=C(N=C(S3)NC(=O)C4=CC(=C(N=C4)N5CCC(CC5)C(=O)O)Cl)C6=CC(=CS6)Cl
3053,DB11998,5282192.0,C1=C(C(=O)NC(=O)N1C2C(C(C(O2)CO)O)O)C=CBr
3054,DB11999,9952884.0,CNC1CN(CC1OC)C2=NC3=C(C=C2)C(=O)C(=CN3C4=NC=CS4)C(=O)O
3055,DB12001,46220502.0,CCN1CCN(CC1)CC2=CN=C(C=C2)NC3=NC=C(C(=N3)C4=CC5=C(C(=C4)F)N=C(N5C(C)C)C)F
3056,DB12007,72304.0,C1=CC=C(C=C1)C2=COC3=CC=CC=C3C2=O
3057,DB12010,11671467.0,CC1(C(=O)N(C2=C(O1)C=CC(=N2)NC3=NC(=NC=C3F)NC4=CC(=C(C(=C4)OC)OC)OC)COP(=O)(O)O)C
3058,DB12013,,
3059,DB12015,56649450.0,CC1=C(SC(=N1)NC(=O)N2CCCC2C(=O)N)C3=CC(=NC=C3)C(C)(C)C(F)(F)F
3060,DB12020,16124688.0,C1C2C1C3C=CC2C4C3C(=O)N(C4=O)NC(=O)C5=CC=C(C=C5)C(F)(F)F
3061,DB12023,,
3062,DB12025,107985.0,CC(C)C12C(O1)C3C4(O3)C5(CCC6=C(C5CC7C4(C2O)O7)COC6=O)C
3063,DB12026,89921642.0,CCC1C2CN(C1C(=O)NC3(CC3C(F)F)C(=O)NS(=O)(=O)C4(CC4)C)C(=O)C(NC(=O)OC5CC5CCCCC(C6=NC7=C(C=C(C=C7)OC)N=C6O2)(F)F)C(C)(C)C
3064,DB12028,6035.0,C1C(C(OC1N2C=C(C(=O)NC2=O)Br)CO)O
3065,DB12034,,
3066,DB12035,,
3067,DB12036,71667668.0,CCC1=C(N=C(C(=N1)C(=O)N)NC2=CC=C(C=C2)N3CCC(CC3)N4CCN(CC4)C)OC5CCN(C5)C(=O)C=C
3068,DB12037,,
3069,DB12048,68289010.0,CC(C1=CN2C=CN=C2C=C1)N3C4=NC(=CN=C4N=N3)C5=CN(N=C5)C
3070,DB12051,135565932.0,CS(=O)(=O)NC1=CC2=C(C=C1)NC(=NS2(=O)=O)C3=C(C4C5CCC(C5)C4N(C3=O)CC6=CC=C(C=C6)F)O
3071,DB12053,,
3072,DB12054,443289.0,CC(C)CC1C(=O)NC(C(=O)NC(C(=O)N2CCCC2C(=O)NC(C(=O)N1)C(C)C)CC(=O)O)CC3=CNC4=CC=CC=C43
3073,DB12056,,
3074,DB12057,71301276.0,CC1(CCCN2C1C3=C(CC2)C4=CC=CC=C4O3)COC
3075,DB12062,,
3076,DB12070,45138674.0,COC1=C(C=C(C=C1)C(F)(F)F)N2C(C3=C(C(=CC=C3)F)N=C2N4CCN(CC4)C5=CC(=CC=C5)OC)CC(=O)O
3077,DB12071,11521822.0,C1CC2CN3CCNCC4=C3C(=CC=C4)C2C1
3078,DB12073,208952.0,CC(C(CN1C=NC=N1)(C2=C(C=C(C=C2)F)F)O)N3C=NC4=C(C3=O)C=CC(=C4)Cl
3079,DB12077,,
3080,DB12080,9820882.0,CC1=CC(=C(C=C1OCC(=O)O)C)CCNC(C)C(C2=CC=C(C=C2)O)O
3081,DB12081,7074810.0,CC12CCC(=O)C=C1CCC3C2=CCC4(C3CCC4(C(=O)CO)O)C
3082,DB12082,5663.0,COC1=C(C=C(C=C1)C(=O)N2CCN(CC2)C3=CC4=C(C=C3)NC(=O)CC4)OC
3083,DB12083,76968809.0,C1COP(=O)(NC1SCCS(=O)(=O)O)N(CCCl)CCCl
3084,DB12085,24737642.0,CC(C(=O)NC(C1CCCCC1)C(=O)N2CCCC2C3=NC(=CS3)C(=O)C4=CC=C(C=C4)F)NC
3085,DB12086,,
3086,DB12089,,
3087,DB12090,,
3088,DB12092,4418.0,COC1=CC=CC=C1N2CCN(CC2)CC(COC3=CC=CC4=CC=CC=C43)O
3089,DB12093,72301.0,COC1=C(C2=C(CC3C4=CC(=C(C=C4CCN3C2)OC)OC)C=C1)OC
3090,DB12097,142775.0,CS(=O)(=O)OCC(C(C(C(COS(=O)(=O)C)O)O)O)O
3091,DB12100,11962616.0,C1=CC=C(C=C1)C(COCCCCCCNCC(C2=C3C=CC(=O)NC3=C(C=C2)O)O)(F)F
3092,DB12102,,
3093,DB12104,,
3094,DB12105,10236037.0,CCCC(C)CC(CC(=O)O)N
3095,DB12107,56649692.0,B1(C(CCC(O1)CC(=O)O)NC(=O)CC2=CC=CS2)O
3096,DB12108,51001932.0,CC1=NN(C(=N1)C2=CN3CCOC4=C(C3=N2)C=CC(=C4)C5=CN(N=C5)C(C)(C)C(=O)N)C(C)C
3097,DB12110,1355.0,C1CN(CCN1)C2=CC(=CC=C2)Cl
3098,DB12111,107992.0,C1CN(CCN1)C2=CN=CC(=N2)Cl
3099,DB12112,10245972.0,CC1=C(C(CCC1)(C)C)C=CC(=CC=CC(=CCOC(=O)C)C)C
3100,DB12118,,
3101,DB12119,,
3102,DB12123,5282459.0,COC1=CC(=CC(=C1OC)OC)C=CC(=O)N2CCN(CC2)CC(=O)N3CCCC3
3103,DB12124,10950142.0,CCC1(C2=C(COC1=O)C(=O)N3CC4=C(C5=CC=CC=C5N=C4C3=C2)C=NOCCN)O
3104,DB12126,439201.0,C1CC(N(C1)C(=O)C2CCCN2C(=O)C(CCCN=C(N)N)N)C(=O)NCC(=O)NC(CC3=CC=CC=C3)C(=O)NC(CO)C(=O)N4CCCC4C(=O)NC(CC5=CC=CC=C5)C(=O)NC(CCCN=C(N)N)C(=O)O
3105,DB12127,444022.0,CC1(C(N2C(S1)C(C2=O)NC(=O)C(C3=CC=CC=C3)N)C(=O)OCOC(=O)C4C(S(=O)(=O)C5N4C(=O)C5)(C)C)C
3106,DB12130,71731823.0,CC1C2=C(C=CC(=C2)F)C(=O)N(CC3=NN(C(=C3C4=CC(=C(N=C4)N)O1)C#N)C)C
3107,DB12131,443955.0,CCC12CCCN3C1C4=C(CC3)C5=CC=CC=C5N4C(=C2)C(=O)OCC
3108,DB12137,9827968.0,CC1=CC(=CC2=C(C(=CN=C12)C(=O)N)NC3=CC(=CC=C3)OC)S(=O)(=O)C4=CC=CC(=C4)C(=O)N(C)C
3109,DB12141,49803313.0,CCC1=C(N=C(C(=N1)C(=O)N)NC2=CC(=C(C=C2)N3CCC(CC3)N4CCN(CC4)C)OC)NC5CCOCC5
3110,DB12142,,
3111,DB12146,6918736.0,COC1=C(C=C(C=C1)CS(=O)(=O)C=CC2=C(C=C(C=C2OC)OC)OC)NCC(=O)O
3112,DB12147,67462786.0,CC(C)NCCN(C1=CC2=NC(=CN=C2C=C1)C3=CN(N=C3)C)C4=CC(=CC(=C4)OC)OC
3113,DB12148,5282367.0,CC1=C(C(=O)C2=CC=CC=C2C1=O)CC=C(C)CCC=C(C)CCC=C(C)CCC=C(C)C
3114,DB12151,483477.0,CCCCCCCCCCCCCCCCOCCCOP(=O)(COC(CN1C=CC(=NC1=O)N)CO)O
3115,DB12152,,
3116,DB12156,6303.0,C1C(OC(C1O)N2C=NC3=C(N=CN=C32)N)CO
3117,DB12157,,
3118,DB12159,,
3119,DB12161,73442840.0,CC(C)CC1CN2CCC3=CC(=C(C=C3C2CC1=O)OC)OC
3120,DB12163,5160.0,CN(C)CC(COC1=CC=CC=C1CCC2=CC(=CC=C2)OC)OC(=O)CCC(=O)O
3121,DB12169,,
3122,DB12174,24756910.0,COC1=C(C=C2C(=C1)N=CN=C2NC3=CC=CC(=C3)C#C)OCCCCCCC(=O)NO
3123,DB12177,135456190.0,CN(C)CCON=C(C=CC1=CC=C(C=C1)O)C2=CC=CC=C2F
3124,DB12182,,
3125,DB12184,55191.0,CC1(CC(=O)N(C(=O)C1)CCCCN2CCN(CC2)C3=NC=CC=N3)C
3126,DB12185,151115.0,CCC1(C2=C(COC1=O)C(=O)N3CC4=C5C(CCC6=C5C(=CC(=C6C)F)N=C4C3=C2)N)O
3127,DB12189,,
3128,DB12192,21133161.0,C1=CC(=CC(=C1)C(=O)NCCS)C(=O)NCCS
3129,DB12193,3083542.0,CCCCCCC(C)(C)C1=CC(=C2C3CC(=CCC3C(OC2=C1)(C)C)C(=O)O)O
3130,DB12194,57050.0,CC1=CC(=O)C=C2C1(C3CCC4(C(C3CC2)CCC4=O)C)C
3131,DB12202,,
3132,DB12205,,
3133,DB12208,,
3134,DB12212,114905.0,CC1(OCC(O1)COC(=O)CCC2=CC=C(C=C2)OCC(CNCCNC(=O)N3CCOCC3)O)C
3135,DB12213,,
3136,DB12216,2355.0,COC1=C2C=CC(=O)OC2=CC3=C1C=CO3
3137,DB12221,13789.0,CC12CCC(=O)C=C1C=CC3C2CCC4(C3CCC45CCC(=O)O5)C
3138,DB12222,60956.0,CCC1(C2=C(COC1=O)C(=O)N3CC4=C(C5=CC6=C(C=C5N=C4C3=C2)OCCO6)CN7CCN(CC7)C)O
3139,DB12225,56934415.0,CN1CC2CCC(C1)N2C(=O)C34CC3C5=C(C=CC(=C5)OC)C6=C(C7=C(N6C4)C=C(C=C7)C(=O)NS(=O)(=O)N(C)C)C8CCCCC8
3140,DB12229,16071605.0,CN(C)CCCOC1=CC2=C(NN=C2C=C1)S(=O)(=O)C3=CC=CC4=CC=CC=C43
3141,DB12230,2472.0,CCCC(=O)N1CCCN(CC1)C2=NC3=CC(=C(C=C3C(=N2)N)OC)OC
3142,DB12231,5392.0,COP(=S)(OC)OC1=CC=C(C=C1)SC2=CC=C(C=C2)OP(=S)(OC)OC
3143,DB12232,2826713.0,CCCCCCCCCCCCCCCCCCCCCCCCCC(=O)NC(COC1C(C(C(C(O1)CO)O)O)O)C(C(CCCCCCCCCCCCCC)O)O
3144,DB12240,,
3145,DB12243,4021.0,CC1=NN(C(=O)C1)C2=CC=CC=C2
3146,DB12245,50248.0,CSC1=NC2=CC(=C(C=C2N1)Cl)OC3=C(C(=CC=C3)Cl)Cl
3147,DB12246,,
3148,DB12248,5606.0,CC(C)(C)NCC(C1=CC=CC=C1Cl)O
3149,DB12250,,
3150,DB12257,23939.0,[Pt]
3151,DB12258,,
3152,DB12259,,
3153,DB12261,,
3154,DB12264,60848.0,CCNC1=C(N=CC=C1)N2CCN(CC2)C(=O)C3=CC4=C(N3)C=CC(=C4)OC
3155,DB12266,135566069.0,CC1CCCC2C(N2CCOC(=O)OCCSSCC(C(=O)O)NC(=O)C(CC(=O)O)NC(=O)C(CCCN=C(N)N)NC(=O)C(CC(=O)O)NC(=O)CCC(C(=O)O)NC(=O)C3=CC=C(C=C3)NCC4=CN=C5C(=N4)C(=O)NC(=N5)N)CC(OC(=O)CC(C(C(=O)C(C1O)C)(C)C)O)C(=CC6=CSC(=N6)C)C
3156,DB12267,68165256.0,CN1CCN(CC1)C2CCN(CC2)C3=CC(=C(C=C3)NC4=NC=C(C(=N4)NC5=CC=CC=C5P(=O)(C)C)Cl)OC
3157,DB12268,11417567.0,COC1=C(C=C2C3CC(C(CN3CCC2=C1)N4CC(CC4=O)CF)N)OC
3158,DB12273,107930.0,CN1CCC2=CC(=C(C=C2C3C1CCC4=CC=CC=C34)O)Cl
3159,DB12274,,
3160,DB12278,4942.0,CCCOC(C1=CC=CC=C1)(C2=CC=CC=C2)C(=O)OC3CCN(CC3)C
3161,DB12279,11178958.0,CC1C(=O)NC2CSSCCC=CC(CC(=O)N1)OC(=O)CC(C(NC2=O)C(C)C)O
3162,DB12281,,
3163,DB12286,60867.0,CC1CC(=O)NN=C1C2=CC=C(C=C2)NN=C(C#N)C#N
3164,DB12289,9912771.0,CN1CCCN(CC1)C2=CC=C(C=C2)C(=O)NC3=C(C=CC=C3O)NC(=O)C4=CC=C(C=C4)OC
3165,DB12290,5281807.0,C1=CC(=CC=C1C2=COC3=C(C2=O)C=CC(=C3C4C(C(C(C(O4)CO)O)O)O)O)O
3166,DB12293,4450.0,CN1CCOC(C2=CC=CC=C2C1)C3=CC=CC=C3
3167,DB12296,,
3168,DB12301,58460047.0,CN1C(=NNC1=O)CN2C=CC(=C(C2=O)OC3=CC(=CC(=C3)C#N)Cl)C(F)(F)F
3169,DB12307,42642645.0,COC1=CC2=C(C=CN=C2C=C1OCCCN3CCOCC3)OC4=C(C=C(C=C4)NC(=O)C5(CC5)C(=O)NC6=CC=C(C=C6)F)F
3170,DB12308,31402.0,CC(=O)C1CCC2C1(CCC3C2CCC4C3(CCC(C4)O)C)C
3171,DB12313,55483.0,C1=CC=C(C=C1)CCNCCCCCCNCCC2=CC(=C(C=C2)O)O
3172,DB12314,22323.0,CC(C)N=C(N)N=C(N)NC1=CC(=C(C=C1)Cl)Cl
3173,DB12317,,
3174,DB12319,2333.0,CCC1=C(C2=CC=CC=C2O1)C(=O)C3=CC(=C(C(=C3)Br)O)Br
3175,DB12321,3037233.0,CCCCCNC(=O)C1=COC(=N1)C2C3CCC(C2CC4=CC=CC=C4CCC(=O)O)O3
3176,DB12323,16063245.0,CC1=C(C=C(C=C1)C(=O)NC2=CC(=CC(=C2)C(F)(F)F)N3C=C(N=C3)C)NC4=NC=CC(=N4)C5=NC=CN=C5
3177,DB12327,128563.0,CC(=O)OC1CC(C2(CCC3C(=O)OC(CC3(C2C1=O)C)C4=COC=C4)C)C(=O)OC
3178,DB12329,,
3179,DB12331,,
3180,DB12332,9931954.0,CNCC1=CC=C(C=C1)C2=C3CCNC(=O)C4=C3C(=CC(=C4)F)N2
3181,DB12335,,
3182,DB12338,6918474.0,C1=CC=C(C(=C1)C(COC(=O)N)O)Cl
3183,DB12339,11224409.0,CC(=O)NCC1CN(C(=O)O1)C2=CC(=C(C=C2)C3=CC=C(C=C3)CNCC4=NNN=C4)F
3184,DB12340,24978538.0,CC1(CCC(=C(C1)CN2CCN(CC2)C3=CC=C(C=C3)C(=O)NS(=O)(=O)C4=CC(=C(C=C4)NC(CCN5CCOCC5)CSC6=CC=CC=C6)S(=O)(=O)C(F)(F)F)C7=CC=C(C=C7)Cl)C
3185,DB12341,44129648.0,CC1=CC(=CC(=C1)C2CCCN2CC3=CC=C(C=C3)OC4=C(C=C(C=C4)C(=O)N)F)C
3186,DB12342,,
3187,DB12343,171758.0,CC1(C(N2C(S1)C(C2=O)(NC(=O)C(C3=CSC=C3)C(=O)O)OC)C(=O)O)C
3188,DB12344,,
3189,DB12352,60794.0,CC1=CNC2=C(C=C3C(=C12)C(CN3C(=O)C4=CC5=C(N4)C=CC(=C5)NC(=O)NC6=CC7=C(C=C6)NC(=C7)C(=O)N8CC(C9=C1C(=CNC1=C(C=C98)O)C)CCl)CCl)O
3190,DB12361,9801640.0,C1CN(CC=C1C2=CC=CC=N2)CCCCN3C(=COC4=CC=CC=C4C3=O)Cl
3191,DB12363,,
3192,DB12364,10275777.0,CN(C)C(=N)C1=CC=C(C=C1)C(=O)NC2=C(C=C(C=C2)OC)C(=O)NC3=NC=C(C=C3)Cl
3193,DB12371,44599207.0,CCC1=C(C=CC(=C1)C(=NOCC2=CC(=C(C=C2)C3CCCCC3)C(F)(F)F)C)CN4CC(C4)C(=O)O
3194,DB12376,53340666.0,C1=CC=C(C=C1)N(C2=CC=CC=C2)C3=NC=C(C=N3)C(=O)NCCCCCCC(=O)NO
3195,DB12377,44129647.0,C1CC(N2CC1N(C2=O)OS(=O)(=O)O)C(=O)NC3CCNCC3
3196,DB12379,,
3197,DB12381,44603533.0,CC1=CC=C(C(=O)N1C2=CC=C(C=C2)F)C(=O)NC3=CC(=C(C=C3)OC4=C(C=C5C(=C4)C=NN5C)C6=CNN=C6)F
3198,DB12382,10309899.0,C1CN(CCN1C2=NC=C(C=N2)C(=O)NO)S(=O)(=O)C3=CC4=CC=CC=C4C=C3
3199,DB12385,97226.0,CCC1(C2=C(COC1=O)C(=O)N3CC4=C(C3=C2)N=C5C=CC(=CC5=C4)O)O
3200,DB12386,,
3201,DB12391,11284169.0,CC1CCCC2(C(O2)CC(OC(=O)CC(C(C(=O)C(C1O)CC=C)(C)C)O)C3=CC4=C(C=C3)SC(=N4)C)C
3202,DB12395,65856.0,CCOC1=CC=CC=C1OC(C2CNCCO2)C3=CC=CC=C3
3203,DB12396,,
3204,DB12399,9841854.0,CC1(C(=O)C(=C(O1)C2=CC=C(C=C2)S(=O)(=O)N)C3=CC(=CC=C3)F)C
3205,DB12401,2448.0,C1CN(CCC1(C2=CC=C(C=C2)Br)O)CCCC(=O)C3=CC=C(C=C3)F
3206,DB12406,501254.0,CC(CCCCN1C(=O)C2=C(N=CN2C)N(C1=O)C)O
3207,DB12409,,
3208,DB12412,11953153.0,C1CC(CN(C1=O)CC(CC(=O)N2CCC3=C(C2)N=C(N=C3C(F)(F)F)C(F)(F)F)N)(F)F
3209,DB12413,,
3210,DB12416,16126898.0,CNC(CC1CCCOC1)CNC(=O)N2CCCC(C2)C(C3=CC(=CC=C3)Cl)OCCNC(=O)OC
3211,DB12417,44513473.0,CC1=NN2C=C(C=NC2=C1)C(=O)NCC(C)(C)NCC(=O)N3CCCC3C#N
3212,DB12422,9577379.0,CS(=O)CCCCN=C=S
3213,DB12425,23724940.0,C1=CC(=C(C=C1OC2=C(C=C(C=C2I)CC(C(=O)O)N)I)I)O
3214,DB12427,9852175.0,CC1=C(C=CC(=C1)F)C2CC(CCN2C(=O)N(C)C(C)C3=CC(=CC(=C3)C(F)(F)F)C(F)(F)F)N4CCN5C(C4)CCC5=O
3215,DB12431,,
3216,DB12445,119032.0,CC(=O)OC1=CC=CC=C1C(=O)OC2=CC=CC(=C2)CO[N+](=O)[O-]
3217,DB12447,4410.0,CC1CCC2=C3N1C=C(C(=O)C3=CC(=C2N4CCC(CC4)O)F)C(=O)O
3218,DB12455,,
3219,DB12456,,
3220,DB12457,51049968.0,C1CC(C2=C(C=CC=N2)C(C1C3=C(C(=CC=C3)F)F)N)OC(=O)N4CCC(CC4)N5C6=C(NC5=O)N=CC=C6
3221,DB12459,6456014.0,CCC1(C2=C(COC1=O)C(=O)N3CC4=C(C5=CC=CC=C5N=C4C3=C2)CCNC(C)C)O
3222,DB12461,59317190.0,CN1C(=O)N(C(=O)C1(CO)C2=CC=CC=C2)C3=CC(=C(C=C3)C#N)C(F)(F)F
3223,DB12465,3822.0,C1CN(CCC1C(=O)C2=CC=C(C=C2)F)CCN3C(=O)C4=CC=CC=C4NC3=O
3224,DB12466,492405.0,C1=C(N=C(C(=O)N1)C(=O)N)F
3225,DB12470,64973.0,C1=CC(OC1CO)N2C=C(C(=NC2=O)N)F
3226,DB12473,29566.0,C1CS(=O)(=O)NCN1CN2CCS(=O)(=O)NC2
3227,DB12474,5857.0,CC12CCC3C(C1CCC2(C#C)O)CCC4=CCCCC34
3228,DB12478,4850.0,C1CN(CCN1CC2=CC3=C(C=C2)OCO3)C4=NC=CC=N4
3229,DB12480,64971.0,CC(=C)C1CCC2(C1C3CCC4C5(CCC(C(C5CCC4(C3(CC2)C)C)(C)C)O)C)C(=O)O
3230,DB12482,5282338.0,CC(C)N(CCNC(=O)C1=CSC(=N1)NC(=O)C2=CC(=C(C=C2O)OC)OC)C(C)C
3231,DB12483,,
3232,DB12487,9883915.0,CCCOC1=CC2=C(C=C1)C3CCC4(C(C3CC2)CCC4OC)C
3233,DB12489,,
3234,DB12492,9331.0,C1CCN(CC1)C2(CCN(CC2)CCC(C#N)(C3=CC=CC=C3)C4=CC=CC=C4)C(=O)N
3235,DB12498,,
3236,DB12500,16722836.0,CC1=CN=C(N=C1NC2=CC(=CC=C2)S(=O)(=O)NC(C)(C)C)NC3=CC=C(C=C3)OCCN4CCCC4
3237,DB12515,72402.0,CCC1(C2=C(COC1=O)C(=O)N3CC4=CC5=C(C=CC=C5N=C4C3=C2)N)O
3238,DB12518,3033769.0,CCN1CCCC1CNC(=O)C2=C(C(=CC(=C2OC)Cl)Cl)O
3239,DB12520,,
3240,DB12523,65906.0,CN(C1CCN(CC1)C2=NC3=CC=CC=C3N2CC4=CC=C(C=C4)F)C5=NC=CC(=O)N5
3241,DB12525,,
3242,DB12526,10372836.0,COC1=CC(=C(C=C1CNCC(C2=C3C=CC(=O)NC3=C(C=C2)O)O)Cl)NC(=O)CCN4CCC(CC4)OC(=O)NC5=CC=CC=C5C6=CC=CC=C6
3243,DB12530,,
3244,DB12531,135413519.0,C1C(C(C1N2C=NC3=C2N=C(NC3=O)N)CO)CO
3245,DB12532,4621.0,CC(C)(CC1=CC=CC=C1)N(C)C(=O)CN(CCO)CC(=O)N(C)C(C)(C)CC2=CC=CC=C2
3246,DB12534,,
3247,DB12537,134664.0,C1=CC=C2C(=C1)C=CC=NN2
3248,DB12539,47318.0,CC1=C(SSC1=S)C2=NC=CN=C2
3249,DB12543,11667832.0,C1CC1CN2CCC34CC(=O)CCC3(C2CC5=C4C(=C(C=C5)C(=O)N)O)O
3250,DB12545,107641.0,CCC(C1=CC=C(C=C1)N2CC3=CC=CC=C3C2=O)C(=O)O
3251,DB12549,339455.0,CN(C)CCCN1C2=C3C(=C(C=C2)[N+](=O)[O-])NC4=C(C3=N1)C=C(C=C4)OC
3252,DB12551,54459.0,C1CN=C(N1)C2COC3=CC=CC=C3O2
3253,DB12554,4031.0,CCN(CCCCOC(=O)C1=CC(=C(C=C1)OC)OC)C(C)CC2=CC=C(C=C2)OC
3254,DB12560,,
3255,DB12565,11749858.0,CN(C)CC1=C(OC2=CC=CC=C21)C(=O)NCCOC3=CC=C(C=C3)C(=O)NO
3256,DB12568,,
3257,DB12576,10286834.0,CCCOC(=O)CC1=CC(=C(C=C1)OCC(=O)N(CC)CC)OCC
3258,DB12577,5351387.0,COC1=C(C=C(C=C1)C=CC2=CC(=C(C(=C2)OC)OC)OC)OP(=O)(O)O
3259,DB12578,,
3260,DB12579,16058752.0,C1CN(CCC1NC2=NN=C(C=C2)C(F)(F)F)CC3=CC(=C(C=C3)F)F
3261,DB12582,638024.0,C1CCN(CC1)C(=O)C=CC=CC2=CC3=C(C=C2)OCO3
3262,DB12584,,
3263,DB12585,10457387.0,C1COCCC1CCNCC2=CC(=C(C=C2)OC3=NC=C(C=C3)C(=O)N)F
3264,DB12589,,
3265,DB12590,6450813.0,CC(=O)N(C)C1=CC=CC(=C1)C2=CC=NC3=C(C=NN23)C(=O)C4=CC=CS4
3266,DB12593,5813717.0,CN1C(=C(C2=C1C(=O)C=C(C2=O)N3CC3)CO)C=CCO
3267,DB12596,9895264.0,COC1=C(C=C(C=C1)CC(C2=CC(=C(C(=C2)OC)OC)OC)O)O
3268,DB12598,4413.0,C1=CC(=CC=C1C(=O)OC2=CC3=C(C=C2)C=C(C=C3)C(=N)N)N=C(N)N
3269,DB12604,36119.0,CC1(COC(C(C1NC)O)OC2C(CC(C(C2O)OC3C(CC=C(O3)CN)N)N)N)O
3270,DB12609,,
3271,DB12610,3194.0,C1=CC=C(C=C1)N2C(=O)C3=CC=CC=C3[Se]2
3272,DB12612,52938427.0,CC(C)OC1=C(C=C(C=C1)C2=NC(=NO2)C3=C4CCC(C4=CC=C3)NCCO)C#N
3273,DB12615,42613186.0,CC1(COC(C(C1NC)O)OC2C(CC(C(C2O)OC3C(CC=C(O3)CNCCO)N)N)NC(=O)C(CCN)O)O
3274,DB12617,104762.0,C1=NC(=C(N1C2C(C(C(O2)CO)O)O)O)C(=O)N
3275,DB12625,25022354.0,CC(C)(C)OCC1C(=O)NCCN1C(=O)CC(CC2=CC(=C(C=C2F)F)F)N
3276,DB12629,160565.0,C1=CC(=CC=C1O)OC2=C(C=C(C=C2I)CCC(=O)O)I
3277,DB12637,5311505.0,CC12CC(C3=C4CCC(=O)C=C4CCC3C1CCC2(CCCO)O)C5=CC=C(C=C5)N(C)C
3278,DB12638,9549213.0,CC(C)NCCCN1C2=NC=NC(=C2N=C1SC3=C(C=C4C(=C3)OCO4)I)N
3279,DB12645,9804992.0,CCN(CC)CC1=CC2=C(C=C1)C=C(C=C2)COC(=O)NC3=CC=C(C=C3)C(=O)NO
3280,DB12647,9929901.0,CC(=CCCC(=CCCC(=CCCC1(CCC2=C(O1)C=CC(=C2)O)C)C)C)C
3281,DB12649,9826744.0,CN=C(NS(=O)(=O)C1=CC=C(C=C1)Cl)N2CC(C(=N2)C3=CC=C(C=C3)Cl)C4=CC=CC=C4
3282,DB12661,5639.0,CN1C(=CC(=O)N(C1=O)C)NCCCN2CCN(CC2)C3=CC=CC=C3OC
3283,DB12667,666418.0,CCCC1=NC=CC(=C1)C(=S)N
3284,DB12670,11948288.0,CCCN1C2=C(C(=O)N(C1=O)CCC)NC(=N2)C34CC5CC(C3)CC4C5
3285,DB12671,6918502.0,CC(=CCC1C(O1)(C)C2C(C(CCC23CO3)OC(=O)C=CC4=CC=C(C=C4)OCCN(C)C)OC)C
3286,DB12677,6918315.0,CCC(C)C(C(CC(=O)N1CCCC1C(C(C)C(=O)NCCC2=CC=CC=C2)OC)OC)N(C)C(=O)C(C(C)C)NC(=O)C(C(C)C)N(C)C
3287,DB12681,5469318.0,CC(=CCCC(=CCCC(=CCSC1=CC=CC=C1C(=O)O)C)C)C
3288,DB12683,,
3289,DB12687,46241268.0,CCCCOC1=NC(=C2C(=N1)N(CC(=O)N2)CC3=CC=CC(=C3)CN4CCCC4)N
3290,DB12688,,
3291,DB12692,55362.0,C(CCCN=C(N)N)CCC(=O)NC(C(=O)NCCCCNCCCN)O
3292,DB12693,5074.0,CC1=C(C(=O)N2C=CSC2=N1)CCN3CCC(=C(C4=CC=C(C=C4)F)C5=CC=C(C=C5)F)CC3
3293,DB12695,16741.0,C1=CC=C(C=C1)CCN=C=S
3294,DB12697,45266674.0,C[Se]CC(C(=O)[O-])[NH3+]
3295,DB12698,,
3296,DB12699,,
3297,DB12701,,
3298,DB12704,55652.0,CN(C1CCC2(CCCO2)CC1N3CCCC3)C(=O)CC4=CC(=C(C=C4)Cl)Cl
3299,DB12708,5312153.0,CS(=O)(=O)NC(=O)CCCC=CCC1C(C(CC1=O)O)C=CC(COC2=CC=CC=C2)O
3300,DB12710,4744.0,CN1CCN(CC1)CCCN2C3=CC=CC=C3SC4=CC=CC=C42
3301,DB12712,4820.0,CC1=C(C(=CC=C1)C)NC(=O)CC23CCCN2CCC3
3302,DB12713,24831714.0,CCOC1=CC=C(C=C1)CC2=C(C=CC(=C2)C3C(C(C(C(O3)SC)O)O)O)Cl
3303,DB12718,,
3304,DB12725,11961293.0,CC(C)C1=NC2=C(C=CC=C2N1)C(=O)NCC3CCN(CC3)CC4CCN(CC4)C(=O)OC
3305,DB12726,,
3306,DB12730,9810929.0,CCC(C)C(C(CC(=O)N1CCCC1C(C(C)C(=O)NC(CC2=CC=CC=C2)C3=NC=CS3)OC)OC)N(C)C(=O)C(C(C)C)NC(=O)C(C(C)C)N(C)C
3307,DB12734,,
3308,DB12736,3276.0,C1=CN(C(=N1)[N+](=O)[O-])CC(=O)NCCO
3309,DB12749,61361.0,CCCCC1C2=CC=CC=C2C(=O)O1
3310,DB12752,51045.0,CC(C)(CC1=CNC2=CC=CC=C21)NCC(COC3=CC=CC=C3C#N)O
3311,DB12753,9837769.0,C1C(OC(S1)CO)N2C=C(C(=NC2=O)N)F
3312,DB12766,54910.0,CC1=NC=C2C(OCC2=C1O)C3=CC=C(C=C3)Cl
3313,DB12768,,
3314,DB12769,135413518.0,C1C(CNC2=C1C(=O)NC(=N2)N)CCC3=CC=C(C=C3)C(=O)NC(CCC(=O)O)C(=O)O
3315,DB12770,5282136.0,C1CCN(CC1)CC2=CC(=NC=C2)OCC=CCNC(=O)CS(=O)CC3=CC=CO3
3316,DB12771,82755.0,C1=CC(=C(C=C1CCO)O)O
3317,DB12773,,
3318,DB12775,,
3319,DB12776,24864553.0,CNC1=NC2=CC(=C(C=C2C(=N1)C3=CC(=CC=C3)NC(=O)C4=CC=C(C=C4)C(=O)OC)OC)OC
3320,DB12779,114840.0,C1CNC(C2=CC(=C(C=C21)O)O)CC3=CC=C(C=C3)O
3321,DB12781,9889200.0,CN1C(=NC2=CC=CC=C2C1=O)COC3=CC=C(C=C3)CC4C(=O)NC(=O)S4
3322,DB12783,2327.0,C1=CC(=C(C(=C1CNNC(=O)C(CO)N)O)O)O
3323,DB12789,5280363.0,CCCCCC(C=CC1C(CC(C1CC=CCCCC(=O)O)O)O)O
3324,DB12791,502272.0,CC(=O)NC1C(C=C(OC1C(C(CO)O)OC)C(=O)O)N=C(N)N
3325,DB12797,,
3326,DB12799,6450806.0,COC(=O)C1=CN=C2N1CCC3=CC=CC=C3C2=C4CCN(CC4)CCC5=CC=C(C=C5)OCC6=NC7=CC=CC=C7C=C6
3327,DB12803,5806.0,CC(C)NCC(C1=CC(=C(C=C1)Cl)Cl)O
3328,DB12806,17747460.0,C1CCCN(CC1)CCCOC2=CC=C(C=C2)CCCCN3CCCC3CN4C(=O)C5=CC=CC=C5C(=N4)CC6=CC=C(C=C6)Cl
3329,DB12807,,
3330,DB12814,,
3331,DB12815,,
3332,DB12820,,
3333,DB12821,9638.0,C(C(C(F)(F)F)(F)F)(C(F)(F)F)(F)F
3334,DB12823,54718618.0,CC(C(F)(F)F)(C(F)(F)F)OC(=O)C1=CC=C(C=C1)CC2=C(C3=CC=CC=C3OC2=O)O
3335,DB12825,58076382.0,CC1CCC23CCC(=O)C2C1(C(CC(C(C3C)O)(C)C=C)OC(=O)CSC4CCC(CC4O)N)C
3336,DB12826,,
3337,DB12829,9568512.0,CC(=O)NC1=CC=C(C=C1)C=NNC(=S)N
3338,DB12831,3447.0,CCOC(=O)C1=CC=C(C=C1)OC(=O)CCCCCN=C(N)N
3339,DB12832,34457.0,CC12CC(C3C(C1CCC2(C(=O)COC(=O)CCCC4=CC=C(C=C4)N(CCCl)CCCl)O)CCC5=CC(=O)C=CC35C)O
3340,DB12833,91273.0,C1CC2CC1C3C2C(=O)N(C3=O)CCCCN4CCN(CC4)C5=NC=CC=N5
3341,DB12836,11677589.0,CCC1=NC2=C(N1C3=CC=C(C=C3)CCNC(=O)NS(=O)(=O)C4=CC=C(C=C4)C)C=C(N=C2C)C
3342,DB12839,,
3343,DB12842,,
3344,DB12843,11541511.0,CC1C(C(CC(O1)OC2CCC3(C(C2)CCC4C3CCC5(C4(CC(C5C6=CC(=O)OC6)OC(=O)C)O)C)C)OC)O
3345,DB12844,,
3346,DB12845,,
3347,DB12846,25654.0,CN1C2=C(C(=O)N(C1=O)C)N(C=N2)CCCNCC(C3=CC(=CC(=C3)O)O)O
3348,DB12849,,
3349,DB12866,,
3350,DB12867,16363.0,C1CN(CCC1N2C3=CC=CC=C3NC2=O)CCCC(=O)C4=CC=C(C=C4)F
3351,DB12870,21157.0,CCCCS(=N)(=O)CCC(C(=O)O)N
3352,DB12873,15942827.0,C1C(O1)C(C(C2CO2)O)O
3353,DB12877,1385580.0,C1CN(CC[NH+]1CCCN2C3=CC=CC=C3N=C2[O-])C(C4=CC=CC=C4)C5=CC=CC=C5
3354,DB12881,3712.0,C1=CC=C2C(=C1)C(=CN2)CO
3355,DB12883,65853.0,C1CN(CCN1)C2=C3C(=CC=C2)OCCO3
3356,DB12884,55473.0,CN1C(=NC(=N1)CO)NCCCOC2=CC=CC(=C2)CN3CCCCC3
3357,DB12887,66558664.0,CCN(C1CCOCC1)C2=CC(=CC(=C2C)C(=O)NCC3=C(C=C(NC3=O)C)C)C4=CC=C(C=C4)CN5CCOCC5
3358,DB12890,5311070.0,C1CC2=CC(=C(C=C2C3C1NCC4=CC=CC=C34)O)O
3359,DB12891,,
3360,DB12893,,
3361,DB12901,50312.0,C1=C(C(=NC(=O)N1C2C(C(C(O2)CO)O)F)N)I
3362,DB12902,65702.0,C1CN(P(=O)(OC1)N(CCCl)CCCl)CCCl
3363,DB12909,,
3364,DB12912,135400184.0,CC1=C(C2=C(C=C1)N=C(NC2=O)N)SC3=CC=NC=C3
3365,DB12916,5284380.0,C(C(C(C(C(CBr)O)O)O)O)Br
3366,DB12917,,
3367,DB12920,,
3368,DB12921,72462.0,C1=CC2=NC(=CN=C2C(=C1)Cl)NS(=O)(=O)C3=CC=C(C=C3)N
3369,DB12923,1234.0,CC(C)C(CCCN(C)CCC1=CC(=C(C=C1)OC)OC)(C#N)C2=CC(=C(C(=C2)OC)OC)OC
3370,DB12924,9863827.0,CC1=CC(=CN=C1NC)C2=C(C3=C(C=C2)C(=O)C(=CN3C4CC4)C(=O)O)C
3371,DB12926,5489638.0,CC(C(C1=CC=CC=C1)O)NCCN2C=NC3=C2C(=O)N(C(=O)N3C)C
3372,DB12927,71857.0,CN1C2=C(C(=O)N(C1=O)C)N(C=N2)CCNCC(C3=CC(=C(C=C3)O)O)O
3373,DB12930,9417.0,C1CN(CCN1CCCN2C3=CC=CC=C3C=CC4=CC=CC=C42)CCO
3374,DB12935,9871420.0,CCOC(=O)OCC1C(C(C(C(O1)OC2=NN(C(=C2CC3=CC=C(C=C3)OC(C)C)C)C(C)C)O)O)O
3375,DB12939,456557.0,CC(C(C1=NC=C(C=C1)O)O)C(C(=O)NC(C2C(C(C(O2)N3C=CC(=O)NC3=O)O)O)C(=O)O)N
3376,DB12941,67171867.0,CC(CN1C=CC(=N1)C2=CC(=C(C=C2)C#N)Cl)NC(=O)C3=NNC(=C3)C(C)O
3377,DB12942,157355.0,C(C1C(C(C(C(O1)OC(C(CO)O)C(C(CO)O)O)O)O)O)O
3378,DB12943,,
3379,DB12945,10230.0,C1=CC=C2C(=C1)C(=NN=C2NN)NN
3380,DB12947,18343.0,CC1C(C(C(O1)N2C=C(C(=O)NC2=O)F)O)O
3381,DB12948,3045.0,C1=CC(=C(C=C1C(=O)NO)O)O
3382,DB12950,,
3383,DB12951,68888.0,CC(C)(C)C(=O)NCCCC(=O)O
3384,DB12952,124653.0,CC1CC2C3CCC(C3(CC(=O)C2C4(C1=CC(=O)C=C4)C)C)(C(=O)CO)O
3385,DB12958,14670.0,CN(C)CCCN1C2=CC=CC=C2SC3=C1N=CC=C3
3386,DB12967,5351154.0,CC(=NN=C(N)N)C=NN=C(N)N
3387,DB12975,107771.0,COC1=NC2=C(C3=C(C=C(C=C3)Cl)N=C2C=C1)NC4=CC(=C(C(=C4)CN5CCCC5)O)CN6CCCC6
3388,DB12976,,
3389,DB12978,25151352.0,C1=CC(=NC=C1CC2=CNC3=C2C=C(C=N3)Cl)NCC4=CN=C(C=C4)C(F)(F)F
3390,DB12987,60203.0,COC1=C(C(=NC(=C1Cl)OC)C(Cl)(Cl)Cl)Cl
3391,DB12989,21117946.0,C1CN2C(=N)N(C(C3C2(C1(O)O)NC(=N3)N)COC(=O)N)O
3392,DB12991,91272.0,C(CCCN=C(N)N)CCC(=O)NC(C(=O)NCCCCNCCCN)O
3393,DB12996,5281800.0,CC1C(C(C(C(O1)OC2C(C(OC(C2OC(=O)C=CC3=CC(=C(C=C3)O)O)CO)OCCC4=CC(=C(C=C4)O)O)O)O)O)O
3394,DB13001,5480.0,CCOC(=O)C1=C(SC2=C1CCN(C2)CC3=CC=CC=C3)N
3395,DB13003,66249.0,CC1CC2C3C=C(C4=CC5=C(CC4(C3C(CC2(C1(C(=O)COC(=O)C)O)C)O)C)C=NN5C6=CC=CC=C6)C
3396,DB13005,25066467.0,CC(C)(C)C1=NN(C(=C1)NC(=O)NC2=C(C=C(C=C2)OC3=CC(=NC=C3)C(=O)NC)F)C4=CC5=C(C=C4)N=CC=C5
3397,DB13007,,
3398,DB13014,,
3399,DB13017,,
3400,DB13025,5467.0,CCN(CC)CCNC(=O)C1=C(C=CC(=C1)S(=O)(=O)C)OC
3401,DB13026,28061.0,CC1=NC=C(N1CC(CCl)O)[N+](=O)[O-]
3402,DB13027,55223.0,C1=CC(=C(C(=C1)OCC2=CC=C(C=C2)C(=O)O)C=O)O
3403,DB13028,71339.0,CC1C2C(C(=O)N2C(=C1SC3CN4C=NC=[N+]4C3)C(=O)[O-])C(C)O
3404,DB13029,9919680.0,C1CC1NC(=O)C2=CN(C3=C(C2=O)C=CC=N3)C4=CC=CC(=C4)C#CC5=C[N+](=CC=C5)[O-]
3405,DB13036,123879.0,C1CC2=C(CC1NS(=O)(=O)C3=CC=C(C=C3)F)C4=CC=CC=C4N2CCC(=O)O
3406,DB13037,,
3407,DB13041,71474517.0,CC(C)C(C(=O)N1C2CCCCC2CC1C3=NC4=C(N3)C=C(C=C4)C5=C6CCC7=CC(=C(CCC(=C5)C=C6)C=C7)C8=CC9=C(C=C8)N=C(N9)C1CC2CCCCC2N1C(=O)C(C(C)C)NC(=O)OC)NC(=O)OC
3408,DB13044,3503.0,CC1=CC2=C(C(=C(C(=C2C(C)C)O)O)C=O)C(=C1C3=C(C4=C(C=C3C)C(=C(C(=C4C=O)O)O)C(C)C)O)O
3409,DB13045,,
3410,DB13046,100299.0,C1C2C(C(C(O2)N3C4=NC=NC(=C4N=C3Cl)N)O)OP(=O)(O1)O
3411,DB13058,11207.0,CS(=O)(=O)F
3412,DB13064,5524.0,C1CCC2=C(C1)C=CC=C2NC3=NCCN3
3413,DB13066,60652.0,C1=CC(=CC(=C1)Cl)C(C2=CC3=C(C=C2)N=CN3)N4C=CN=C4
3414,DB13068,6473876.0,CCC1C(=O)N(CC(=O)N(C(C(=O)NC(C(=O)N(C(C(=O)NC(C(=O)NC(C(=O)N(C(C(=O)N(C(C(=O)N(C(C(=O)N(C(C(=O)N1)C(C(C)CC=CC)O)C)C(C)C)C)CC(C)C)C)CC(C)C)C)C)C)CC(C)C)C)C(C)C)C(C)CC)C)C
3415,DB13069,39214.0,CC1=NC=C(C(=N1)N)CNC(=O)N(CCCl)N=O
3416,DB13070,9849616.0,CCC1=C(N(N=C1C(=O)NN2CCCCC2)C3=C(C=C(C=C3)Cl)Cl)C4=CC=C(C=C4)Br
3417,DB13073,,
3418,DB13074,9804938.0,CC(C)(C(=O)NC(CC1=CNC2=CC=CC=C21)C(=O)NC(CC3=CNC4=CC=CC=C43)NC=O)N
3419,DB13075,5287554.0,CC1=C(C(=O)C2=CC=CC=C2C1=O)CC=C(C)CCC=C(C)CCC=C(C)CCC=C(C)CCC=C(C)CCC=C(C)CCC=C(C)C
3420,DB13077,44205191.0,CN1CCN(C=N1)C2=C(C=C(C=C2)N3CC(OC3=O)CO)F
3421,DB13082,71157.0,CC1=C(C(=CC=C1)C)NC(=O)CN2CCCC2=O
3422,DB13092,,
3423,DB13097,10025615.0,CCC(CCC(C)C1CCC2C1(CCCC2=CC=C3CC(CC(C3=C)O)O)C)C(C)C
3424,DB13099,20140.0,CCC(C)C(CC)C(=O)N
3425,DB13104,56960447.0,CC(C1=C(C=CC(=C1Cl)F)Cl)OC2=CC(=NN=C2N)C(=O)NC3=CC=C(C=C3)C(=O)N4CCN(CC4)C
3426,DB13105,10473088.0,CCC(C=CC=CCC(C=CC=CC=CC(CCCC(=O)O)O)O)O
3427,DB13108,45266826.0,CC1=CC=C(C=C1)C(=O)C(C)NC
3428,DB13114,20313.0,C[N+](C)(CCC=C1C2=CC=CC=C2CCC3=CC=CC=C31)[O-]
3429,DB13124,5486699.0,CC1C(C(C(C(O1)OCC2C(C(C(C(O2)OC3=C(OC4=CC(=CC(=C4C3=O)O)OCCO)C5=CC(=C(C=C5)OCCO)OCCO)O)O)O)O)O)O
3430,DB13125,49843517.0,CCCCCCOC(C)C1=CC=CC(=C1OC)C2=CSC(=N2)NC(=O)C3=CC(=C(C(=C3)Cl)C=C(C)C(=O)O)Cl
3431,DB13127,,
3432,DB13128,,
3433,DB13132,68827.0,CC1CCC2C(C(=O)OC3C24C1CCC(O3)(OO4)C)C
3434,DB13133,,
3435,DB13135,9829253.0,CC1=CN=C(C(=C1OC)C)CS(=O)C2=NC3=C(N2S(=O)(=O)C4=CC=C(C=C4)OCC(=O)O)C=CC(=C3)OC
3436,DB13136,68942.0,C1=CC=C2C(=C1)C(=O)C(C2=O)C3=CC=C(C=C3)F
3437,DB13139,123600.0,CC(C)(C)NCC(C1=CC(=C(C=C1)O)CO)O
3438,DB13140,,
3439,DB13142,64776.0,C(C1C(C(C(C(O1)OC(C(CO)O)C(C(C(=O)[O-])O)O)O)O)O)O.C(C(C(C(C(C(=O)[O-])O)O)O)O)O.[Ca+2]
3440,DB13143,59084697.0,CCC(C1=CC2=C(C=C1)C=C(C=C2)OC)C(C)(C)C(=O)O
3441,DB13144,,
3442,DB13145,78357779.0,C(C(=O)[O-])[O-].N.N.[Pt+2]
3443,DB13148,,
3444,DB13149,,
3445,DB13150,,
3446,DB13151,,
3447,DB13152,,
3448,DB13155,5281417.0,C1=CC(=O)OC2=CC(=C(C=C21)OC3C(C(C(C(O3)CO)O)O)O)O
3449,DB13156,137229597.0,CC(CN(C)C)O.CC(CN(C)C)O.CC(CN(C)C)O.CC(=O)NC1=CC=C(C=C1)C(=O)O.CC(=O)NC1=CC=C(C=C1)C(=O)O.CC(=O)NC1=CC=C(C=C1)C(=O)O.C1=NC2=C(C(=O)N1)N=CN2C3C(C(C(O3)CO)O)O
3450,DB13158,71387.0,CC1CC2C3CCC4=CC(=O)C=CC4(C3(C(=O)CC2(C1(C(=O)CCl)O)C)F)C
3451,DB13160,204163.0,CCC(=O)OC1(CCN(CC1C)C)C2=CC=CC=C2
3452,DB13164,54758501.0,CN1CCN(CC1)C2=CC=C(C=C2)NC3=NC4=C(C(=N3)OC5=CC=CC(=C5)NC(=O)C=C)SC=C4
3453,DB13166,92400.0,CC(CSC(=O)C1=CC=CC=C1)C(=O)N2CC(CC2C(=O)O)SC3=CC=CC=C3
3454,DB13167,30951.0,C=CCOC1=C(C=C(C=C1)CC(=O)O)Cl
3455,DB13169,9904.0,CC12CCC3C(C1CCC2O)CCC4=CC(=O)CCC34
3456,DB13170,70693500.0,CC1C(=O)NC2CSSCC(C(=O)NC(C(=O)NC(C(=O)NC(CSSCC(NC(=O)CNC(=O)C(NC2=O)C(C)O)C(=O)NC(CC(C)C)C(=O)O)C(=O)NC(C(=O)NC(C(=O)NC(C(=O)N1)C(C)C)CC(=O)N)C(C)C)CC(C)C)CCC(=O)O)NC(=O)C(CCC(=O)O)NC(=O)C(CC(=O)O)NC(=O)C(CC(=O)N)N
3457,DB13172,,
3458,DB13174,10168.0,C1=CC2=C(C(=C1)O)C(=O)C3=C(C2=O)C=C(C=C3O)C(=O)O
3459,DB13177,2733779.0,CC1=CC(=O)OC2=C1C=CC(=C2)OC3C(C(C(C(O3)CO)O)O)O
3460,DB13178,,
3461,DB13179,202225.0,CC1CC(C(C(O1)OC2C(CC3(CO3)C(=O)C(C(C(C(OC(=O)C(C(C2C)OC4CC(C(C(O4)C)OC(=O)C)OC)C)C)C)OC(=O)C)C)C)OC(=O)C)N(C)C
3462,DB13180,10690.0,C(C(C(C(C(C(=O)O)O)O)O)O)O
3463,DB13182,5281708.0,C1=CC(=CC=C1C2=COC3=C(C2=O)C=CC(=C3)O)O
3464,DB13185,68952.0,CC12CCC3C(C1CCC2OC(=O)CCC4CCCC4)CCC5=C(C(=O)CCC35)O
3465,DB13189,,
3466,DB13191,5359254.0,CN(CC(=O)O)C(=NP(=O)(O)O)N
3467,DB13192,,
3468,DB13197,,
3469,DB13199,,
3470,DB13200,,
3471,DB13201,,
3472,DB13203,16229.0,CCN(CCN1C(=NC2=C1C(=O)N(C(=O)N2C)C)CC3=CC=CC=C3)CCO
3473,DB13206,2292.0,CCCCNCC(C1=CC=C(C=C1)O)O
3474,DB13208,20055008.0,CC12CC(C3C(C1CC(=C)C2(C(=O)CO)O)CCC4=CC(=O)C=CC34C)O
3475,DB13209,73415757.0,[N+](=O)([O-])[O-].[N+](=O)([O-])[O-].[N+](=O)([O-])[O-].[N+](=O)([O-])[O-].[OH-].[OH-].[OH-].[OH-].[OH-].[OH-].[OH-].[OH-].[OH-].[O-2].[Bi+3].[Bi+3].[Bi+3].[Bi+3].[Bi+3]
3476,DB13211,16564.0,C1C(OC2=CC=CC=C2O1)CN=C(N)N
3477,DB13213,12598.0,CCCC(=O)C1=CC2=C(C=C1)SC3=CC=CC=C3N2CCCN4CCN(CC4)C
3478,DB13214,8281.0,CC(=CC(=O)NS(=O)(=O)C1=CC=C(C=C1)N)C
3479,DB13217,28871.0,C1=CC=C(C=C1)C2=NC(=C(S2)CC(=O)O)C3=CC=C(C=C3)Cl
3480,DB13219,36109.0,CN(C)CC(OC1=CC=CC=C1)OC2=CC=CC=C2
3481,DB13221,10715.0,CC(C)C(CC=C)C(=O)NC(=O)N
3482,DB13223,22875828.0,CC1CC2C3CC(C4=CC(=O)C=CC4(C3C(CC2(C1C(=O)C(=O)O)C)O)C)F
3483,DB13225,9419.0,CN1C2=CC=CC=C2C(=O)N(C3=CC=CC=C31)CCN(C)C
3484,DB13228,4474062.0,CN1C=C(C(=O)C2=C1C=C(C=C2)F)S(=O)C
3485,DB13229,18735.0,CC(C)C1(C(=O)NC(=O)N(C1=O)C)CC(=C)Br
3486,DB13230,102210.0,CC(=O)C1(CCC2C1(CCC3C2CCC4=CC(=O)CCC34)C)O
3487,DB13231,13144.0,CC(C(=O)[O-])O.CC(C(=O)[O-])O.[Ca+2]
3488,DB13232,5362.0,CCCCC1(C(=O)N(N(C1=O)C2=CC=CC=C2)C3=CC=CC=C3)COC(=O)CCC(=O)O
3489,DB13233,2081.0,CC(C(=O)OC(C)(C)CC1=CC=C(C=C1)Cl)N
3490,DB13234,15004.0,CCCOC(=O)CC1=CC(=C(C=C1)OCC(=O)N(CC)CC)OC
3491,DB13240,441853.0,CC1C(C(CC(O1)OC2CCC3(C4CCC5(C(CCC5(C4CCC3(C2)O)O)C6=CC(=O)OC6)C)C=O)OC)O
3492,DB13241,,
3493,DB13243,457954.0,C1=C(N=C(S1)C2C(C(C(O2)CO)O)O)C(=O)N
3494,DB13244,42552846.0,C1=CC(=CC=C1C[NH3+])C(=O)[O-]
3495,DB13246,93154.0,C1CN2CCC1C(C2)N3C4=CC=CC=C4CCC5=CC=CC=C53
3496,DB13248,4806.0,C1=CC=C(C(=C1)C(=O)NC2=CC=C(C=C2)S(=O)(=O)NC3=NC=CS3)C(=O)O
3497,DB13249,72941442.0,[O-2].[O-2].[O-2].[Mg+2].[Si+4]
3498,DB13251,4581.0,C1=CC(=CC=C1C(CN)O)O
3499,DB13252,3034047.0,CN1C2CCC1CC(=C3C4=CC=CC=C4CSC5=CC=CC=C53)C2
3500,DB13253,17336.0,CC(CC1(C(=O)NC(=O)NC1=O)CC=C)O
3501,DB13254,4905.0,CC[N+]1(CCC(=C(C2=CC=CC=C2)C3=CC=CC=C3)C1C)CC
3502,DB13255,66261.0,CCC(CO[N+](=O)[O-])(CO[N+](=O)[O-])CO[N+](=O)[O-]
3503,DB13256,16351.0,CN1CCN(CC1)C2=NC3=CC=CC=C3SC4=C2C=C(C=C4)Cl
3504,DB13257,24393.0,[O-]S(=O)(=O)[O-].[Fe+2]
3505,DB13259,6337.0,CCCl
3506,DB13261,72734323.0,C1CC12CN(CC2N)C3=C(C=C4C(=C3Cl)N(C=C(C4=O)C(=O)O)C5CC5F)F.C1CC12CN(CC2N)C3=C(C=C4C(=C3Cl)N(C=C(C4=O)C(=O)O)C5CC5F)F.O.O.O
3507,DB13264,,
3508,DB13265,5777.0,CN(CCCOC(=O)C1=CC(=C(C(=C1)OC)OC)OC)CCN(C)CCCOC(=O)C2=CC(=C(C(=C2)OC)OC)OC
3509,DB13266,6410758.0,C1C(=C(N2C(S1)C(C2=O)NC(=O)C(C3=CC=C(C=C3)O)N)C(=O)O)CSC4=NNN=C4
3510,DB13269,15684.0,C1=CC(=C(C=C1Cl)Cl)CO
3511,DB13270,470999.0,C1CC(C(OC1CN)OC2C(CC(C(C2O)OC3C(C(C(C(O3)CO)O)N)O)N)N)N
3512,DB13273,5357.0,CCN1CCCC1CNC(=O)C2=C(C=CC(=C2)S(=O)(=O)CC)OC
3513,DB13274,3037206.0,CC1(COC(C(C1NC)O)OC2C(CC(C(C2O)OC3C(CCC(O3)CNC)N)N)N)O
3514,DB13275,70846.0,C1=CC=C2C(=C1)C(=O)C(C2=O)C3=CC=C(C=C3)Cl
3515,DB13277,6237.0,CCC1=C(C2=CC=CC=C2O1)C(=O)C3=CC(=C(C(=C3)I)O)I
3516,DB13279,12604.0,CCN(CC)CCC1=C(C2=C(C=C(C=C2)OCC(=O)OCC)OC1=O)C
3517,DB13280,21584777.0,CC(=O)CC(=O)[O-].CC(=O)CC(=O)[O-].CC(=O)CC(=O)[O-].[Al+3]
3518,DB13283,5343.0,CC1=CC(=NC(=N1)C)NS(=O)(=O)C2=CC=C(C=C2)N
3519,DB13284,4165.0,CC1=CC2=C(C=C1S(=O)(=O)N)S(=O)(=O)CCC2
3520,DB13286,19161.0,CCCCC(C(=O)N(C1=CC=CC=C1)NC2=CC=CC=C2)C(=O)O
3521,DB13287,,
3522,DB13288,64377.0,CN(C)CCOCC(=O)NC12CC3CC(C1)CC(C3)C2
3523,DB13292,4822.0,CN1CCC(=C2C3=CC=CC=C3SC4=CC=CC=C42)CC1
3524,DB13293,,
3525,DB13294,62858.0,C1=CC(=CC=C1C(C(CO)NC(=O)CN=[N+]=[N-])O)[N+](=O)[O-]
3526,DB13295,,
3527,DB13300,71392.0,CC1(C(N2C(S1)C(C2=O)NC(=O)C(C3=CCC=CC3)N)C(=O)O)C
3528,DB13303,25803.0,CCCCOCC(CN1C(=O)C(C(=O)NC1=O)(CC)C2=CC=CC=C2)OC(=O)N
3529,DB13304,6235.0,C1CN1C2=CC(=O)C(=C(C2=O)N3CC3)N4CC4
3530,DB13307,5284613.0,CC1C(C(C(C(O1)OC2CCC3(C4CCC5(C(CCC5(C4CCC3=C2)O)C6=COC(=O)C=C6)C)C)O)O)O
3531,DB13310,35805.0,CC1(C(C(C2=C(O1)C=C(C=C2)OC)C3=CC=C(C=C3)OCCN4CCCC4)C5=CC=CC=C5)C
3532,DB13312,40466929.0,CCOC(=O)C(CCC1=CC=CC=C1)[NH2+]C(C)C(=O)N(CC(=O)[O-])C2CC3=CC=CC=C3C2
3533,DB13313,23497.0,COC(=O)C(CC1=CC(=C(C=C1)O)O)N
3534,DB13314,2097.0,CC(C1=CC=C(C=C1)NCC(=C)C)C(=O)O
3535,DB13316,68555.0,CC(C)C(=O)OC1=C(C=C(C=C1)CCNC)OC(=O)C(C)C
3536,DB13317,68869.0,CC(C1=CC2=C(C=C1)OC(=N2)C3=CC=C(C=C3)F)C(=O)O
3537,DB13318,220401.0,CNC1CCC2=CC(=C(C(=C2C3=CC=C(C(=O)C=C13)OC)OC)OC)OC
3538,DB13319,6446788.0,CCOC(=O)C(=CC1=NC=C(N1C)[N+](=O)[O-])C(=O)C
3539,DB13320,68933.0,CC1=CN=C(N=C1)NS(=O)(=O)C2=CC=C(C=C2)N
3540,DB13322,73415812.0,C(=O)([O-])[O-].O.O.O.O.O.O.O.O.O.O.O.O.[O-2].[O-2].[O-2].[O-2].[O-2].[O-2].[O-2].[O-2].[O-2].[Mg+2].[Mg+2].[Mg+2].[Mg+2].[Mg+2].[Mg+2].[Al+3].[Al+3]
3541,DB13323,6575.0,C(=C(Cl)Cl)Cl
3542,DB13324,25215.0,CN1C(=O)CN=C(C2=C1C=CC(=C2)Cl)C3=CCCCC3
3543,DB13327,4814.0,COC1=C(C=C(C=C1)C(=O)NCC2=CN=CC=C2)C(=O)NCC3=CN=CC=C3
3544,DB13328,22379.0,CCCCNCC(=O)NC1=C(C=CC=C1Cl)C
3545,DB13331,4994.0,CCC1(C(=O)C=CNC1=O)CC
3546,DB13334,20055482.0,CS(=O)(=O)OCC(C(C(C(COS(=O)(=O)C)OS(=O)(=O)C)O)O)OS(=O)(=O)C
3547,DB13335,40391.0,C#CCN1C(=O)CN=C(C2=C1C=CC(=C2)Cl)C3=CC=CC=C3
3548,DB13337,272833.0,CC(C(=O)NC1C2N(C1=O)C(C(S2)(C)C)C(=O)O)OC3=CC=CC=C3
3549,DB13338,71260.0,CCC1C(C(C(C(=O)C(CC(C(C(C(C(C(=O)O1)C)OC2CC(C(C(O2)C)O)(C)OC)C)OC3C(C(CC(O3)C)N(C)C)O)(C)O)(C)F)C)O)(C)O
3550,DB13339,16058.0,C1C(O1)COCCOCCOCCOCC2CO2
3551,DB13340,6604413.0,CCCCCCCCNC(C)C(C1=CC=C(C=C1)SC(C)C)O
3552,DB13341,135436543.0,CCN=C1NC(=O)C(O1)C2=CC=CC=C2
3553,DB13345,107715.0,CC(C)C1(C(=O)N2C(C(=O)N3CCCC3C2(O1)O)CC4=CC=CC=C4)NC(=O)C5CC6C(CC7=CNC8=CC=CC6=C78)N(C5)C
3554,DB13346,2466.0,CCCCOC1=CC=C(C=C1)CC(=O)NO
3555,DB13347,6719.0,C1=CC=C(C=C1)C(C2=CC=CC=C2)C(=O)C3C(=O)C4=CC=CC=C4C3=O
3556,DB13349,65624.0,CN(C)CCN1C(=O)C2=CC=CC=C2C(=N1)CC3=CC=CC=C3
3557,DB13350,6436171.0,CN1C(=CN=C1C=CC2=NC(=NC=C2)N)[N+](=O)[O-]
3558,DB13351,4839.0,CCN1CCCC(C1)OC(=O)C(C2=CC=CC=C2)C3=CC=CC=C3
3559,DB13352,7902.0,CN(C)CCO
3560,DB13354,4770.0,C1=CC=C(C=C1)CCCOC(=O)N
3561,DB13357,7186.0,C1=CC=C(C=C1)C(COC(=O)N)O
3562,DB13358,2747.0,C1CN=C(N1)C2CC2(C3=CC=CC=C3)C4=CC=CC=C4
3563,DB13359,57371580.0,C(C(C(=O)O)N)C(=O)[O-].C(C(C(=O)O)N)C(=O)[O-].O.O.O.O.[Mg+2]
3564,DB13360,92169693.0,CC1=CC(=CC=C1)N(C)C(=S)OC2=CC3=C(C=C2)C4CCC3C4
3565,DB13362,72060.0,CCC(C1=CC=CC=C1)C(=O)NC(=O)N
3566,DB13364,35455.0,CC(=CCC1C(=O)N(N(C1=O)C2=CC=CC=C2)C3=CC=CC=C3)C
3567,DB13365,,
3568,DB13367,68876.0,CCN(CC)CCC1=C(C2=C(C(=C(C=C2)OCC(=O)OCC)Cl)OC1=O)C
3569,DB13368,6314185.0,CCNC(=O)C=C(C)C=CC=C(C)C=CC1=C(C(=C(C=C1C)OC)C)C
3570,DB13369,66248.0,CC[N+]1(CCC(C1)OC(=O)C(C2=CC=CC=C2)(C3=CC=CC=C3)O)CC
3571,DB13370,2447.0,CC(C)C(C(=O)NC(=O)N)Br
3572,DB13371,100472.0,C1=CC=C(C=C1)C2=CC=C(C=C2)CC(=O)NC3=CC=CC=N3
3573,DB13374,15376.0,CCC12CCCN3C1C4=C(CC3)C5=CC=CC=C5N4C(C2)(C(=O)OC)O
3574,DB13375,,
3575,DB13377,5284636.0,CCC=C(C)C1(C(=O)NC(=O)NC1=O)CC
3576,DB13378,4538.0,C1=CC(=CC(=C1)O)C(CN)O
3577,DB13380,165124.0,CC(C)(COC(=O)C(C1=CC=CC=C1)(C2=CC=CC=C2)O)N(C)C
3578,DB13381,56840845.0,C(CN(CC(=O)[O-])CC(=O)[O-])N(CC(=O)[O-])CC(=O)[O-].[Na+].[Fe+3]
3579,DB13382,65750.0,CCN(CC)CCCN1C2=CC=CC=C2SC3=C1C=C(C=C3)Cl
3580,DB13384,25382.0,CC1(C2=CC=CC=C2C(=CCCN(C)C)C3=CC=CC=C31)C
3581,DB13385,,
3582,DB13386,244809.0,CC12CCC3C(C1CC(C2O)O)CCC4=C3C=CC(=C4)OC
3583,DB13393,10219.0,CCC1CN2CCC3=CC(=C(C=C3C2CC1CC4C5=CC(=C(C=C5CCN4)OC)OC)OC)OC
3584,DB13394,7436.0,CNCC(=O)C1=CC(=C(C=C1)O)O
3585,DB13396,3084726.0,C1=CC=C(C=C1)C2(C(=O)N(C(=O)N2)CCCC(C(=O)O)N)C3=CC=CC=C3
3586,DB13398,5489013.0,CC(C(C1=CC=CC=C1)O)NCCC(=O)C2=CC(=CC=C2)OC
3587,DB13399,443951.0,CCN(CC)C(=O)NC1CC2C(CC3=CNC4=CC=CC2=C34)N(C1)C
3588,DB13400,5219.0,C1COCCN1[N+]2=CC(=N)O[N-]2
3589,DB13401,443946.0,CC1C(C(CC(O1)OC2C(OC(CC2O)OC3C(OC(CC3O)OC4CCC5(C(C4)CCC6C5CC(C7(C6(CCC7C8=CC(=O)OC8)O)C)O)C)C)C)O)OC
3590,DB13402,71587019.0,CC(=O)NCC(=O)O.C(C(Cl)(Cl)Cl)(O)O
3591,DB13403,4640.0,CC1=C(C2=CC(=C(C=C2N1)OC)OC)CCN3CCN(CC3)C4=CC=CC=C4
3592,DB13405,4047.0,CC1(CCCO1)CN(C)S(=O)(=O)C2=CC(=C(C=C2)Cl)S(=O)(=O)N
3593,DB13406,9564.0,CCCCNC(=O)NS(=O)(=O)C1=CC=C(C=C1)N
3594,DB13407,4487.0,CC1=C(C(=O)N(N1C)C2=CC=CC=C2)NC(=O)C3=CN=CC=C3
3595,DB13408,25430.0,CCCC(C)(CO[N+](=O)[O-])CO[N+](=O)[O-]
3596,DB13409,5282211.0,CCCC(=O)OC1C(OC(CC1(C)OC(=O)CC)OC2C(OC(C(C2N(C)C)O)OC3C(CC(C(C=CC=CCC(OC(=O)CC(C3OC)O)C)O)C)CC=O)C)C
3597,DB13410,9567831.0,C1=CC(=C(C(=C1)Cl)C=NN=C(N)NO)Cl
3598,DB13411,3947.0,CN(CCCN1C2=CC=CC=C2CCC3=CC=CC=C31)CC(=O)C4=CC=C(C=C4)Cl
3599,DB13413,102669.0,CCN(CC)CCC1(CCC(=O)NC1=O)C2=CC=CC=C2
3600,DB13414,9470.0,C1=CC=C(C=C1)C(CNC2=CC=CC=N2)O
3601,DB13418,11954041.0,CC12CC(C3C(C1CCC2(C#C)O)CCC4=C3C=CC(=C4)O)OC
3602,DB13420,6016.0,CC(CN1C2=CC=CC=C2SC3=CC=CC=C31)[N+](C)(C)C
3603,DB13422,25495.0,C1=CC(=CN=C1)C(=O)OCC2C(C(C(O2)(COC(=O)C3=CN=CC=C3)O)OC(=O)C4=CN=CC=C4)OC(=O)C5=CN=CC=C5
3604,DB13423,73964.0,[OH-].[OH-].[OH-].[Fe+3]
3605,DB13425,3401.0,C1=CC=C(C=C1)C(C2=CC=C(C=C2)F)(C3=CC=CC=C3F)N4C=CN=C4
3606,DB13429,72138.0,CC1=CC(=C(C=C1)NC2=NCCN2)Cl
3607,DB13430,71652.0,CCC(C)C(C)C1NC2=CC(=C(C=C2S(=O)(=O)N1)S(=O)(=O)N)Cl
3608,DB13432,68706.0,C1=CC=C(C=C1)N2C=C(C(=N2)C3=CC=C(C=C3)Cl)CC(=O)O
3609,DB13433,5217.0,CC(C)(C(=O)OCCCOC(=O)C(C)(C)OC1=CC=C(C=C1)Cl)OC2=CC=C(C=C2)Cl
3610,DB13434,51755.0,C1=CC=C(C=C1)SC2=CC=C(C=C2)COC(CN3C=CN=C3)C4=C(C=C(C=C4)Cl)Cl
3611,DB13435,47608.0,C1CN(CC2=CC(=NN=C21)NN)C(=O)C3=CC=CC=C3
3612,DB13437,4041.0,CN1CCN=C(C2=C1C=CC(=C2)Cl)C3=CC=CC=C3
3613,DB13443,175540.0,CC(C)NCC(COC1=CC=C(C=C1)CC(=O)N)O
3614,DB13446,,
3615,DB13448,118984411.0,CC1(CCC2CC(CC1N2C)OC(=O)C(C3=CC=CS3)(C4=CC=CS4)O)C
3616,DB13449,4977.0,CC(CN1C=NC2=C1C(=O)N(C(=O)N2C)C)O
3617,DB13451,54708299.0,C1=CC=C2C(=C1)C(=C(C(=O)O2)C(CC(C3=CC=C(C=C3)Cl)O)C4=CC=C(S4)Cl)O
3618,DB13452,2515.0,CCN(CC(C)O)C1=NN=C(C=C1)NNC(=O)OCC
3619,DB13453,23991.0,[Xe]
3620,DB13454,5362460.0,CN1CCC23C4C1CC5=C2C(=C(C=C5)OC(=O)C6=CN=CC=C6)OC3C(C=C4)OC(=O)C7=CN=CC=C7
3621,DB13455,74441225.0,C1=CC=C(C=C1)C(CC(=O)[O-])C[NH3+]
3622,DB13456,5282169.0,CCC(=O)OC1CC(=O)OC(CC=CC=CC(C(CC(C(C1OC)OC2C(C(C(C(O2)C)OC3CC(C(C(O3)C)OC(=O)CC)(C)O)N(C)C)O)CC=O)C)O)C
3623,DB13457,432824.0,CC(C)N1CCOC(C1)C2=CC(=CC=C2)C(F)(F)F
3624,DB13459,5282176.0,CCCCC(C=C(C)C=CC=CC(=O)N1CCCC1=O)O
3625,DB13460,68671.0,CC(C)(C(=O)OCCCOC(=O)C1=CN=CC=C1)OC2=CC=C(C=C2)Cl
3626,DB13461,6436055.0,CCC=C(C1=CSC(=N1)N)C(=O)NC2C3N(C2=O)C(=C(CS3)COC(=O)N)C(=O)O
3627,DB13464,,
3628,DB13466,,
3629,DB13467,656630.0,CC1C(C(CC(O1)OC2CCC3(C(C2)CCC4C3CC(C5(C4(CCC5C6=CC(=O)OC6)O)C)O)C)O)OC7CC(C(C(O7)C)OC8CC(C(C(O8)C)OC9C(C(C(C(O9)CO)O)O)O)OC(=O)C)O
3630,DB13468,,
3631,DB13470,5361871.0,CC1=C(SC(=N1)SCC2=C(N3C(C(C3=O)NC(=O)C(=NOC)C4=CSC(=N4)N)SC2)C(=O)O)CC(=O)O
3632,DB13472,2898.0,CC(=O)OC1=CC=C(C=C1)C(=C2CCCCC2)C3=CC=C(C=C3)OC(=O)C
3633,DB13478,41049.0,CCC1(CCCCN(C1)C)C2=CC(=CC=C2)O
3634,DB13479,68122.0,C1CCN(C1)CCN(CC2=CC=CC=C2)C3=CC=CC=C3
3635,DB13480,,
3636,DB13481,,
3637,DB13485,19596.0,CC1=NC(=CC(=N1)OC)NS(=O)(=O)C2=CC=C(C=C2)N
3638,DB13486,61745.0,[O-][O-].[Mg+2]
3639,DB13488,2312.0,CN(C)CCCOC1(CCCCCC1)CC2=CC=CC=C2
3640,DB13489,72075.0,CN1CCC(CC1)N(CC2=CC=CC=C2)C3=CC=CC=C3
3641,DB13491,56841872.0,CC(C(=O)C1(CCC2C1(CC(C3(C2CCC4=CC(=O)C=CC43C)F)O)C)O)O
3642,DB13495,9395.0,CCOP(=O)(OCC)OC1=CC=C(C=C1)[N+](=O)[O-]
3643,DB13496,21722.0,CN(C)CCCN1C2=C(CCCCCC2)C3=CC=CC=C31
3644,DB13499,57514697.0,C1C(=C(N2C(S1)C(C2=O)NC(=O)C(C3=CC=CC=C3)S(=O)(=O)[O-])C(=O)O)C[N+]4=CC=C(C=C4)C(=O)N
3645,DB13500,72093.0,CCCCCCCCOC1=CC=CC=C1C(=O)NC2=CC=C(C=C2)C(=O)OCC[N+](C)(CC)CC
3646,DB13501,2313.0,C1=CC=C(C=C1)CN2C3=CC=CC=C3C(=N2)OCC(=O)O
3647,DB13502,68778.0,CC(C)(C)N1CCC(CC1)(C2=CC=CC=C2)C3=CC=CC=C3
3648,DB13503,,
3649,DB13504,5487888.0,CC1=C(N2C(C(C2=O)NC(=O)C(=NOC)C3=CSC(=N3)N)SC1)C(=O)O
3650,DB13505,34055.0,CC[N+](C)(C)C(C)CC(C1=CC=CC=C1)C2=CC=CC=C2
3651,DB13506,33672.0,CC1(C(N2C(S1)C(C2=O)NC(=O)C(C3=CC=CC=C3)C(=O)OC4=CC=CC=C4)C(=O)O)C
3652,DB13507,11018.0,C[N+]1(CCCC1COC(=O)C(C2=CC=CC=C2)(C3=CC=CC=C3)O)C
3653,DB13508,65814.0,CC(C)(C)NCC(COC1=C(C=CC(=C1)Cl)Cl)O
3654,DB13509,71586929.0,CC(=O)OC1=CC=CC=C1C(=O)O.[O-2].[O-2].[O-2].[Al+3].[Al+3]
3655,DB13510,2467.0,COC1=CC(=C(C(=C1)OC)C(=O)CCCN2CCCC2)OC
3656,DB13511,2780.0,COC1=CC(=C(C=C1C(=O)NC2CCN(CC2)CC3=CC=CC=C3)Cl)N
3657,DB13514,4888.0,CC(C1=CC2=C(C=C1)OC3=C(C2)C=CC=N3)C(=O)O
3658,DB13517,,
3659,DB13520,28693.0,CN1CC(CC2C1CC3=CN(C4=CC=CC2=C34)C)CNC(=O)OCC5=CC=CC=C5
3660,DB13522,,
3661,DB13523,47979.0,COC1=CC(=CC(=C1OC)C(=O)NCC2CCCN2CC=C)S(=O)(=O)N
3662,DB13524,3778.0,CC1=C(C(=O)N(N1C)C2=CC=CC=C2)C(C)C
3663,DB13526,8285.0,C(C(CO)(CO)CO)O
3664,DB13527,4921.0,CCCN(CCC)C(=O)C(CCC(=O)OCCCN1CCN(CC1)CCOC(=O)CC2=C(N(C3=C2C=C(C=C3)OC)C(=O)C4=CC=C(C=C4)Cl)C)NC(=O)C5=CC=CC=C5
3665,DB13528,5284533.0,CC(=O)C1(CCC2C1(CCC3C2C=C(C4=CC(=O)CCC34C)Cl)C)O
3666,DB13530,71698.0,CC1=CC2=C(N1)C=CC=C2OCC(CNC(C)C)O
3667,DB13532,138402398.0,C1CCC(C1)CC2NC3=CC(=C(C=C3S(=O)(=O)N2)S(=N)(=O)O)Cl
3668,DB13533,5284597.0,CC12CCC3C(C1CCC2(C)O)CCC4=CC(=O)CCC34
3669,DB13534,219095.0,CC(C)OC(=O)C1=NC=C2C(=C1COC)C3=C(N2)C=CC=C3OC4=CC=C(C=C4)Cl
3670,DB13535,,
3671,DB13537,20055283.0,CC1C(C(CC(O1)OC2C(OC(CC2OC=O)OC3C(OC(CC3OC=O)OC4CCC5(C(C4)CCC6C5CCC7(C6(CC(C7C8=CC(=O)OC8)OC=O)O)C)C)C)C)OC=O)OC=O
3672,DB13538,68749.0,CC(=O)OC1=CC=CC=C1C(=O)OC2=CC=CC=C2OC
3673,DB13540,3037209.0,CC1(COC(C(C1NC)O)OC2C(CC(C(C2O)OC3C(C(C(C(O3)CN)O)O)O)N)NC(=O)C(CN)O)O
3674,DB13541,,
3675,DB13542,31800.0,C[N+]1(CCCCC1COC(=O)C(C2=CC=CC=C2)(C3=CC=CC=C3)O)C
3676,DB13543,656655.0,C(C(C(C(C(CBr)O)O)O)O)Br
3677,DB13544,3282.0,CCOC1=CC=CC=C1C(=O)N
3678,DB13545,68953.0,C1=CC=C(C=C1)C2C(=O)C3=C(C2=O)C=C(C=C3)Br
3679,DB13546,4514.0,CCN(CC)CC1=NC=CN1C2=C(C=C(C=C2)[N+](=O)[O-])C(=O)C3=CC=CC=C3Cl
3680,DB13547,3034019.0,C1=CC(=CC=C1CN)S(=O)(=O)N.C1=CC(=CC=C1N)S(=O)(=O)NC(=S)N
3681,DB13550,2377.0,CNCCCCOC1=CC=CC=C1CC2=CC=CC=C2
3682,DB13551,8593.0,C1=CC=C(C=C1)C2=NC3=CC=CC=C3C(=C2)C(=O)O
3683,DB13552,5567.0,C1CN(CCC1(C2=CC(=CC=C2)C(F)(F)F)O)CCCC(=O)C3=CC=C(C=C3)F
3684,DB13554,4249.0,CC1=CC=C(C=C1)C2(CCN(CC2)CCCC(=O)C3=CC=C(C=C3)F)O
3685,DB13555,76959818.0,CCC[N+]12C3CC(C(C1O)CC)C4C2CC5(C3N(C6=CC=CC=C65)C)C4O
3686,DB13556,187764.0,CC1=C(C(=O)N(N1C)C2=CC=CC=C2)C(NC3=CC=C(C=C3)S(=O)(=O)NC4=NN=C(C=C4)OC)S(=O)(=O)O
3687,DB13557,6762.0,CC(=O)OCCN1CCN(CC1)CCCN2C3=CC=CC=C3SC4=C2C=C(C=C4)Cl
3688,DB13559,46886609.0,C1CCNC(C1)C(C2=CC(=C(C=C2)O)O)O
3689,DB13563,13313.0,CC12C=CC3=C4CCC(=O)C=C4CCC3C1CCC2(C#C)O
3690,DB13566,42553.0,CC1=CC=CC=C1C(C2CN3CCC2CC3)(C4=CC=CC=C4C)O
3691,DB13569,24458.0,Cl[Fe]Cl
3692,DB13571,5282200.0,CCCCCC(C1C(CC(CC(CC(CC(CC(C(C(C(=CC=CC=CC=CC=CC(C(OC1=O)C)O)C)O)O)O)O)O)O)O)O)O
3693,DB13572,6526.0,CCC(C)(CC)OC(=O)N
3694,DB13573,69550.0,CN1C2=C(C(=O)N(C1=O)C)N(C=N2)CC(=O)O
3695,DB13575,20054848.0,CCN(CC)CCN1C2=C(C=CC(=C2)OC)C3=C1C4CC5C(CC(C(C5C(=O)OC)OC)OC(=O)C6=CC(=C(C(=C6)OC)OC)OC)CN4CC3
3696,DB13577,5842.0,C=CCC1(C(=O)NC(=O)NC1=O)CC=C
3697,DB13578,11115.0,CC(C)CNCCOC(=O)C1=CC(=CC=C1)N
3698,DB13580,5315.0,C1=CC(=CC=C1NC(=O)CCC(=O)O)S(=O)(=O)NC2=NC=CS2
3699,DB13581,24892842.0,CCN(CC)CC(C)OC(=O)C1CCCCC1(C2CCCCC2)O
3700,DB13583,4059.0,CC1=CC=CC=C1OCC(CO)O
3701,DB13584,67425.0,CCN(CC)CCOC1=C(C(=CC=C1)OCCN(CC)CC)OCCN(CC)CC
3702,DB13587,15020.0,CC1CC(=O)CC2C1(C3CCC4(C(C3CC2)CCC4O)C)C
3703,DB13588,4417.0,CCN(CC)CCOC(=O)C(CC1CCCO1)CC2=CC=CC3=CC=CC=C32
3704,DB13590,76966485.0,CN(C)CC(=O)OCC(C(C(C(C(=O)[O-])O)O)O)O.CN(C)CC(=O)OCC(C(C(C(C(=O)[O-])O)O)O)O.[Ca+2]
3705,DB13592,28329.0,CCN(CC)CCN1C=NC2=C1C(=O)N(C(=O)N2C)C
3706,DB13595,131704329.0,O.[O-][Si]([O-])([O-])[O-].[O-][Si]([O-])([O-])[O-].[Mg+2].[Al+3].[Al+3]
3707,DB13597,71655.0,C1COCCN1C(=N)N=C(N)N
3708,DB13598,3283.0,CCOCC
3709,DB13601,4626.0,C1C(CN(C1=O)CC(=O)N)O
3710,DB13602,36709.0,CCC(=O)C1(CCC2C1(CCC3=C4CCC(=O)C=C4CCC23)C)C
3711,DB13603,13916.0,C1=CC(=C(C(=C1)Cl)[N+](=O)[O-])C2=CNC=C2Cl
3712,DB13604,36054.0,C1CCCNC(CC1)CN=C(N)N
3713,DB13605,11226.0,CCOC(=O)C1(CCN(CC1)CCC(C2=CC=CC=C2)O)C3=CC=CC=C3
3714,DB13606,443405.0,CC1C2CC3=C(C1(CCN2CCC4=CC=CC=C4)C)C=C(C=C3)O
3715,DB13609,131411.0,CCOC(=O)C1=C(N(C2=CC(=C(C(=C21)CN(C)C)O)Br)C)CSC3=CC=CC=C3
3716,DB13610,20055352.0,CC(=O)C1(CCC2C1(CCC3C2CC(C4=CC(=O)CCC34C)C(F)(F)F)C)O
3717,DB13612,46783786.0,CC(=O)OC1=CC=CC=C1C(=O)[O-].CC(=O)OC1=CC=CC=C1C(=O)[O-].C(=O)(N)N.[Ca+2]
3718,DB13615,123133557.0,CCCCCCCCCCCCCCCC(=O)OCC(COP(=O)([O-])OCCNC(=O)C(C)NC(=O)CCC(C(=O)N)NC(=O)C(C)NC(=O)C(C)OC(C(C=O)NC(=O)C)C(C(CO)O)O)OC(=O)CCCCCCCCCCCCCCC.O.[Na+]
3719,DB13616,183797.0,C1CCC(CC1)C(C(=O)N2CCC2C(=O)NCC3=CC=C(C=C3)C(=N)N)NCC(=O)O
3720,DB13617,16473.0,C1CCC(CC1)N2CC3=CC(=C(C=C3C2=O)S(=O)(=O)N)Cl
3721,DB13619,70687267.0,CCN(CC)CCCOC(=O)C1(CC2CCC1C2)C3=CC=CC=C3
3722,DB13620,16760467.0,C(C(C(C(C(C(=O)[O-])O)O)O)O)O.[K+]
3723,DB13622,122051.0,CC(C)CCCC(C)C1CCC2C1(CCC3C2CC(C4=C3CCC(C4)O)C[Se]C)C
3724,DB13623,9862937.0,CCOC1=CC2=C(C=C1)N=C(N2)SCCN3CCOCC3
3725,DB13624,4117.0,CC(CC1=CC=CC=C1OC)NC
3726,DB13626,73415751.0,C(C(=O)[O-])N.O.[OH-].[OH-].[Al+3]
3727,DB13627,4628.0,CCN1C=C(C(=O)C2=CC3=C(C=C21)OCO3)C(=O)O
3728,DB13629,16639.0,CCCCC1C(=O)NN(C1=O)C2=CC=CC=C2
3729,DB13631,71798.0,COC1C(CC2CN3CCC4=C(C3CC2C1C(=O)OC)NC5=C4C=C(C=C5)OC)OC(=O)C6=CC(=C(C(=C6)OC)OC)OC
3730,DB13633,,
3731,DB13634,70569.0,CCCCCCN1C(=O)C2=C(N=CN2C)N(C1=O)C
3732,DB13635,71264.0,CCOC(=O)NC1=CC2=C(CCC3=CC=CC=C3N2C(=O)CN(C)C)C=C1
3733,DB13636,10255142.0,CN1C2=C(C(=O)N(C1=O)C)N(C=N2)CC(=O)O.CN(C)CCOC(C1=CC=CC=C1)C2=CC=CC=C2
3734,DB13637,168009.0,C(CN(CCO[N+](=O)[O-])CCO[N+](=O)[O-])N(CCO[N+](=O)[O-])CCO[N+](=O)[O-]
3735,DB13638,127527.0,CCN1CCN(C(=O)C1=O)C(=O)NC(C(C)O)C(=O)NC2(C3N(C2=O)C(=C(CS3)CSC4=NN=NN4C)C(=O)O)OC
3736,DB13641,,
3737,DB13642,4904.0,C1CCN(CC1)CCC(C2=CC=CC=C2)(C3=CC=CC=C3)O
3738,DB13643,3033860.0,CN1CCN(CC1)C=C2C(=O)N3C(=N2)CN=C(C4=C3C=CC(=C4)[N+](=O)[O-])C5=CC=CC=C5Cl
3739,DB13644,667493.0,CC1=CC(=O)NC(=S)N1
3740,DB13645,107841.0,CCN(CC)CCC(=O)N1C2=CC=CC=C2SC3=C1C=C(C=C3)NC(=O)OCC
3741,DB13646,,
3742,DB13647,,
3743,DB13648,21158560.0,C=CC[N+]12CCC34C1CC(C(=CCO)C2)C5=CN6C7C(=CN(C53)C8=CC=CC=C48)C9CC1C7(CC[N+]1(CC9=CCO)CC=C)C1=CC=CC=C16
3744,DB13649,31508.0,CC1=CC2=C(C=C1)C(=NC(=O)N2C(C)C)C3=CC=CC=C3
3745,DB13650,72941505.0,C(C(C(C(C(C(=O)[O-])O)O)O)O)O.C(C(CO)(CO)N)O.[OH-].[OH-].[Al+3]
3746,DB13651,76957773.0,CCC1C2CC3C4C5(CC(C2C5OC(=O)CCl)N3C1O)C6=CC=CC=C6N4C
3747,DB13652,36131.0,CCCCN(CCN(CC)CC)C(=O)C1=CC=CC2=CC=CC=C21
3748,DB13653,42884.0,CC(C)N1CCC(CC1)N(C2=CC=C(C=C2)Cl)C(=O)CC3=CC=CC=C3
3749,DB13654,71586775.0,O.[O-2].[O-2].[O-2].O=[Si]=O.O=[Si]=O.O=[Si]=O.O=[Si]=O.[Al+3].[Al+3]
3750,DB13657,21102.0,CC(=O)NC1=CC=C(C=C1)OC(=O)C2=CC=CC=C2OC(=O)C
3751,DB13660,92879.0,CCC(C(=O)NC1C2N(C1=O)C(C(S2)(C)C)C(=O)O)OC3=CC=CC=C3
3752,DB13662,9661.0,C#CCC1(CCCCC1)OC(=O)N
3753,DB13663,69594.0,C1=CC(=C(C=C1S(=O)(=O)N)S(=O)(=O)N)Cl
3754,DB13664,289085.0,CC(=O)OCC(=O)C12C(CC3C1(CC(C4(C3CC(=C5C4(CCC(=C5)OCCCl)C)C=O)F)O)C)OC(O2)(C)C
3755,DB13665,15139.0,COC1=CC=CC=C1N2CCN(CC2)CCCC(=O)C3=CC=C(C=C3)F
3756,DB13666,72142.0,C[N+]1(CCOCC1)CCC(C2=CC=CC=C2)(C3=CC=CS3)O.[I-]
3757,DB13667,9571080.0,CON=C(C1=NSC(=N1)N)C(=O)NC2C3N(C2=O)C(=C(CS3)C[N+]4=C5C=CC=NN5C=C4)C(=O)[O-]
3758,DB13668,604519.0,C1CCC2=C(C1)C(=C3CCCC3=N2)N
3759,DB13673,439318.0,C1C(C(C(C(C1N)OC2C(C(C(C(O2)CO)O)N)O)O)OC3C(C(C(C(O3)CN)O)O)N)N
3760,DB13675,11259.0,CC1=C(C=C(C=C1)S(=O)(=O)NC(=O)NC2CCCCC2)N
3761,DB13676,4257.0,C1CCN2C(C1)NC(=O)C23CCN(CC3)CCCN4C5=CC=CC=C5CCC6=C4C=C(C=C6)Cl
3762,DB13677,2569.0,CC1=C(C(=O)C(=C(C1=O)N2CC2)C(COC(=O)N)OC)N3CC3
3763,DB13678,21788.0,C1CCC(CC1)C2(CCCCC2)C(=O)OCCN3CCCCC3
3764,DB13679,33036.0,CN(C)CCC(C1=CC=C(C=C1)Cl)C2=CC=CC=N2
3765,DB13681,30949.0,CCCCN(CCCC)CCNC1=NC(=NO1)C2=CC=CC=C2
3766,DB13682,5479539.0,CON=C(C1=CSC(=N1)N)C(=O)NC2C3N(C2=O)C(=C(CS3)C[N+]4=CC=CC5=C4CCC5)C(=O)[O-]
3767,DB13683,6857.0,CCCCC1=CC2=CC=CC=C2C(=N1)OCCN(C)C
3768,DB13684,3033988.0,CC(=C(C1=C(C=C(C=C1)Cl)Cl)OCCOC2=CC=C(C=C2)Cl)N3C=CN=C3
3769,DB13685,9842127.0,CC12CCC3C4CCC(=CC4=CCC3C1CCC2(C#C)O)OC5CCCC5
3770,DB13686,71807.0,CC1(C(N2C(S1)C(C2=O)NC(=O)C(C3=CC(=C(C=C3)Cl)Cl)OC)C(=O)O)C
3771,DB13687,71919.0,CC(CCN1CCN(CC1)C2=CC=C(C=C2)F)NC(=O)C3=CN=CC=C3
3772,DB13689,5283734.0,CC(C)C(CCC(C)C1CCC2C1(CCCC2=CC=C3CC(CC(C3=C)O)O)C)O
3773,DB13690,8024.0,C=COC=C
3774,DB13691,11765960.0,CC1C(C(CC(O1)OC2C(OC(CC2O)OC3C(OC(CC3O)OC4CCC5(C(C4)CCC6C5CC(C7(C6(CCC7C8=CC(=O)OC8)O)C)O)C)C)C)OC(=O)C)O
3775,DB13692,65772.0,COC1=CC(=CC(=C1OC)OC)CC2C3=CC(=C(C=C3CCN2)O)O
3776,DB13693,20055036.0,CC1(C(N2C(S1)C(C2=O)NC(=O)C(C3=CC=CC=C3)S(=O)(=O)O)C(=O)O)C
3777,DB13694,3116.0,C[N+]1=CC=CC(=C1)OC(=O)N(C)CCCCCCN(C)C(=O)OC2=C[N+](=CC=C2)C
3778,DB13695,6067.0,CC[N+](C)(CC)CCOC(=O)C(C1CCCC1)(C2=CC=CS2)O
3779,DB13699,3000579.0,C1=CC(=CC=C1N)S(=O)(=O)NC(=S)N
3780,DB13703,219105.0,CC(CC1=CC(=CC=C1)O)N
3781,DB13704,,
3782,DB13705,118984404.0,CC1CCC(C(C1)OC(=O)C[N+](C)(C)CCCCCCCCCC[N+](C)(C)CC(=O)OC2CC(CCC2C(C)C)C)C(C)C.[Cl-].[Cl-]
3783,DB13707,59996489.0,C(C(C(=O)[O-])O)(C(=O)[O-])O.[Na+].[Na+]
3784,DB13708,68548.0,C1=CC=C(C=C1)C2NC3=CC(=C(C=C3C(=O)N2)S(=O)(=O)N)Cl
3785,DB13710,3037705.0,CC1=CC(=O)CC2C1(C3CCC4(C(C3CC2)CCC4O)C)C
3786,DB13711,72145.0,CCOC1=C(C(=C(C2=C1C(OC2=O)C3C4=C(C5=C(C=C4CCN3C)OCO5)OC)N)OCC)OCC
3787,DB13713,65600.0,C1CN2CCC1C(C2)C(C3=CC=CC=C3)(C4=CC=CC=C4)O
3788,DB13715,3074.0,COC1=CC(=CC(=C1OC)OC)C(=O)OCCCN2CCCN(CC2)CCCOC(=O)C3=CC(=C(C(=C3)OC)OC)OC
3789,DB13718,121515.0,CCC1CN2CCC1CC2C(C3=C4C=C(C=CC4=NC=C3)OC)O
3790,DB13719,11499.0,C(CO[N+](=O)[O-])N(CCO[N+](=O)[O-])CCO[N+](=O)[O-]
3791,DB13720,6127.0,C[N+]1(CCC(=C(C2=CC=CC=C2)C3=CC=CC=C3)CC1)C
3792,DB13722,35935.0,CC(C1=CC(=C(C=C1)N2CC=CC2)Cl)C(=O)O
3793,DB13724,6433427.0,CSCC1CN(C(=O)O1)N=CC2=CC=C(O2)[N+](=O)[O-]
3794,DB13725,23480.0,CC(CC(C1=CC=CC=C1)C2=CC=CC=C2)NC(C)(C)C
3795,DB13726,5324.0,C1=CC(=CC=C1N)S(=O)(=O)N=C(N)N
3796,DB13728,9846332.0,CC1CC2C3CC(C4=CC(=O)C(=CC4(C3(C(CC2(C1(C(=O)CO)O)C)O)F)C)Cl)F
3797,DB13729,2536.0,CN(C)C(=O)COC(=O)CC1=CC=C(C=C1)OC(=O)C2=CC=C(C=C2)N=C(N)N
3798,DB13733,6494.0,CCC(C)(C#C)O
3799,DB13735,,
3800,DB13737,5838.0,CCC1(C(=O)NC(=O)NC1=O)C2=CCCCC2
3801,DB13738,5902.0,CCN(CC)CCNC(C1=CC=CC=C1)C(=O)OCCC(C)C
3802,DB13739,10250769.0,CC(=O)OCOC(=O)C1C(SC2N1C(=O)C2NC(=O)CC3=CC=CC=C3)(C)C
3803,DB13742,53395169.0,CC(C)CC1C(=O)NC(C(=O)NC(C(=O)NC(CCCCCC(=O)OCC(C(=O)NC(C(=O)N1)CC(=O)N)N)C(=O)NC(C(C)C)C(=O)NC(CC(C)C)C(=O)NCC(=O)NC(CCCCN)C(=O)NC(CC(C)C)C(=O)NC(CO)C(=O)NC(CCC(=O)N)C(=O)NC(CCC(=O)O)C(=O)NC(CC(C)C)C(=O)NC(CC2=CN=CN2)C(=O)NC(CCCCN)C(=O)NC(CC(C)C)C(=O)NC(CCC(=O)N)C(=O)NC(C(C)O)C(=O)NC(CC3=CC=C(C=C3)O)C(=O)N4CCCC4C(=O)NC(CCCNC(=N)N)C(=O)NC(C(C)O)C(=O)NC(CC(=O)O)C(=O)NC(C(C)C)C(=O)NCC(=O)NC(C)C(=O)NCC(=O)NC(C(C)O)C(=O)N5CCCC5C(=O)N)C(C)O)CO
3804,DB13743,46174112.0,O.O.[O-]S(=O)(=O)[S-].[O-]S(=O)(=O)[S-].[Na+].[Na+].[Na+].[Au+]
3805,DB13744,4855.0,CCN1C=C(C(=O)C2=CN=C(N=C21)N3CCCC3)C(=O)O
3806,DB13745,6321422.0,CC1=C(N(C2=CC=CC=[N+]12)N=NN3C4=CC=CC=[N+]4C(=C3C5=CC=CC=C5)C)C6=CC=CC=C6.[Br-].[Br-]
3807,DB13746,11442.0,CC1=C(C(=O)CC1OC(=O)C2C(C2(C)C)C=C(C)C)CC=C
3808,DB13749,71587201.0,C(C(C(C(C(C(=O)[O-])O)O)O)O)O.C(C(C(C(C(C(=O)[O-])O)O)O)O)O.O.O.[Mg+2]
3809,DB13751,14982.0,CC1(C2CCC3(C(C2(CCC1OC4C(C(C(C(O4)C(=O)O)O)O)OC5C(C(C(C(O5)C(=O)O)O)O)O)C)C(=O)C=C6C3(CCC7(C6CC(CC7)(C)C(=O)O)C)C)C)C
3810,DB13753,66384.0,C1CCCN(CC1)CCOC(=O)C(C2CCCCC2)C3=CSC=C3
3811,DB13754,6257.0,COC1=CC=CC=C1OCC2CNC(=O)O2
3812,DB13756,12314120.0,CC1C(C(C(C(O1)OC2CCC3(C(C2)CCC4C3CCC5(C4(CCC5C6=CC(=O)OC6)O)C)C=O)O)OC)O
3813,DB13757,72014.0,C1=CC=C(C(=C1)C#N)OCC(CNCCNC(=O)CC2=CC=C(C=C2)O)O
3814,DB13759,71490.0,C[N+]1(CCCCC1)CCC(C2=CC=CC=C2)(C3=CC=CC=C3)C(=O)N
3815,DB13760,66753191.0,CN(C)CC1=CC=C(O1)CSCCNC(=C[N+](=O)[O-])NCC2=CC3=C(C=C2)OCO3
3816,DB13762,9906855.0,CC1=C(C=CN=C1CS(=O)C2=NC3=CC=CC=C3N2)OCCCOC
3817,DB13766,3926.0,CC1=C(C(=CC=C1)C)NC(=O)CN2CCN(CC2)CCCC(C3=CC=C(C=C3)F)C4=CC=C(C=C4)F
3818,DB13767,6918191.0,CN1C2=C(C=CC(=C2)C(C3=CC=C(C=C3)Cl)N4C=NC=N4)N=N1
3819,DB13769,80084.0,CC[N+](C)(CC)CCOC(C1=CC=CC=C1)C2=CC=CC=C2.[I-]
3820,DB13770,72135.0,CCCC(C)C1(C(=O)NC(=O)NC1=O)C=C
3821,DB13772,58258.0,CN1CCN(CC1)C2=C(C=C3C4=C2SCCN4C=C(C3=O)C(=O)O)F
3822,DB13773,5330.0,COC1=NN=C(C=C1)NS(=O)(=O)C2=CC=C(C=C2)N
3823,DB13775,36920.0,CC(C)(C)NCC(COC1=CC=CC2=C1SCCC2)O
3824,DB13776,65050.0,C1C(C(OC1N2C=C(C(=NC2=O)N)I)CO)O
3825,DB13777,42396.0,CC(C)NCC(COC1=CC=C(C=C1)O)O
3826,DB13778,71736.0,CC1=NN=C(S1)SCC2=C(N3C(C(C3=O)NC(=O)CN4C=C(C(=O)C(=C4)Cl)Cl)SC2)C(=O)O
3827,DB13779,71835.0,C1=CC(=C(C(=C1)Cl)OCCNN=C(N)N)Cl
3828,DB13780,10390009.0,CC(C)(C(=O)[O-])OC1=CC=C(C=C1)Cl.CC(C)(C(=O)[O-])OC1=CC=C(C=C1)Cl.[OH-].[Al+3]
3829,DB13781,155774.0,C1COCCN1C(=O)NCCNCC(COC2=CC=C(C=C2)O)O
3830,DB13782,65589.0,C[N+](C)(CCCN1C2=CC=CC=C2CCC3=CC=CC=C31)[O-]
3831,DB13783,1981.0,CC1=C(C2=C(N1C(=O)C3=CC=C(C=C3)Cl)C=CC(=C2)OC)CC(=O)OCC(=O)O
3832,DB13784,17182.0,CC(CN1CCN(CC1)CCOCCO)CN2C3=CC=CC=C3SC4=CC=CC=C42
3833,DB13786,15930742.0,C1=C(NC(=O)NC1=O)C(=O)[O-].C1=C(NC(=O)NC1=O)C(=O)[O-].[Mg+2]
3834,DB13787,30131.0,CCOC(=O)C1(CCC=CC1N(C)C)C2=CC=CC=C2
3835,DB13791,33630.0,C1CN(CCC1(C2=CC(=C(C=C2)Cl)C(F)(F)F)O)CCCC(C3=CC=C(C=C3)F)C4=CC=C(C=C4)F
3836,DB13792,12492.0,CC1CCCC(N1NC(=O)C2=CC(=C(C=C2)Cl)S(=O)(=O)N)C
3837,DB13793,71203.0,CCC12CCCN3C1C4=C(CC3)C5=CC=CC=C5N4C(=O)C2
3838,DB13795,68760.0,COC1=CC(=CC(=C1Br)OC)CC2=CN=C(N=C2N)N
3839,DB13798,449224.0,CCC(C)C1C(=O)NC(C(=O)NC(C(=O)NC(CSSCCC(=O)NC(C(=O)N1)CC2=CC=C(C=C2)O)C(=O)N3CCCC3C(=O)NC(CC(C)C)C(=O)NCC(=O)N)CC(=O)N)CCC(=O)N
3840,DB13799,10630.0,CCN1C(=O)C(OC1=O)(C)C
3841,DB13800,53297379.0,CC(=O)CCC(=O)[O-].CC(=O)CCC(=O)[O-].[Ca+2]
3842,DB13801,41386.0,CC(C1=CC(=C(C=C1)Cl)Cl)N2C(=O)CC(=N2)N
3843,DB13803,26618.0,CC1=C(C(=CC=C1)C)NC(=O)C2=CC(=C(C=C2O)Cl)S(=O)(=O)N
3844,DB13804,685814.0,C1=CC=C(C=C1)CC2=CC(=O)NC(=S)N2
3845,DB13805,19254.0,CCC1(C(=O)NC(=O)NC1=O)C2=CC3CCC(C3)C2
3846,DB13807,135445058.0,C1=NNC2=C1C(=S)N=CN2
3847,DB13808,22530.0,CN1CCC2=C(C1)C3=CC=CC=C3N2CC4=CC=CC=C4
3848,DB13809,,
3849,DB13811,,
3850,DB13812,21850.0,CC(C)(CO)N.CN1C2=C(C(=O)N(C1=O)C)NC=N2
3851,DB13814,71447.0,CC1(C(N2C(S1)C(C2=O)NC(=O)C(C3=CC=CC=C3)N)C(=O)OC4C5=CC=CC=C5C(=O)O4)C
3852,DB13816,71961.0,CC1(C(N2C(S1)C(C2=O)NC(=O)C(C3=CC=C(C=C3)O)NC(=O)C(CC(=O)NC)N)C(=O)O)C
3853,DB13817,6488.0,CCC(CC)(C(=O)NC(=O)N)Br
3854,DB13820,19396.0,CC(CN1C2=CC=CC=C2S(=O)(=O)C3=CC=CC=C31)CN(C)C
3855,DB13821,65755.0,C1C(=C(N2C(S1)C(C2=O)NC(=O)CN3C=NN=N3)C(=O)O)CSC4=NN=CS4
3856,DB13823,4831.0,CCN1C=C(C(=O)C2=CN=C(N=C21)N3CCNCC3)C(=O)O
3857,DB13824,9978336.0,COC(=O)CCC=C=CCC1C(C(CC1=O)O)C=CC(COC2=CC=CC=C2)O
3858,DB13829,73415800.0,O[Si](O)(O)[O-].O[Si](O)(O)[O-].[Ca+2]
3859,DB13831,516875.0,[O-][Mn](=O)(=O)=O.[K+]
3860,DB13832,71741.0,COC1C(C(C(C(O1)CNC(=O)N(CCCl)N=O)O)O)O
3861,DB13835,65709.0,CCN(CC)CCN1C2=CC=CC=C2N=C(C1=O)CC3=CC=C(C=C3)OC
3862,DB13836,6713928.0,CC1(C(N2C(S1)C(C2=O)NC(=O)C(C3=CC=CC=C3)N=C)C(=O)O)C
3863,DB13837,38668.0,C1=CC=C(C(=C1)C2=NC(C(=O)N(C3=C2C=C(C=C3)Cl)CCO)O)F
3864,DB13840,16406.0,CC(CN1C2=CC=CC=C2SC3=CC=CC=C31)[N+](C)(C)CCO
3865,DB13841,12454.0,C1CN(CCN1CCC=C2C3=CC=CC=C3SC4=C2C=C(C=C4)Cl)CCO
3866,DB13843,5284535.0,CC12CC(C3C(C1CCC2(C(=O)CO)O)C=C(C4=CC(=O)C=CC34C)Cl)O
3867,DB13844,4832.0,CC[N+]1(CCCC(C1)OC(=O)C(C2=CC=CC=C2)(C3=CC=CC=C3)O)C
3868,DB13845,3275.0,CCN(CC)CCOC1=CC=CC=C1C(=O)CCC2=CC=CC=C2
3869,DB13846,8669.0,C1CCN(C1)CC=C(CC2=CC=C(C=C2)Cl)C3=CC=CC=C3
3870,DB13848,56494.0,C1=C(C(=CC(=C1O)O)F)CC(C(=O)O)N
3871,DB13849,160134.0,CC(C)(C(=O)OCCCC(=O)N(C)C)OC1=CC=C(C=C1)Cl
3872,DB13850,5476.0,C[N+]1(CC(CC(=C(C2=CC=CS2)C3=CC=CS3)C1)OC)C
3873,DB13851,3000469.0,CCOC1C(C2CCC(C3C24C(O1)OC(CC3)(OO4)C)C)C
3874,DB13852,21777.0,CC(CC1=CC=CC=C1)NCCCCl
3875,DB13854,5280933.0,CCCCCC=CCC=CCC=CCCCCC(=O)O
3876,DB13856,76962649.0,CC12CC(C3(C(C1CC(C2(C(=O)CO)O)O)CC(C4=CC(=O)C=CC43C)F)Cl)Cl
3877,DB13857,93057.0,CC(=O)C1(CCC2C1(CCC3=C4CCC(=O)C=C4CCC23)C)C
3878,DB13860,66830803.0,C1=CC=C(C(=C1)C(=O)O)[O-].C1=C[NH+]=CN1
3879,DB13862,24439.0,[O-]P(=O)([O-])[O-].[O-]P(=O)([O-])[O-].[Mg+2].[Mg+2].[Mg+2]
3880,DB13863,84951.0,C(C(C(C(C(=O)COP(=O)(O)O)O)O)O)OP(=O)(O)O
3881,DB13866,14687.0,CC12CCC3C(C1CCC2(C#C)O)CCC4=CC(CCC34)O
3882,DB13867,5311101.0,CC1CC2C3CC(C4=CC(=O)C=CC4(C3(C(CC2(C1(C(=O)SCF)O)C)O)F)C)F
3883,DB13868,60172.0,C1=NC(=C2C(=N1)N(C=N2)CCOCP(=O)(O)O)N
3884,DB13871,83969.0,CCCS(=O)C1=CC2=C(C=C1)N=C(N2)NC(=O)OC
3885,DB13872,13314.0,CN1C2=C(C=C(C=C2)Cl)C(=NC(C1=O)O)C3=CC=CC=C3Cl
3886,DB13873,64929.0,CC(C)(C(=O)O)OC1=CC=C(C=C1)C(=O)C2=CC=C(C=C2)Cl
3887,DB13874,89683805.0,CC(C)(CNC1=NC(=NC(=N1)C2=NC(=CC=C2)C(F)(F)F)NC3=CC(=NC=C3)C(F)(F)F)O
3888,DB13875,3564.0,CC1=NCCC2=C1NC3=C2C=CC(=C3)OC
3889,DB13876,44571.0,COC1=CC(=C2C(=C1)C=C(O2)C3CCNCC3)Br
3890,DB13877,9796068.0,C1=CC(=C(C=C1C(=O)N)[N+](=O)[O-])I
3891,DB13878,58031952.0,CC(C(C(=O)N1CCCC1C2=NC3=C(N2)C=C(C(=C3)F)C4CCC(N4C5=CC(=C(C(=C5)F)N6CCC(CC6)C7=CC=C(C=C7)F)F)C8=CC9=C(C=C8F)N=C(N9)C1CCCN1C(=O)C(C(C)OC)NC(=O)OC)NC(=O)OC)OC
3892,DB13879,66828839.0,CC1(CC1)S(=O)(=O)NC(=O)C2(CC2C(F)F)NC(=O)C3CC4CN3C(=O)C(NC(=O)OC5CCCC5OCC=CC(C6=NC7=CC=CC=C7N=C6O4)(F)F)C(C)(C)C
3893,DB13884,,
3894,DB13886,,
3895,DB13896,,
3896,DB13909,73415769.0,C1=C(C=C(C(=C1O)[O-])[O-])C(=O)O.[OH-].[Bi+3]
3897,DB13910,129891194.0,CCCC(CCC)C(=O)O[Bi](OC(=O)C(CCC)CCC)OC(=O)C(CCC)CCC
3898,DB13912,54697785.0,CC1=CC=C(N1)C(=O)OC2C(C(OC(C2OC)(C)C)OC3=C(C4=C(C=C3)C(=C(C(=O)O4)NC(=O)C5=CNC(=C5C)C(=O)NC6=C(C7=C(C(=C(C=C7)OC8C(C(C(C(O8)(C)C)OC)OC(=O)C9=CC=C(N9)C)O)C)OC6=O)O)O)C)O
3899,DB13916,11824.0,C1=C(C2=C(N=CN=C2N1C3C(C(C(O3)CO)O)O)N)C#N
3900,DB13917,4382.0,CNCCC1=CC(=C(C=C1)O)O
3901,DB13919,2541.0,CCOC1=NC2=CC=CC(=C2N1CC3=CC=C(C=C3)C4=CC=CC=C4C5=NNN=N5)C(=O)O
3902,DB13923,,
3903,DB13924,,
3904,DB13925,165339268.0,[H+].CC(C1C(=O)NC(CSSCC(C(=O)NC(C(=O)NC(C(=O)NC(C(=O)N1)CCCCN)CC2=CNC3=CC=CC=C32)CC4=CC=C(C=C4)O)NC(=O)C(CC5=CC=CC=C5)NC(=O)CN6CCN(CCN(CCN(CC6)CC(=O)[O-])CC(=O)[O-])CC(=O)[O-])C(=O)NC(C(C)O)C(=O)[O-])O.[Ga+3]
3905,DB13928,,
3906,DB13929,60943.0,COC1=C(C=C(C=C1)S(=O)(=O)N2C(C(C3=C2C=CC(=C3)Cl)(C4=CC=CC=C4Cl)O)C(=O)N5CCCC5C(=O)N)OC
3907,DB13933,,
3908,DB13940,10264356.0,CCSC1=C(C=C(C(=C1)OC)CC(C)N)OC
3909,DB13941,122262.0,C1CN(CCN1CCCN2CCN(CC2)C3=C4C=CC(=CC4=NC=C3)Cl)C5=C6C=CC(=CC6=NC=C5)Cl
3910,DB13943,441404.0,CC12CCC3C(C1CCC2OC(=O)CCC4CCCC4)CCC5=CC(=O)CCC35C
3911,DB13944,9416.0,CCCCCCC(=O)OC1CCC2C1(CCC3C2CCC4=CC(=O)CCC34C)C
3912,DB13946,65157.0,CCCCCCCCCCC(=O)OC1CCC2C1(CCC3C2CCC4=CC(=O)CCC34C)C
3913,DB13947,76971566.0,CCCCCCC(=O)OC1CCC2C1(CCC3C2CCC4=CC(=NNC(=O)C(C5=CC=CC=C5)(C6=CC=CC=C6)O)CCC34C)C
3914,DB13948,90489020.0,COC1=CC(=C(C=C1CCNCC2=CC=CC=C2O)OC)C#N
3915,DB13949,29936.0,[Fe+3]
3916,DB13950,5311501.0,CC1=C(C2=C3N1C(COC3=CC=C2)CN4CCOCC4)C(=O)C5=CC=CC6=CC=CC=C65
3917,DB13951,11809740.0,CC(=O)OC1CCC2C1(CCC3C2CCC4C3(CCC(=O)C4)C)C
3918,DB13952,9818306.0,CC(=O)OC1=CC2=C(C=C1)C3CCC4(C(C3CC2)CCC4O)C
3919,DB13953,222757.0,CC12CCC3C(C1CCC2O)CCC4=C3C=CC(=C4)OC(=O)C5=CC=CC=C5
3920,DB13954,9403.0,CC12CCC3C(C1CCC2OC(=O)CCC4CCCC4)CCC5=C3C=CC(=C5)O
3921,DB13955,165688.0,CCCCCCC(=O)OC1CCC2C1(CCC3C2CCC4=C3C=CC(=C4)OC(=O)CCCCCC)C
3922,DB13956,13791.0,CCCCC(=O)OC1CCC2C1(CCC3C2CCC4=C3C=CC(=C4)O)C
3923,DB13958,10246085.0,CC1CC2=CC(=O)CCC2C3C1C4CCC(C4(CC3)C)OC(=O)C
3924,DB13961,,
3925,DB13967,77074.0,CCN(CC)C1=CC=C(C=C1)C(=C2C=CC(=[N+](CC)CC)C=C2)C3=CC(=C(C=C3S(=O)(=O)O)S(=O)(=O)O)O
3926,DB13975,,
3927,DB13976,,
3928,DB13977,516886.0,C(=O)([O-])[O-].[K+].[K+]
3929,DB13979,,
3930,DB13981,91668.0,CC1=CC2C(CCC3(C2CCC3(C(=O)C)OC(=O)C)C)C4C1=CC(=O)CC4
3931,DB13984,6351.0,C1CC1
3932,DB13985,121225499.0,CC(C1C(=O)NC(CSSCC(C(=O)NC(C(=O)NC(C(=O)NC(C(=O)N1)CCCCN)CC2=CNC3=CC=CC=C32)CC4=CC=C(C=C4)O)NC(=O)C(CC5=CC=CC=C5)NC(=O)CN6CCN(CCN(CCN(CC6)CC(=O)[O-])CC(=O)[O-])CC(=O)[O-])C(=O)NC(C(C)O)C(=O)O)O.[Lu+3]
3933,DB13989,15671.0,C1=C2C(=CC(=C1Cl)S(=O)(=O)N)S(=O)(=O)NC(N2)CSCC(F)(F)F
3934,DB13993,22609888.0,CN1C(=NC=N1)COC2=NN3C(=NN=C3C4=C(C=CC=C4F)F)C=C2C5CCC5
3935,DB13995,145994608.0,C(C(=O)[O-])C(CC(=O)[O-])(C(=O)[O-])O.C(C(=O)[O-])C(CC(=O)[O-])(C(=O)[O-])O.C(C(=O)[O-])C(CC(=O)[O-])(C(=O)[O-])O.OP(=O)(O)OP(=O)(O)O.OP(=O)(O)OP(=O)(O)O.OP(=O)([O-])OP(=O)([O-])[O-].[Fe+3].[Fe+3].[Fe+3].[Fe+3]
3936,DB13996,517043.0,CC(=O)[O-].CC(=O)[O-].[Mg+2]
3937,DB13997,124081896.0,COC(=O)OCOC1=C2C(=O)N3CCOCC3N(N2C=CC1=O)C4C5=C(CSC6=CC=CC=C46)C(=C(C=C5)F)F
3938,DB13999,,
3939,DB14001,20353.0,CC1=C(C(=C(C2=C1OC(CC2)(C)CCCC(C)CCCC(C)CCCC(C)C)C)OC(=O)CCC(=O)O)C
3940,DB14002,86472.0,CC1=C(C(=C(C2=C1OC(CC2)(C)CCCC(C)CCCC(C)CCCC(C)C)C)OC(=O)C)C
3941,DB14003,,
3942,DB14004,,
3943,DB14006,54686350.0,C[N+](C)(C)CCO.C1=CC=C(C(=C1)C(=O)O)[O-]
3944,DB14007,3053.0,C(CN(CC(=O)O)CC(=O)O)N(CCN(CC(=O)O)CC(=O)O)CC(=O)O
3945,DB14009,,
3946,DB14010,1832.0,CN(C)CCC1=CNC2=C1C=C(C=C2)OC
3947,DB14011,9852188.0,CCCCCC1=CC(=C(C(=C1)O)C2C=C(CCC2C(=C)C)C)O.CCCCCC1=CC(=C2C3C=C(CCC3C(OC2=C1)(C)C)C)O
3948,DB14012,,
3949,DB14015,23665763.0,OS(=O)[O-].[Na+]
3950,DB14016,,
3951,DB14018,11808.0,CN1C2=C(C(=O)N(C1=O)C)NC(=N2)Br
3952,DB14019,71544786.0,CC1=CC=CC=C1C2=CC(=NC=C2N(C)C(=O)C(C)(C)C3=CC(=CC(=C3)C(F)(F)F)C(F)(F)F)N4CC[N+](CC4)(C)COP(=O)(O)[O-]
3953,DB14022,,
3954,DB14025,4921596.0,C1CC1N2C=C(C(=O)C3=CC(=C(C(=C32)Cl)N4CCC(C4)[NH3+])F)C(=O)[O-]
3955,DB14026,5443.0,C1=CC=C(C(=C1)C(=O)O)S
3956,DB14027,56842233.0,CCC(C)C(C(=O)NC(C)C(=O)NC(CC1=CNC2=CC=CC=C21)C(=O)NC(CC(C)C)C(=O)NC(C(C)C)C(=O)NC(CCCCN)C(=O)NC(C)(C)C(=O)NC(CCCNC(=N)N)C(=O)N)NC(=O)C(CC3=CC=CC=C3)NC(=O)C(CCC(=O)O)NC(=O)C(CCCCN)NC(=O)C(C)NC(=O)C(C)NC(=O)C(CCC(=O)N)NC(=O)CNC(=O)C(CCC(=O)O)NC(=O)C(CC(C)C)NC(=O)C(CC4=CC=C(C=C4)O)NC(=O)C(CO)NC(=O)C(CO)NC(=O)C(C(C)C)NC(=O)C(CC(=O)O)NC(=O)C(CO)NC(=O)C(C(C)O)NC(=O)C(CC5=CC=CC=C5)NC(=O)C(C(C)O)NC(=O)CNC(=O)C(CCC(=O)O)NC(=O)C(C)(C)NC(=O)C(CC6=CN=CN6)N
3957,DB14028,2997.0,C1C(=O)NC2=C(C=C(C=C2)Cl)C(=N1)C3=CC=CC=C3
3958,DB14029,44404226.0,C1CC2C(CC1N2)C3=CC(=C(N=C3)F)C4=CC=C(C=C4)C#N
3959,DB14031,5799.0,C1CN1C2=NC(=NC(=N2)N3CC3)N4CC4
3960,DB14033,6662.0,CC1=C(ON=C1C)N(C(=O)C)S(=O)(=O)C2=CC=C(C=C2)N
3961,DB14035,6918151.0,C1CC2=C(C=CC(=C2)CC3C(=O)NC(=O)S3)OC1CC4=CC=CC=C4
3962,DB14039,,
3963,DB14040,,
3964,DB14041,,
3965,DB14042,,
3966,DB14043,4671.0,CCCCCCCCCCCCCCCC(=O)NCCO
3967,DB14048,134694335.0,[O-][Si]1(O[Si](O[Si](O1)([O-])[O-])([O-])[O-])[O-].[Na+].[Na+].[Zr]
3968,DB14049,943.0,[N+](=O)([O-])[O-]
3969,DB14050,11601669.0,CCCC1=CC(=C(C(=C1)O)C2C=C(CCC2C(=C)C)C)O
3970,DB14051,,
3971,DB14052,132282519.0,CCC(C)CCC=CC=CC(=O)NC(C(C)C(=O)O)C(=O)NC1C(NC(=O)C2CC(CN2C(=O)C(NC(=O)C(NC(=O)CNC(=O)C(NC(=O)C(NC(=O)C(NC(=O)C(NC1=O)C(C)C)CCCCN)C(C(=O)O)O)CC(=O)O)C(C)C(=O)O)C(C)C)C)C
3972,DB14055,54688261.0,CC(=O)CC(C1=CC=CC=C1)C2=C(C3=CC=CC=C3OC2=O)O
3973,DB14056,34230.0,CC1CCC(OC1C(C)C(=O)O)CC2CC(C(C3(O2)C(CC(O3)(C)C4CCC(O4)(C)C5C(CC(O5)C6C(CC(C(O6)(CO)O)C)C)C)C)C)OC
3974,DB14057,3000706.0,CC1C(=O)NC(C(=O)OC(C(=O)NC(C(=O)OC(C(=O)NC(C(=O)OC(C(=O)NC(C(=O)OC(C(=O)NC(C(=O)OC(C(=O)NC(C(=O)O1)C(C)C)C(C)C)C(C)C)C)C(C)C)C(C)C)C(C)C)C)C(C)C)C(C)C)C(C)C
3975,DB14058,51351746.0,CCC(C)C1C(=O)NC(C(=O)NC(C(=O)N(C(C(=O)N2CCCC2C(=O)NC(C(=O)N(C(C(=O)NC(C(=O)N(C(C(=O)O1)C(C)C)C)CC(C)C)C(C)C)C)C(C)C(C)C)CC3=CC=CC=C3)C)CC4=CC=CC=C4)C(C)C
3976,DB14059,9865808.0,C1=CC(=CC=C1C2=CC(=NN2C3=CC=C(C=C3)S(=O)(=O)N)C(F)(F)F)Cl
3977,DB14060,4553.0,CS(=O)(=O)NC1=C(C=C(C=C1)[N+](=O)[O-])OC2CCCCC2
3978,DB14063,65808.0,CC(C)C(CCCN(C)CCC1=CC(=C(C=C1)OC)OC)(C#N)C2=CC(=C(C=C2)OC)OC
3979,DB14064,71225.0,CC(C)C(CCCN(C)CCC1=CC=CC=C1)(C#N)C2=CC=CC=C2
3980,DB14065,3949.0,COC1=C(C(=C(C=C1)CN2CCN(CC2)C(C3=CC=C(C=C3)F)C4=CC=C(C=C4)F)OC)OC
3981,DB14066,73078.0,CN1CCC2=CC(=C3C=C2C1CC4=CC=C(C=C4)OC5=C(C=CC(=C5)CC6C7=C(O3)C(=C(C=C7CCN6C)OC)OC)OC)OC
3982,DB14067,213040.0,C1CN(CCN1CC(COC2=CC=CC3=C2C=CC=N3)O)C(=O)C(C4=CC=CC=C4)C5=CC=CC=C5
3983,DB14068,6918097.0,CC1=C(C(C(=C(N1)C)C(=O)OCCCN2CCC(CC2)(C3=CC=CC=C3)C4=CC=CC=C4)C5=CC(=CC=C5)[N+](=O)[O-])C(=O)OC
3984,DB14069,6450807.0,CCOCC=CC1=CC=C(C=C1)C2=NC(=C(N2)C3=CC=C(C=C3)NC(C)C)C4=CC=C(C=C4)NC(C)C
3985,DB14071,114743.0,C1CC(C2=CC=CC=C2C1C3=CC(=C(C=C3)Cl)Cl)N
3986,DB14074,125098.0,CCC(C)OC(=O)N1CCCCC1CCO
3987,DB14093,91667979.0,CC12CCC3C(C1CCC2O)CCC4=CC(=O)CCC34C
3988,DB14094,2734086.0,CC1=C(C(=O)C(=C(C1=O)C)CCC(C)(CCCC(C)CCCC(C)CCCC(C)C)O)C
3989,DB14125,5463984.0,C1CC2=CC=CC=C2N(C(=O)C1NC(CCC3=CC=CC=C3)C(=O)O)CC(=O)O
3990,DB14126,464205.0,CC(CN1C=NC2=C(N=CN=C21)N)OCP(=O)(O)O
3991,DB14132,10661.0,CN1C2=C(C(=O)N(C1=O)C)NC(=N2)Cl
3992,DB14184,637511.0,C1=CC=C(C=C1)C=CC=O
3993,DB14185,49831411.0,CCCCCCCCCCCC(=O)OCN1C(=O)CCC2=C1C=C(C=C2)OCCCCN3CCN(CC3)C4=C(C(=CC=C4)Cl)Cl
3994,DB14186,5315892.0,C1=CC=C(C=C1)C=CCO
3995,DB14193,26633.0,CCN(CC)C(=S)[S-].CCN(CC)C(=S)[S-].[Zn+2]
3996,DB14194,8684.0,CCCCN(CCCC)C(=S)[S-].CCCCN(CCCC)C(=S)[S-].[Zn+2]
3997,DB14207,62956.0,C1CCC(CC1)C2CC(N(C2)C(=O)CP(=O)(CCCCC3=CC=CC=C3)O)C(=O)O
3998,DB14208,5464096.0,CC(C(=O)N1C2CCCC2CC1C(=O)O)NC(CCC3=CC=CC=C3)C(=O)O
3999,DB14209,5464097.0,CC(C(=O)N1C2CCCCC2CC1C(=O)O)NC(CCC3=CC=CC=C3)C(=O)O
4000,DB14210,55331.0,CC(C(=O)N1CC2=CC(=C(C=C2CC1C(=O)O)OC)OC)NC(CCC3=CC=CC=C3)C(=O)O
4001,DB14211,,
4002,DB14213,72022.0,CCCC(C(=O)O)NC(C)C(=O)N1C2CCCCC2CC1C(=O)O
4003,DB14217,107994.0,CC(C(=O)N1CC2=CC=CC=C2CC1C(=O)O)NC(CCC3=CC=CC=C3)C(=O)O
4004,DB14219,5369209.0,COC(=O)C=CC(=O)O
4005,DB14231,,
4006,DB14232,69046.0,C1=CC=NC(=C1)C(C2=CC=C(C=C2)O)C3=CC=C(C=C3)O
4007,DB14240,,
4008,DB14256,,
4009,DB14337,,
4010,DB14384,,
4011,DB14385,,
4012,DB14394,,
4013,DB14409,,
4014,DB14443,,
4015,DB14445,,
4016,DB14449,,
4017,DB14473,,
4018,DB14476,2116.0,CC1=C(C2=C(CCC(O2)(C)CCCC(C)CCCC(C)CCCC(C)C)C(=C1O)C)C
4019,DB14479,12114682.0,CC(=O)NC(CS)C(=O)[O-].CC(=O)NC(CS)C(=O)[O-].[Zn+2]
4020,DB14481,104805.0,O.O.OP(=O)([O-])[O-].[Ca+2]
4021,DB14482,54685048.0,C(C(C1C(=C(C(=O)O1)[O-])O)O)O.[Na+]
4022,DB14483,54740489.0,C(C(C1C(=C(C(=O)O1)[O-])O)O)O.C(C(C1C(=C(C(=O)O1)[O-])O)O)O.[Ca+2]
4023,DB14484,54682511.0,C(C(C1C(=C(C(=O)O1)[O-])O)O)O.C(C(C1C(=C(C(=O)O1)[O-])O)O)O.[Mg+2]
4024,DB14485,101160349.0,C(C(C1C(=C(C(=O)O1)O)O)O)O.C(C(C1C(=C(C(=O)O1)[O-])[O-])O)O.[Zn+2]
4025,DB14486,54710212.0,C1=CC(=CN=C1)C(=O)N.C(C(C1C(=C(C(=O)O1)O)O)O)O
4026,DB14487,11192.0,CC(=O)[O-].CC(=O)[O-].[Zn+2]
4027,DB14488,23616740.0,C(C(C(C(C(C(=O)[O-])O)O)O)O)O.C(C(C(C(C(C(=O)[O-])O)O)O)O)O.[Fe+2]
4028,DB14489,10464762.0,C(CC(=O)[O-])C(=O)[O-].[Fe+2]
4029,DB14490,101033550.0,C(C(C1C(=C(C(=O)O1)O)O)O)O.C(C(C1C(=C(C(=O)O1)[O-])[O-])O)O.[Fe+2]
4030,DB14491,6433164.0,C(=CC(=O)[O-])C(=O)[O-].[Fe+2]
4031,DB14492,105053.0,[K+].I[I-]I
4032,DB14493,151910.0,C(C(=O)[O-])N.C(C(=O)[O-])N.[Zn+2]
4033,DB14498,517044.0,CC(=O)[O-].[K+]
4034,DB14499,24507.0,[O-]S(=O)(=O)[O-].[K+].[K+]
4035,DB14500,,
4036,DB14502,21924748.0,[H+].[O-]P(=O)([O-])[O-].[Na+].[Na+]
4037,DB14503,,
4038,DB14504,,
4039,DB14506,3939.0,[Li+].[OH-]
4040,DB14507,5129076.0,[Li+].[Li+].[Li+].C(C(=O)[O-])C(CC(=O)[O-])(C(=O)[O-])O
4041,DB14509,516884.0,[Li+].[Li+].C(=O)([O-])[O-]
4042,DB14512,441336.0,CC1CC2C3CCC4=CC(=O)C=CC4(C3(C(CC2(C1(C(=O)CCl)OC(=O)C5=CC=CO5)C)O)Cl)C
4043,DB14513,,
4044,DB14514,11586912.0,CC(=O)CCC(=O)[O-].CC(=O)CCC(=O)[O-].[Mg+2]
4045,DB14515,6536825.0,CC(C(=O)[O-])O.CC(C(=O)[O-])O.[Mg+2]
4046,DB14516,923.0,[Na+]
4047,DB14517,64655.0,[O-]P(=O)([O-])[O-].[Al+3]
4048,DB14519,104727.0,[Al+3]
4049,DB14520,90478690.0,C(C(=O)[O-])C(CC(=O)[O-])(C(=O)[O-])[O-].C(C(=O)[O-])C(CC(=O)[O-])(C(=O)[O-])[O-].C(C(=O)[O-])C(CC(=O)[O-])(C(=O)[O-])[O-].O.O.O.O.O.O.O.O.O.O.[Fe+3].[Fe+3].[Fe+3].[Fe+3]
4050,DB14521,104755.0,[Ag+]
4051,DB14523,1061.0,[O-]P(=O)([O-])[O-]
4052,DB14526,6453431.0,C(C(=O)[O-])C(CC(=O)[O-])(C(=O)[O-])O.[Cr+3]
4053,DB14527,24598.0,[N+](=O)([O-])[O-].[N+](=O)([O-])[O-].[N+](=O)([O-])[O-].[Cr+3]
4054,DB14528,71587119.0,C(C(C(C(C(C(=O)[O-])O)O)O)O)O.C(C(C(C(C(C(=O)[O-])O)O)O)O)O.C(C(C(C(C(C(=O)[O-])O)O)O)O)O.[Cr+3]
4055,DB14529,9909912.0,C1=CC(=CN=C1)C(=O)[O-].C1=CC(=CN=C1)C(=O)[O-].C1=CC(=CN=C1)C(=O)[O-].[Cr+3]
4056,DB14530,61686.0,[O-]S(=O)(=O)[O-].[Cr+2]
4057,DB14533,3007855.0,[Cl-].[Cl-].[Zn+2]
4058,DB14538,68921.0,CCC(=O)OC1(CCC2C1(CC(C3C2CCC4=CC(=O)CCC34C)O)C)C(=O)COC(=O)C
4059,DB14539,5744.0,CC(=O)OCC(=O)C1(CCC2C1(CC(C3C2CCC4=CC(=O)CCC34C)O)C)O
4060,DB14540,26133.0,CCCC(=O)OC1(CCC2C1(CC(C3C2CCC4=CC(=O)CCC34C)O)C)C(=O)CO
4061,DB14541,223253.0,CC12CCC(=O)C=C1CCC3C2C(CC4(C3CCC4(C(=O)COC(=O)CCC5CCCC5)O)C)O
4062,DB14542,441407.0,CC12CCC(=O)C=C1CCC3C2C(CC4(C3CCC4(C(=O)COP(=O)(O)O)O)C)O
4063,DB14543,636398.0,CCCC(=O)OC1(CCC2C1(CC(C3C2CCC4=CC(=O)CCC34C)O)C)C(=O)COC(=O)CC
4064,DB14544,5282494.0,CCCCC(=O)OC1(CCC2C1(CC(C3C2CCC4=CC(=O)CCC34C)O)C)C(=O)CO
4065,DB14545,16623.0,CC12CCC(=O)C=C1CCC3C2C(CC4(C3CCC4(C(=O)COC(=O)CCC(=O)O)O)C)O
4066,DB14546,1117.0,[O-]S(=O)(=O)[O-]
4067,DB14547,312.0,[Cl-]
4068,DB14548,,
4069,DB14562,,
4070,DB14568,71657455.0,C1CC(=O)N(C1C(=O)N(C2=CC(=CN=C2)F)C(C3=CC=CC=C3Cl)C(=O)NC4CC(C4)(F)F)C5=NC=CC(=C5)C#N
4071,DB14569,11234049.0,CN1N=C(N=N1)C2=NC=C(C=C2)C3=C(C=C(C=C3)N4CC(OC4=O)CO)F
4072,DB14570,6238.0,CC(=O)C1(CCC2C1(CCC3C2CCC4=CC(=O)CCC34C)C)O
4073,DB14575,9881504.0,C1C(C2=CC=CC=C2N(C3=CC=CC=C31)C(=O)N)O
4074,DB14577,271.0,[Ca+2]
4075,DB14579,104897.0,[La+3]
4076,DB14580,,
4077,DB14583,108059.0,CC(=O)C1(C(=C)CC2C1(CCC3C2CCC4=CC(=O)CCC34)C)OC(=O)C
4078,DB14585,,
4079,DB14596,444025.0,CCOC(=O)OC1(CCC2C1(CC(C3C2CCC4=CC(=O)C=CC34C)O)C)C(=O)OCCl
4080,DB14597,,
4081,DB14598,129627867.0,C(CN(CC(=O)[O-])CC(=O)[O-])N(CC(=O)[O-])CC(=O)[O-].[Na+].[Na+].[Ca+2]
4082,DB14600,18401221.0,[H+].[H+].C(CN(CC(=O)[O-])CC(=O)[O-])N(CC(=O)[O-])CC(=O)[O-].[Na+].[Na+]
4083,DB14619,,
4084,DB14620,,
4085,DB14627,8269.0,CC(=O)OC1=CC=C(C=C1)C2(C3=CC=CC=C3NC2=O)C4=CC=C(C=C4)OC(=O)C
4086,DB14631,72078.0,CC12CC(C3C(C1CCC2(C(=O)COP(=O)(O)O)O)CCC4=CC(=O)C=CC34C)O
4087,DB14633,656804.0,CC12CC(C3C(C1CCC2(C(=O)COC(=O)CCC(=O)O)O)CCC4=CC(=O)C=CC34C)O
4088,DB14634,9980241.0,CC(=O)OCC(=O)C1(C(=C)CC2C1(CC(C3(C2CCC4=CC(=O)C=CC43C)F)O)C)O
4089,DB14635,66645351.0,COC1=C(C=CC(=C1)C=CC(=O)CC(=O)C=CC2=CC(=C(C=C2)OS(=O)(=O)O)OC)O
4090,DB14642,644076.0,C1CC(N(C1)C(=O)C2CSSCC(C(=O)NC(C(=O)NC(C(=O)NC(C(=O)NC(C(=O)N2)CC(=O)N)CCC(=O)N)CC3=CC=CC=C3)CC4=CC=C(C=C4)O)N)C(=O)NC(CCCCN)C(=O)NCC(=O)N
4091,DB14643,63019.0,CCC(=O)OC1(CCC2C1(CC(C3C2CC(C4=CC(=O)C=CC34C)C)O)C)C(=O)COC(=O)C
4092,DB14644,16923.0,CC1CC2C3CCC(C3(CC(C2C4(C1=CC(=O)C=C4)C)O)C)(C(=O)COC(=O)CCC(=O)O)O
4093,DB14646,91438.0,CC(=O)OCC(=O)C1(CCC2C1(CC(=O)C3C2CCC4=CC(=O)C=CC34C)C)O
4094,DB14651,62871.0,CCCCCCC(=O)OCCN1CCN(CC1)CCCN2C3=CC=CC=C3SC4=C2C=C(C=C4)Cl
4095,DB14652,11954353.0,CC1CC2C3CC(C4=CC(=O)C=CC4(C3(C(CC2(C1C(=O)COC(=O)C)C)O)Cl)C)F
4096,DB14655,224004.0,CCC(=O)OC1CCC2C1(CCC3C2CCC4C3(CC(C(=O)C4)C)C)C
4097,DB14659,250948.0,CC1=CC2C(CCC3(C2CC(=C)C3(C(=O)C)OC(=O)C)C)C4(C1=CC(=O)CC4)C
4098,DB14669,107782.0,CC1CC2C3CCC4=CC(=O)C=CC4(C3(C(CC2(C1(C(=O)COP(=O)(O)O)O)C)O)F)C
4099,DB14672,102697.0,CC(=O)OC1C(=O)NC2=C(C=C(C=C2)Cl)C(=N1)C3=CC=CC=C3
4100,DB14678,229295.0,CCCCCCC(=O)OC1(CCC2C1(CCC3C2CCC4=CC(=O)CCC34)C)C#C
4101,DB14679,18142.0,CC(=O)OC1(CCC2C1(CCC3C2CC=C4C3CCC(=C4)OC5CCCC5)C)C#C
4102,DB14680,5351344.0,COC1=C(C=C(C=C1)C=CC2=CC(=C(C(=C2)OC)OC)OC)O
4103,DB14681,222786.0,CC12CCC(=O)C=C1CCC3C2C(=O)CC4(C3CCC4(C(=O)CO)O)C
4104,DB14684,,
4105,DB14685,,
4106,DB14695,9793696.0,[OH-].[O-2].[Fe+3]
4107,DB14700,,
4108,DB14707,,
4109,DB14708,31388.0,CC1=CC=C(C=C1)S(=O)(=O)NCl
4110,DB14711,,
4111,DB14712,,
4112,DB14713,,
4113,DB14715,629281.0,C1=CC=C(C(=C1)C2=NC(C(=O)NC3=C2C=C(C=C3)Br)OC(=O)CCC(=O)O)Cl
4114,DB14718,12562545.0,CC1=NN=C2N1C3=C(C=C(C=C3)Br)C(=NC2)C4=CC=CC=N4
4115,DB14719,135412795.0,C1CCC2=C(C1)C3=C(S2)NC(=O)CN=C3C4=CC=CC=C4
4116,DB14723,46188928.0,C1CC(N(C1)C2=NC3=C(C=NN3C=C2)NC(=O)N4CCC(C4)O)C5=C(C=CC(=C5)F)F
4117,DB14724,,
4118,DB14725,5284527.0,CN1C(=NN=N1)SCC2=C(N3C(C(C3=O)NC(=O)C(C4=CC=CC=C4)OC=O)SC2)C(=O)O
4119,DB14726,216210.0,CN1C2=C(C=C(C=C2)C(=O)N(CCC(=O)O)C3=CC=CC=N3)N=C1CNC4=CC=C(C=C4)C(=N)N
4120,DB14730,,
4121,DB14731,,
4122,DB14733,135413544.0,CC1=C(OC(=O)O1)COC(=O)N2CCC(C2)N3CCC(=CC4=C(N5C(C(C5=O)NC(=O)C(=NO)C6=NSC(=N6)N)SC4)C(=O)O)C3=O
4123,DB14737,2543.0,CCCCCC1=CC(=C2C(=C1)OC(C3=C2C=C(C=C3)C)(C)C)O
4124,DB14738,,
4125,DB14740,,
4126,DB14752,9457.0,CC(C(C1=CC=CC=C1)O)NC
4127,DB14754,10130337.0,C1=CC=C(C=C1)CC(COC(=O)N)N
4128,DB14762,,
4129,DB14763,9049.0,CC1(N=C(N=C(N1C2=CC=C(C=C2)Cl)N)N)C
4130,DB14765,11315474.0,C1CCC(C1)(C#N)C2=CC=C(C=C2)NC(=O)C3=C(N=CC=C3)NCC4=CC=NC=C4
4131,DB14776,,
4132,DB14777,91824766.0,CCC(C)C1C(=O)NC(C(=O)NC(C(=O)NC(C(=O)NC(C(=O)NC(C(=O)NC(C(=O)NC(C(=O)NC(C(=O)NC(C(=O)N2CCCC2C(=O)N3CCCC3C(=O)NC(C(=O)NC(C(=O)N1)CC4=CNC5=CC=CC=C54)C(C)O)CO)C)CCN)CCN)CC6=CNC7=CC=CC=C76)CCN)CCN)CCCN)CCN
4133,DB14778,,
4134,DB14783,73330464.0,COC(=O)C=CC(=O)OCCN1C(=O)CCC1=O
4135,DB14784,,
4136,DB14792,131634760.0,CC1=C2C(=NN1C)CSCC3=NN(C(=C3)CSC4=CC5=CC=CC=C5C(=C4)OCCCC6=C(N(C7=C6C=CC(=C27)Cl)C)C(=O)O)C
4137,DB14809,,
4138,DB14811,,
4139,DB14813,,
4140,DB14824,,
4141,DB14843,,
4142,DB14844,73777259.0,CC1=CC=CC=C1CN2C(=O)C3=C(CCN(C3)CC4=CC=CC=C4)N5C2=NCC5
4143,DB14860,56960363.0,CC1CN(CC(N1)C)C(=O)C2=CC=C(C=C2)NC(=O)C3=NN=C(C(=C3)OC(C)C4=C(C=CC(=C4Cl)F)Cl)N
4144,DB14864,,
4145,DB14865,,
4146,DB14871,,
4147,DB14877,,
4148,DB14891,,
4149,DB14897,,
4150,DB14905,,
4151,DB14906,118596336.0,CC(C)OC(=O)C(C)NP(=O)(OCC1(C(C(C(O1)N2C=CC(=O)NC2=O)(C)O)O)F)OC3=CC=CC=C3
4152,DB14907,,
4153,DB14908,,
4154,DB14919,,
4155,DB14930,9878109.0,CC1=CN(C(=O)NC1=O)C2CC(C(O2)CO)F
4156,DB14936,5283547.0,CC1=C(C(=O)C2=CC=CC=C2C1=O)CC=C(C)CCC=C(C)CCC=C(C)CCC=C(C)CCC=C(C)CCC=C(C)C
4157,DB14938,3395.0,CC(C1=CC(=C(C=C1)C2=CC=CC=C2)F)C(=O)OC(C)OC(=O)C
4158,DB14947,,
4159,DB14951,,
4160,DB14952,,
4161,DB14959,,
4162,DB14962,,
4163,DB14963,,
4164,DB14967,,
4165,DB14975,71602803.0,CC(C)N1C(=CC=N1)C2=C(C=CC=N2)COC3=CC=CC(=C3C=O)O
4166,DB14988,,
4167,DB14997,,
4168,DB14999,,
4169,DB15014,,
4170,DB15022,,
4171,DB15035,135565884.0,C=CC(=O)N1CCC(CC1)C2CCNC3=C(C(=NN23)C4=CC=C(C=C4)OC5=CC=CC=C5)C(=O)N
4172,DB15044,,
4173,DB15045,,
4174,DB15051,10387485.0,C1=CC=C2C(=C1)C(=O)N([Se]2)CCN3C(=O)C4=CC=CC=C4[Se]3
4175,DB15057,72386069.0,CC(C(=O)OCC1=CC=CC=C1)NP(=O)(OCC2C(C(C(O2)N3C=CC(=NC3=O)N)(F)F)O)OC4=CC=CC=C4
4176,DB15066,,
4177,DB15076,,
4178,DB15089,,
4179,DB15090,,
4180,DB15091,58557659.0,CCC1CN(CC1C2=CN=C3N2C4=C(NC=C4)N=C3)C(=O)NCC(F)(F)F
4181,DB15093,,
4182,DB15095,,
4183,DB15101,,
4184,DB15104,,
4185,DB15112,,
4186,DB15113,,
4187,DB15118,,
4188,DB15119,,
4189,DB15120,9976892.0,C1CC(C1)N2CCC3=C(CC2)C=C(C=C3)OC4=NC=C(C=C4)N5CCCC5=O
4190,DB15122,51041322.0,CC(CCCCN1C(=O)C2=C(N=CN2C)N(C1=O)C)O
4191,DB15130,59868.0,CCCNC1CCC2=C(C1)SC(=N2)N
4192,DB15131,,
4193,DB15135,,
4194,DB15157,67409219.0,CN1CCC(C1CO)C2=C(C=C(C3=C2OC(=CC3=O)C4=C(C=C(C=C4)C(F)(F)F)Cl)O)O
4195,DB15160,,
4196,DB15167,10021692.0,COC1=CC(=CC(=C1OC)C(=O)NCC2CCCN2CC=C)CCCF
4197,DB15171,,
4198,DB15172,,
4199,DB15192,24743471.0,CN1CC2CCN(C2C1)C3=CC=C(C=C3)C4=CC=C(C=C4)N5C(=O)C=CC=N5
4200,DB15193,60152109.0,CC(=C)C1CCC2(C1C3CCC4C(C3(CC2)C)(CCC5C4(CC=C(C5(C)C)C6=CC=C(C=C6)C(=O)O)C)C)NCCN7CCS(=O)(=O)CC7
4201,DB15197,5279172.0,C1=CC=C(C=C1)C2=NC(C(=O)NC3=CC=CC=C32)NC(=O)NC4=CC=CC=C4F
4202,DB15203,11616111.0,C1C(OC2=C(O1)C=C(C=C2)Cl)CNS(=O)(=O)N
4203,DB15206,90055716.0,CC(C)OC(=O)C(C)NP(=O)(OCC1C(C(C(O1)N2C=CC(=O)NC2=O)(C)Cl)O)OC3=CC=CC=C3
4204,DB15213,137699399.0,CC1C=CC=C(C(=O)NC2=C(C(=C3C(=C2O)C(=C(C4=C3C(=O)C(O4)(OC=CC(C(C(C(C(C(C1O)C)O)C)O)C)OC)C)C)O)O)C=NN5CCN(CC5)C6CCCC6)C
4205,DB15215,6440176.0,CCCCCCCCCC=CC=CC(=O)NCC(=O)NC1C(C(C(OC1C(CO)O)NC2=NC=NC3=C2NC=N3)O)O
4206,DB15217,,
4207,DB15225,,
4208,DB15233,118023034.0,CC(C1=CC=C(C=C1)F)(C2=CN=C(N=C2)N3CCN(CC3)C4=NC=NN5C4=CC(=C5)C6=CN(N=C6)C)N
4209,DB15245,91885568.0,CC1=CC(=C(N1C)C(=O)C(=O)NC2=CC=C(C=C2)N3CCN(CC3)C4=NC=C(C=N4)F)C5=CC=CC=C5
4210,DB15246,5281793.0,C1=CC(=C(C=C1CC(C(=O)O)OC(=O)C=CC2=C(C(=C(C=C2)O)O)C=CC3=CC(=C(C=C3)O)O)O)O
4211,DB15252,,
4212,DB15253,,
4213,DB15263,,
4214,DB15274,,
4215,DB15277,,
4216,DB15289,369312.0,CC(=C)C1CCC(=CC1)CO
4217,DB15290,,
4218,DB15300,91503.0,CCC1CN2CCC1CC2C(C3=C4C=C(C=CC4=NC=C3)OC)O
4219,DB15317,11249342.0,CC12CCN(C1N(C3=C2C=C(C=C3)OC(=O)NC4=CC=CC=C4)C)C
4220,DB15321,15940949.0,C1CCC(C1)OC(=O)C(C2=CC=CC=C2)NCC3=CC=C(C=C3)NC(=O)CCCCCCC(=O)NO
4221,DB15328,68748835.0,CC1C(CC(C(=O)N1CC(F)(F)F)NC(=O)C2=CC3=C(CC4(C3)C5=C(NC4=O)N=CC=C5)N=C2)C6=CC=CC=C6
4222,DB15332,,
4223,DB15334,5280373.0,COC1=CC=C(C=C1)C2=COC3=CC(=CC(=C3C2=O)O)O
4224,DB15335,5280378.0,COC1=CC=C(C=C1)C2=COC3=C(C2=O)C=CC(=C3)O
4225,DB15336,,
4226,DB15349,,
4227,DB15351,,
4228,DB15354,,
4229,DB15357,60809.0,CCCCCCOC1=NSN=C1C2=CCCN(C2)C
4230,DB15360,449698.0,CCC(=O)N(C1=CC=CC=C1)C2(CCN(CC2)CCC3=CC=CC=C3)C(=O)OC
4231,DB15363,,
4232,DB15366,,
4233,DB15381,14009404.0,CC1=C(C(=O)C2=CC=CC=C2C1=O)CC=C(C)CCC=C(C)CCC=C(C)CCC=C(C)CCC=C(C)C
4234,DB15383,,
4235,DB15394,92729.0,CC1=C(C=C2CCC(OC2=C1C)(C)CCCC(C)CCCC(C)CCCC(C)C)O
4236,DB15397,,
4237,DB15409,,
4238,DB15415,,
4239,DB15419,,
4240,DB15427,50313.0,C1=C(C(=O)NC(=O)N1C2C(C(C(O2)CO)O)F)I
4241,DB15428,,
4242,DB15432,,
4243,DB15441,,
4244,DB15443,,
4245,DB15444,134587348.0,CC1CC(N(C1)C2=C(C=CC(=N2)N3C=CC(=N3)OCC(C)(C)C(F)(F)F)C(=O)NS(=O)(=O)C4=CN(N=C4C)C)(C)C
4246,DB15445,8614.0,C1=CC=C(C(=C1)C(=O)NCC(=O)O)I
4247,DB15453,,
4248,DB15461,,
4249,DB15465,76314940.0,CN1CCC23C4C1CC5=C2C(=C(C=C5)OC)OC3C(=CC4)OC(=O)C6=CC=CC=C6
4250,DB15466,65924.0,CN1C=C(C=C1C(=O)NC2=CN(C(=C2)C(=O)NC3=CN(C(=C3)C(=O)NCCC(=N)N)C)C)NC(=O)C4=CC=C(C=C4)N(CCCl)CCCl
4251,DB15477,9866696.0,C1=CC2=C(C(=C1)O)C(=O)C3=C(C2C4C(C(C(C(O4)CO)O)O)O)C=C(C=C3O)CO
4252,DB15478,,
4253,DB15483,,
4254,DB15488,5281771.0,CC1C(C(C(C(O1)OC2C(C(OC(C2OC(=O)C=CC3=CC(=C(C=C3)O)O)COC4C(C(C(C(O4)CO)O)O)O)OCCC5=CC(=C(C=C5)O)O)O)O)O)O
4255,DB15492,57267.0,CCC1=CC(=C(C(=C1O)C(=O)NCC2CCCN2CC)OC)Cl
4256,DB15494,71661158.0,CC(C1C(=O)NC(CSSCC(C(=O)NC(C(=O)NC(C(=O)NC(C(=O)N1)CCCCN)CC2=CNC3=CC=CC=C32)CC4=CC=C(C=C4)O)NC(=O)C(CC5=CC=CC=C5)NC(=O)CN6CCN(CCN(CCN(CC6)CC(=O)[O-])CC(=O)[O-])CC(=O)[O-])C(=O)NC(CO)C(C)O)O.[Ga+3]
4257,DB15528,,
4258,DB15559,,
4259,DB15565,64766.0,C1CC(C(=O)N2C(CCCN2C1)C(=O)O)NC(CCC3=CC=CC=C3)C(=O)O
4260,DB15566,5834.0,CC(=O)OCC(=O)C1(CCC2C1(CC(C3C2CCC4=CC(=O)C=CC34C)O)C)O
4261,DB15593,,
4262,DB15595,,
4263,DB15598,169535.0,CC1=C(C(=O)C=CO1)[O-].CC1=C(C(=O)C=CO1)[O-].CC1=C(C(=O)C=CO1)[O-].[Fe+3]
4264,DB15617,86278348.0,C(C1C(C(C(C(O1)OCC2C(C(C(C(O2)OCC(C(C(C(CO)O)O)O)O)O)O)O)O)O)O)O.[Fe+3]
4265,DB15623,53361968.0,CC(C)CN(CC(C(CC1=CC=CC=C1)NC(=O)OC2COC3C2CCO3)O)S(=O)(=O)C4=CC5=C(C=C4)N=C(S5)NC6CCN(CC6)C7CCCC7
4266,DB15657,,
